cidade;film_id;title;total_alugueis
Lima;233;DISCIPLE MOTHER;3
Kurgan;228;DETECTIVE VISION;3
Trshavn;322;FLATLINERS KILLER;3
Sorocaba;111;CADDYSHACK JEDI;3
Mysore;388;GUNFIGHT MOON;2
Deba Habe;200;CURTAIN VIDEOTAPE;2
Mwene-Ditu;253;DRIFTER COMMANDMENTS;2
Kragujevac;880;TELEMARK HEARTBREAKERS;2
Allende;800;SINNERS ATLANTIS;2
Haining;131;CENTER DINOSAUR;2
Nabereznyje Telny;555;MALLRATS UNITED;2
Bhopal;353;GENTLEMEN STAGE;2
Owo;911;TRIP NEWTON;2
Rustenburg;387;GUN BONNIE;2
Balikesir;890;TIGHTS DAWN;2
Ranchi;926;UNTOUCHABLES SUNRISE;2
Grand Prairie;746;ROUGE SQUAD;2
Siliguri (Shiliguri);434;HORROR REIGN;2
Bucuresti;527;LOLA AGENT;2
Taguig;303;FANTASY TROOPERS;2
Sincelejo;863;SUN CONFESSIONS;2
Naju;63;BEDAZZLED MARRIED;2
Cape Coral;966;WEDDING APOLLO;2
Cuman;945;VIRGINIAN PLUTO;2
Caracas;4;AFFAIR PREJUDICE;2
Coatzacoalcos;861;SUIT WALLS;2
Ikerre;966;WEDDING APOLLO;2
Ezhou;109;BUTTERFLY CHOCOLAT;2
Balurghat;571;METAL ARMAGEDDON;2
Huaian;467;INTRIGUE WORST;2
Jining;158;CLONES PINOCCHIO;2
Kimchon;698;PRINCESS GIANT;2
Taguig;76;BIRDCAGE CASPER;2
Kakamigahara;25;ANGELS LIFE;2
Uluberia;486;JET NEIGHBORS;2
Dhaka;665;PATTON INTERVIEW;2
Botshabelo;484;JERK PAYCHECK;2
Amersfoort;869;SUSPECTS QUILLS;2
Balaiha;596;MOONSHINE CABIN;2
Mosul;911;TRIP NEWTON;2
Huejutla de Reyes;625;NONE SPIKING;2
Lungtan;361;GLEAMING JAWBREAKER;2
Battambang;646;OUTBREAK DIVINE;2
Patiala;838;STAGECOACH ARMAGEDDON;2
Memphis;103;BUCKET BROTHERHOOD;2
Livorno;489;JUGGLER HARDLY;2
Sumqayit;689;POLLOCK DELIVERANCE;2
Sasebo;317;FIREBALL PHILADELPHIA;2
Kisumu;865;SUNRISE LEAGUE;2
Ipoh;295;EXPENDABLE STALLION;2
Laredo;285;ENGLISH BULWORTH;2
Warren;807;SLEUTH ORIENT;2
Mit Ghamr;263;DURHAM PANKY;2
Blumenau;441;HUNTER ALTER;2
al-Hawiya;563;MASSACRE USUAL;2
Juazeiro do Norte;21;AMERICAN CIRCUS;2
Imus;486;JET NEIGHBORS;2
Jaffna;373;GRADUATE LORD;2
Uijongbu;747;ROXANNE REBEL;2
Qinhuangdao;481;JEKYLL FROGMEN;2
Pudukkottai;521;LIES TREATMENT;2
Pingxiang;172;CONEHEADS SMOOCHY;2
Cam Ranh;944;VIRGIN DAISY;2
Kitwe;563;MASSACRE USUAL;2
Baiyin;843;STEEL SANTA;2
Lima;611;MUSKETEERS WAIT;2
Coatzacoalcos;500;KISS GLORY;2
Daxian;562;MASKED BUBBLE;2
Cuautla;303;FANTASY TROOPERS;2
Suihua;649;OZ LIAISONS;2
Sumqayit;892;TITANIC BOONDOCK;2
Salamanca;603;MOVIE SHAKESPEARE;2
Halisahar;131;CENTER DINOSAUR;2
Lungtan;280;EMPIRE MALKOVICH;2
Wroclaw;518;LIAISONS SWEET;2
Liaocheng;231;DINOSAUR SECRETARY;2
Halifax;140;CHEAPER CLYDE;2
Sunnyvale;648;OUTLAW HANKY;2
Lungtan;945;VIRGINIAN PLUTO;2
Datong;267;EAGLES PANKY;2
Kimberley;875;TALENTED HOMICIDE;2
Zanzibar;111;CADDYSHACK JEDI;2
South Hill;181;CONTACT ANONYMOUS;2
Hsichuh;697;PRIMARY GLASS;2
Laohekou;985;WONDERLAND CHRISTMAS;2
Springs;856;STREETCAR INTENTIONS;2
Boa Vista;970;WESTWARD SEABISCUIT;2
Juazeiro do Norte;307;FELLOWSHIP AUTUMN;2
Bucuresti;737;ROCK INSTINCT;2
Laredo;807;SLEUTH ORIENT;2
Sorocaba;973;WIFE TURN;2
Cabuyao;367;GOLDMINE TYCOON;2
Davao;280;EMPIRE MALKOVICH;2
Pak Kret;869;SUSPECTS QUILLS;2
Tychy;245;DOUBLE WRATH;2
Bergamo;574;MIDNIGHT WESTWARD;2
Halle/Saale;445;HYDE DOCTOR;2
Huixquilucan;1000;ZORRO ARK;2
Monywa;906;TRAMP OTHERS;2
La Romana;302;FANTASIA PARK;2
Izumisano;114;CAMELOT VACATION;2
Lima;555;MALLRATS UNITED;2
Tanauan;820;SONS INTERVIEW;2
Meixian;979;WITCHES PANIC;2
Haldia;341;FROST HEAD;2
Tambaram;115;CAMPUS REMEMBER;2
Lapu-Lapu;11;ALAMO VIDEOTAPE;2
El Fuerte;437;HOUSE DYNAMITE;2
Hsichuh;220;DEER VIRGINIAN;2
Arak;462;INSIDER ARIZONA;2
Coatzacoalcos;542;LUST LOCK;2
Tangail;531;LOSE INCH;2
Vila Velha;738;ROCKETEER MOTHER;2
Shubra al-Khayma;73;BINGO TALENTED;2
Maring;738;ROCKETEER MOTHER;2
Birgunj;893;TITANS JERK;2
Liepaja;602;MOURNING PURPLE;2
Richmond Hill;941;VIDEOTAPE ARSENIC;2
Moscow;979;WITCHES PANIC;2
Ourense (Orense);595;MOON BUNCH;2
Yamuna Nagar;737;ROCK INSTINCT;2
Sokoto;311;FICTION CHRISTMAS;2
Juiz de Fora;803;SLACKER LIAISONS;2
Naju;581;MINORITY KISS;2
Shubra al-Khayma;773;SEABISCUIT PUNK;2
Papeete;869;SUSPECTS QUILLS;2
Gatineau;78;BLACKOUT PRIVATE;2
Balikesir;307;FELLOWSHIP AUTUMN;2
Tokat;644;OSCAR GOLD;2
Yangor;814;SNATCH SLIPPER;2
Cuauhtmoc;141;CHICAGO NORTH;2
Arlington;595;MOON BUNCH;2
Bhilwara;381;GRINCH MASSAGE;2
Jalib al-Shuyukh;170;COMMAND DARLING;2
San Felipe del Progreso;271;EASY GLADIATOR;2
Leshan;753;RUSH GOODFELLAS;2
Tabora;536;LOVELY JINGLE;2
Pak Kret;49;BADMAN DAWN;2
Gandhinagar;961;WASH HEAVENLY;2
Florencia;753;RUSH GOODFELLAS;2
Rancagua;360;GLASS DYING;2
Southampton;676;PHILADELPHIA WIFE;2
Gatineau;273;EFFECT GLADIATOR;2
Kuching;242;DOOM DANCING;2
al-Qatif;953;WAIT CIDER;2
Ueda;690;POND SEATTLE;2
Tianjin;535;LOVE SUICIDES;2
Tandil;741;ROMAN PUNK;2
Kaduna;995;YENTL IDAHO;2
Probolinggo;579;MINDS TRUMAN;2
Ourense (Orense);646;OUTBREAK DIVINE;2
Bhopal;116;CANDIDATE PERDITION;2
Iwakuni;953;WAIT CIDER;2
Bijapur;972;WHISPERER GIANT;2
Tangail;952;WAGON JAWS;2
Bayugan;638;OPERATION OPERATION;2
Ibirit;120;CARIBBEAN LIBERTY;2
Ljubertsy;576;MIGHTY LUCK;2
Udine;86;BOOGIE AMELIE;2
Sousse;440;HUNGER ROOF;2
Beni-Mellal;880;TELEMARK HEARTBREAKERS;2
Najafabad;504;KWAI HOMEWARD;2
Baha Blanca;619;NEIGHBORS CHARADE;2
Faaa;785;SHAWSHANK BUBBLE;2
Hoshiarpur;915;TRUMAN CRAZY;2
Oulu;21;AMERICAN CIRCUS;2
Greensboro;206;DANCING FEVER;2
Halle/Saale;972;WHISPERER GIANT;2
Rio Claro;951;VOYAGE LEGALLY;2
Valparai;460;INNOCENT USUAL;2
Benguela;502;KNOCK WARLOCK;2
Nador;941;VIDEOTAPE ARSENIC;2
Jining;214;DAUGHTER MADIGAN;2
Uijongbu;254;DRIVER ANNIE;2
Inegl;388;GUNFIGHT MOON;2
Chiayi;929;USUAL UNTOUCHABLES;2
Mannheim;326;FLYING HOOK;2
Lima;643;ORIENT CLOSER;2
London;209;DARKNESS WAR;2
Tandil;629;NOTORIOUS REUNION;2
Salinas;341;FROST HEAD;2
Hamilton;554;MALKOVICH PET;2
Baha Blanca;298;EYES DRIVING;2
Kalisz;756;SADDLE ANTITRUST;2
Braslia;575;MIDSUMMER GROUNDHOG;2
Chandrapur;987;WORDS HUNTER;2
Sasebo;663;PATIENT SISTER;2
Yangor;854;STRANGERS GRAFFITI;2
Fuyu;805;SLEEPLESS MONSOON;2
Cabuyao;603;MOVIE SHAKESPEARE;2
Tiefa;568;MEMENTO ZOOLANDER;2
Apeldoorn;215;DAWN POND;2
Santa Brbara dOeste;973;WIFE TURN;2
Kamjanets-Podilskyi;220;DEER VIRGINIAN;2
Memphis;856;STREETCAR INTENTIONS;2
Ife;95;BREAKFAST GOLDFINGER;2
London;127;CAT CONEHEADS;2
Donostia-San Sebastin;723;REIGN GENTLEMEN;2
Bhavnagar;561;MASK PEACH;2
Huaian;143;CHILL LUCK;2
Brindisi;588;MODEL FISH;2
Dundee;973;WIFE TURN;2
Satna;207;DANGEROUS UPTOWN;2
Dhule (Dhulia);12;ALASKA PHANTOM;2
Tegal;942;VIETNAM SMOOCHY;2
Miraj;165;COLDBLOODED DARLING;2
Kamyin;745;ROSES TREASURE;2
Plock;113;CALIFORNIA BIRDS;2
Vilnius;873;SWEETHEARTS SUSPECTS;2
Avellaneda;84;BOILED DARES;2
Graz;645;OTHERS SOUP;2
Zhezqazghan;12;ALASKA PHANTOM;2
Abu Dhabi;353;GENTLEMEN STAGE;2
Bat Yam;297;EXTRAORDINARY CONQUERER;1
Munger (Monghyr);981;WOLVES DESIRE;1
Baybay;758;SAINTS BRIDE;1
Boksburg;730;RIDGEMONT SUBMARINE;1
Madiun;491;JUMPING WRATH;1
Uruapan;938;VELVET TERMINATOR;1
Ruse;300;FALCON VOLUME;1
Idfu;982;WOMEN DORADO;1
Carmen;116;CANDIDATE PERDITION;1
Tonghae;135;CHANCE RESURRECTION;1
Bayugan;89;BORROWERS BEDAZZLED;1
Iwaki;366;GOLDFINGER SENSIBILITY;1
Roanoke;23;ANACONDA CONFESSIONS;1
Tangail;250;DRAGON SQUAD;1
Daugavpils;611;MUSKETEERS WAIT;1
Touliu;649;OZ LIAISONS;1
Warren;575;MIDSUMMER GROUNDHOG;1
Zanzibar;986;WONKA SEA;1
Mardan;707;QUEST MUSSOLINI;1
Brescia;234;DISTURBING SCARFACE;1
Tarlac;775;SEATTLE EXPECATIONS;1
Dzerzinsk;608;MURDER ANTITRUST;1
Omiya;880;TELEMARK HEARTBREAKERS;1
Lubumbashi;132;CHAINSAW UPTOWN;1
Tel Aviv-Jaffa;391;HALF OUTFIELD;1
Lapu-Lapu;973;WIFE TURN;1
Johannesburg;272;EDGE KISSING;1
Emmen;340;FRONTIER CABIN;1
Chandrapur;462;INSIDER ARIZONA;1
Hanoi;856;STREETCAR INTENTIONS;1
Buenaventura;465;INTERVIEW LIAISONS;1
Konotop;416;HIGHBALL POTTER;1
Lancaster;346;GALAXY SWEETHEARTS;1
Newcastle;86;BOOGIE AMELIE;1
Shikarpur;689;POLLOCK DELIVERANCE;1
Balaiha;897;TORQUE BOUND;1
Antofagasta;970;WESTWARD SEABISCUIT;1
Saint-Denis;75;BIRD INDEPENDENCE;1
Salzburg;184;CORE SUIT;1
Luzinia;155;CLEOPATRA DEVIL;1
Simferopol;271;EASY GLADIATOR;1
Parbhani;377;GREASE YOUTH;1
Nuuk;289;EVE RESURRECTION;1
Yuzhou;782;SHAKESPEARE SADDLE;1
Garden Grove;285;ENGLISH BULWORTH;1
Ourense (Orense);946;VIRTUAL SPOILERS;1
ostka;831;SPIRITED CASUALTIES;1
Beira;51;BALLOON HOMEWARD;1
Buenaventura;1000;ZORRO ARK;1
Batna;492;JUNGLE CLOSER;1
Cianjur;488;JOON NORTHWEST;1
Ivanovo;370;GORGEOUS BINGO;1
Kalisz;260;DUDE BLINDNESS;1
Pyongyang;570;MERMAID INSECTS;1
Cabuyao;432;HOPE TOOTSIE;1
Nuuk;677;PIANIST OUTFIELD;1
Taizz;139;CHASING FIGHT;1
Shimonoseki;456;INCH JET;1
Sousse;637;OPEN AFRICAN;1
San Bernardino;421;HOLIDAY GAMES;1
Bandar Seri Begawan;793;SHRUNK DIVINE;1
Baha Blanca;820;SONS INTERVIEW;1
Bratislava;288;ESCAPE METROPOLIS;1
Bradford;215;DAWN POND;1
Myingyan;19;AMADEUS HOLY;1
Haiphong;281;ENCINO ELF;1
Fuzhou;958;WARDROBE PHANTOM;1
Ueda;393;HALLOWEEN NUTS;1
Pavlodar;418;HOBBIT ALIEN;1
Kermanshah;226;DESTINY SATURDAY;1
Tokat;5;AFRICAN EGG;1
Higashiosaka;845;STEPMOM DREAM;1
Hiroshima;797;SILENCE KANE;1
El Monte;30;ANYTHING SAVANNAH;1
Manchester;705;PURPLE MOVIE;1
Witten;914;TROUBLE DATE;1
Tanauan;916;TURN STAR;1
Pudukkottai;575;MIDSUMMER GROUNDHOG;1
Zhoushan;252;DREAM PICKUP;1
Changhwa;443;HURRICANE AFFAIR;1
Kamjanets-Podilskyi;139;CHASING FIGHT;1
Laohekou;624;NIGHTMARE CHILL;1
Joliet;786;SHEPHERD MIDSUMMER;1
Portoviejo;803;SLACKER LIAISONS;1
Hanoi;578;MILLION ACE;1
Sullana;781;SEVEN SWARM;1
Konotop;655;PANTHER REDS;1
Toulouse;775;SEATTLE EXPECATIONS;1
Botshabelo;357;GILBERT PELICAN;1
Lublin;666;PAYCHECK WAIT;1
Kabul;406;HAUNTING PIANIST;1
Jamalpur;168;COMANCHEROS ENEMY;1
Fuyu;932;VALLEY PACKER;1
Lincoln;308;FERRIS MOTHER;1
Banjul;205;DANCES NONE;1
Shaoguan;18;ALTER VICTORY;1
Zaoyang;850;STORY SIDE;1
Tete;158;CLONES PINOCCHIO;1
Hodeida;267;EAGLES PANKY;1
Niznekamsk;573;MICROCOSMOS PARADISE;1
Tokat;581;MINORITY KISS;1
Rae Bareli;484;JERK PAYCHECK;1
Sanaa;913;TROOPERS METAL;1
Bradford;580;MINE TITANS;1
al-Hawiya;938;VELVET TERMINATOR;1
Kamjanets-Podilskyi;266;DYNAMITE TARZAN;1
Ashdod;116;CANDIDATE PERDITION;1
Memphis;516;LEGEND JEDI;1
Jalib al-Shuyukh;290;EVERYONE CRAFT;1
Caracas;292;EXCITEMENT EVE;1
Arak;512;LEAGUE HELLFIGHTERS;1
Basel;618;NECKLACE OUTBREAK;1
Pathankot;796;SIERRA DIVIDE;1
Varanasi (Benares);491;JUMPING WRATH;1
Surakarta;750;RUN PACIFIC;1
Naala-Porto;563;MASSACRE USUAL;1
Olomouc;10;ALADDIN CALENDAR;1
Faaa;60;BEAST HUNCHBACK;1
al-Qatif;395;HANDICAP BOONDOCK;1
Kuching;310;FEVER EMPIRE;1
Crdoba;679;PILOT HOOSIERS;1
Denizli;349;GANGS PRIDE;1
Madiun;772;SEA VIRGIN;1
Lapu-Lapu;502;KNOCK WARLOCK;1
Lubumbashi;142;CHICKEN HELLFIGHTERS;1
Rancagua;232;DIRTY ACE;1
Anpolis;535;LOVE SUICIDES;1
Nha Trang;818;SOMETHING DUCK;1
Escobar;479;JEDI BENEATH;1
Lipetsk;986;WONKA SEA;1
Newcastle;294;EXPECATIONS NATURAL;1
Cape Coral;327;FOOL MOCKINGBIRD;1
Myingyan;740;ROLLERCOASTER BRINGING;1
Simferopol;816;SNOWMAN ROLLERCOASTER;1
Donostia-San Sebastin;879;TELEGRAPH VOYAGE;1
Bijapur;147;CHOCOLAT HARRY;1
Wroclaw;727;RESURRECTION SILVERADO;1
Lhokseumawe;203;DAISY MENAGERIE;1
Tabriz;603;MOVIE SHAKESPEARE;1
Guadalajara;457;INDEPENDENCE HOTEL;1
Omiya;337;FRIDA SLIPPER;1
Shivapuri;759;SALUTE APOLLO;1
Araatuba;813;SMOOCHY CONTROL;1
Pontianak;601;MOULIN WAKE;1
San Felipe de Puerto Plata;301;FAMILY SWEET;1
Zhoushan;728;REUNION WITCHES;1
Shimoga;284;ENEMY ODDS;1
Springs;303;FANTASY TROOPERS;1
Jaroslavl;759;SALUTE APOLLO;1
Coquimbo;304;FARGO GANDHI;1
Tama;906;TRAMP OTHERS;1
Rampur;78;BLACKOUT PRIVATE;1
Hamilton;628;NORTHWEST POLISH;1
Talavera;757;SAGEBRUSH CLUELESS;1
Botosani;417;HILLS NEIGHBORS;1
Xinxiang;433;HORN WORKING;1
Jelets;637;OPEN AFRICAN;1
Donostia-San Sebastin;820;SONS INTERVIEW;1
Ikerre;158;CLONES PINOCCHIO;1
Ocumare del Tuy;382;GRIT CLOCKWORK;1
Ahmadnagar;316;FIRE WOLVES;1
Maracabo;749;RULES HUMAN;1
Vilnius;26;ANNIE IDENTITY;1
Skikda;763;SATISFACTION CONFIDENTIAL;1
Caracas;15;ALIEN CENTER;1
Paarl;70;BIKINI BORROWERS;1
Lengshuijiang;366;GOLDFINGER SENSIBILITY;1
Zanzibar;836;SQUAD FISH;1
al-Qatif;268;EARLY HOME;1
Tabriz;203;DAISY MENAGERIE;1
Tel Aviv-Jaffa;764;SATURDAY LAMBS;1
Iwakuni;117;CANDLES GRAPES;1
Dayton;996;YOUNG LANGUAGE;1
Jinzhou;902;TRADING PINOCCHIO;1
Elista;770;SCISSORHANDS SLUMS;1
Stara Zagora;619;NEIGHBORS CHARADE;1
Lausanne;803;SLACKER LIAISONS;1
Quilmes;819;SONG HEDWIG;1
Warren;255;DRIVING POLISH;1
Adana;457;INDEPENDENCE HOTEL;1
Malm;91;BOUND CHEAPER;1
Dos Quebradas;172;CONEHEADS SMOOCHY;1
Aurora;788;SHIP WONDERLAND;1
Cuman;728;REUNION WITCHES;1
Lincoln;77;BIRDS PERDITION;1
Shanwei;344;FURY MURDER;1
A Corua (La Corua);184;CORE SUIT;1
La Plata;34;ARABIA DOGMA;1
Cape Coral;800;SINNERS ATLANTIS;1
Richmond Hill;702;PULP BEVERLY;1
Datong;936;VANISHING ROCKY;1
Shikarpur;789;SHOCK CABIN;1
Boksburg;926;UNTOUCHABLES SUNRISE;1
Buenaventura;901;TRACY CIDER;1
Yaound;553;MAKER GABLES;1
Sucre;465;INTERVIEW LIAISONS;1
Chungho;776;SECRET GROUNDHOG;1
Hodeida;684;PIZZA JUMANJI;1
Okayama;628;NORTHWEST POLISH;1
Beira;768;SCARFACE BANG;1
Weifang;354;GHOST GROUNDHOG;1
Funafuti;588;MODEL FISH;1
Udaipur;731;RIGHT CRANES;1
Kowloon and New Kowloon;37;ARIZONA BANG;1
Kuwana;211;DARLING BREAKING;1
Tokat;73;BINGO TALENTED;1
Newcastle;96;BREAKING HOME;1
Patiala;973;WIFE TURN;1
Erlangen;301;FAMILY SWEET;1
Joliet;334;FREDDY STORM;1
Greensboro;925;UNITED PILOT;1
Ciomas;933;VAMPIRE WHALE;1
Oshawa;95;BREAKFAST GOLDFINGER;1
Uluberia;650;PACIFIC AMISTAD;1
Fukuyama;188;CRAZY HOME;1
Kakamigahara;787;SHINING ROSES;1
Emeishan;568;MEMENTO ZOOLANDER;1
Ashqelon;127;CAT CONEHEADS;1
Szkesfehrvr;848;STONE FIRE;1
Ibirit;932;VALLEY PACKER;1
Ondo;262;DUMBO LUST;1
Cabuyao;525;LOATHING LEGALLY;1
Toulon;377;GREASE YOUTH;1
Phnom Penh;679;PILOT HOOSIERS;1
Sumqayit;68;BETRAYED REAR;1
So Leopoldo;140;CHEAPER CLYDE;1
Skikda;707;QUEST MUSSOLINI;1
Syrakusa;387;GUN BONNIE;1
San Juan Bautista Tuxtepec;172;CONEHEADS SMOOCHY;1
Kamyin;870;SWARM GOLD;1
Bern;89;BORROWERS BEDAZZLED;1
Sirjan;851;STRAIGHT HOURS;1
Chungho;930;VACATION BOONDOCK;1
Ciomas;614;NAME DETECTIVE;1
Baybay;989;WORKING MICROCOSMOS;1
Liaocheng;790;SHOOTIST SUPERFLY;1
Santa Rosa;365;GOLD RIVER;1
Stockport;160;CLUB GRAFFITI;1
Tiefa;107;BUNCH MINDS;1
Ede;834;SPOILERS HELLFIGHTERS;1
Patiala;140;CHEAPER CLYDE;1
Otsu;358;GILMORE BOILED;1
Oyo;295;EXPENDABLE STALLION;1
Kimberley;789;SHOCK CABIN;1
Ezhou;239;DOGMA FAMILY;1
Tychy;250;DRAGON SQUAD;1
Le Mans;870;SWARM GOLD;1
Syrakusa;339;FROGMEN BREAKING;1
Buenaventura;995;YENTL IDAHO;1
Atinsk;460;INNOCENT USUAL;1
London;179;CONQUERER NUTS;1
Yinchuan;51;BALLOON HOMEWARD;1
Rampur;598;MOSQUITO ARMAGEDDON;1
Lilongwe;688;POLISH BROOKLYN;1
Chisinau;228;DETECTIVE VISION;1
Kumbakonam;314;FIGHT JAWBREAKER;1
Ourense (Orense);987;WORDS HUNTER;1
Mexicali;906;TRAMP OTHERS;1
Bergamo;21;AMERICAN CIRCUS;1
Hidalgo;4;AFFAIR PREJUDICE;1
Korla;554;MALKOVICH PET;1
Po;428;HOMICIDE PEACH;1
Olomouc;252;DREAM PICKUP;1
Cape Coral;226;DESTINY SATURDAY;1
Qalyub;684;PIZZA JUMANJI;1
Beni-Mellal;159;CLOSER BANG;1
Dzerzinsk;39;ARMAGEDDON LOST;1
Hodeida;227;DETAILS PACKER;1
Inegl;184;CORE SUIT;1
Jaroslavl;971;WHALE BIKINI;1
Charlotte Amalie;818;SOMETHING DUCK;1
Sorocaba;263;DURHAM PANKY;1
Sultanbeyli;498;KILLER INNOCENT;1
Weifang;257;DRUMLINE CYCLONE;1
Asuncin;606;MUMMY CREATURES;1
Tuguegarao;971;WHALE BIKINI;1
Witten;882;TENENBAUMS COMMAND;1
Aparecida de Goinia;916;TURN STAR;1
Klerksdorp;782;SHAKESPEARE SADDLE;1
Ciudad del Este;176;CONGENIALITY QUEST;1
Nezahualcyotl;970;WESTWARD SEABISCUIT;1
A Corua (La Corua);308;FERRIS MOTHER;1
Naju;398;HANOVER GALAXY;1
Zeleznogorsk;45;ATTRACTION NEWTON;1
Balurghat;109;BUTTERFLY CHOCOLAT;1
Tiefa;12;ALASKA PHANTOM;1
Gatineau;468;INVASION CYCLONE;1
Kamakura;863;SUN CONFESSIONS;1
Ljubertsy;132;CHAINSAW UPTOWN;1
Santiago de Compostela;232;DIRTY ACE;1
Nukualofa;428;HOMICIDE PEACH;1
Coacalco de Berriozbal;831;SPIRITED CASUALTIES;1
Dhule (Dhulia);460;INNOCENT USUAL;1
Oyo;49;BADMAN DAWN;1
Ciomas;599;MOTHER OLEANDER;1
Salamanca;633;OCTOBER SUBMARINE;1
Vaduz;807;SLEUTH ORIENT;1
Aden;153;CITIZEN SHREK;1
Kirovo-Tepetsk;791;SHOW LORD;1
Dundee;494;KARATE MOON;1
Huejutla de Reyes;917;TUXEDO MILE;1
Ruse;129;CAUSE DATE;1
Poos de Caldas;74;BIRCH ANTITRUST;1
Santa Rosa;65;BEHAVIOR RUNAWAY;1
Baicheng;306;FEATHERS METAL;1
Peoria;12;ALASKA PHANTOM;1
Phnom Penh;696;PRIDE ALAMO;1
Vitria de Santo Anto;995;YENTL IDAHO;1
Molodetno;514;LEBOWSKI SOLDIERS;1
Miyakonojo;590;MONEY HAROLD;1
Ife;465;INTERVIEW LIAISONS;1
Yuzhou;483;JERICHO MULAN;1
Tokat;692;POTLUCK MIXED;1
Tabriz;235;DIVIDE MONSTER;1
Kuching;542;LUST LOCK;1
Stara Zagora;1000;ZORRO ARK;1
Jaipur;86;BOOGIE AMELIE;1
London;167;COMA HEAD;1
Enshi;651;PACKER MADIGAN;1
Bchar;972;WHISPERER GIANT;1
Tanza;352;GATHERING CALENDAR;1
Bhavnagar;39;ARMAGEDDON LOST;1
Qinhuangdao;724;REMEMBER DIARY;1
Touliu;733;RIVER OUTLAW;1
Jastrzebie-Zdrj;797;SILENCE KANE;1
Ezeiza;376;GRAPES FURY;1
El Fuerte;734;ROAD ROXANNE;1
Sanya;651;PACKER MADIGAN;1
Johannesburg;220;DEER VIRGINIAN;1
Celaya;199;CUPBOARD SINNERS;1
Jastrzebie-Zdrj;241;DONNIE ALLEY;1
Coacalco de Berriozbal;512;LEAGUE HELLFIGHTERS;1
Gaziantep;899;TOWERS HURRICANE;1
Brescia;135;CHANCE RESURRECTION;1
Lhokseumawe;424;HOLOCAUST HIGHBALL;1
Bydgoszcz;882;TENENBAUMS COMMAND;1
Santo Andr;764;SATURDAY LAMBS;1
Xinxiang;286;ENOUGH RAGING;1
Arak;961;WASH HEAVENLY;1
Higashiosaka;35;ARACHNOPHOBIA ROLLERCOASTER;1
Mysore;814;SNATCH SLIPPER;1
Ife;528;LOLITA WORLD;1
Southend-on-Sea;615;NASH CHOCOLAT;1
Nha Trang;668;PEAK FOREVER;1
Fuzhou;43;ATLANTIS CAUSE;1
Bhusawal;834;SPOILERS HELLFIGHTERS;1
Serpuhov;936;VANISHING ROCKY;1
Coatzacoalcos;843;STEEL SANTA;1
Pemalang;266;DYNAMITE TARZAN;1
Robamba;514;LEBOWSKI SOLDIERS;1
Najafabad;212;DARN FORRESTER;1
Isesaki;528;LOLITA WORLD;1
Lengshuijiang;836;SQUAD FISH;1
Garden Grove;959;WARLOCK WEREWOLF;1
Dos Quebradas;884;TERMINATOR CLUB;1
Valencia;50;BAKED CLEOPATRA;1
Crdoba;433;HORN WORKING;1
Wroclaw;285;ENGLISH BULWORTH;1
Zaoyang;51;BALLOON HOMEWARD;1
Saint Louis;985;WONDERLAND CHRISTMAS;1
Tongliao;759;SALUTE APOLLO;1
Sungai Petani;644;OSCAR GOLD;1
Merlo;458;INDIAN LOVE;1
Nantou;37;ARIZONA BANG;1
Sivas;683;PITY BOUND;1
Kamakura;827;SPICE SORORITY;1
Sharja;394;HAMLET WISDOM;1
Uruapan;123;CASABLANCA SUPER;1
Haining;545;MADNESS ATTACKS;1
Kaduna;973;WIFE TURN;1
Tychy;308;FERRIS MOTHER;1
Nam Dinh;783;SHANE DARKNESS;1
Yerevan;624;NIGHTMARE CHILL;1
Patiala;149;CHRISTMAS MOONSHINE;1
Haldia;937;VARSITY TRIP;1
Ashgabat;299;FACTORY DRAGON;1
Jining;1000;ZORRO ARK;1
Usak;6;AGENT TRUMAN;1
Boksburg;653;PANIC CLUB;1
Nanyang;1000;ZORRO ARK;1
Boksburg;18;ALTER VICTORY;1
Datong;114;CAMELOT VACATION;1
Sungai Petani;409;HEARTBREAKERS BRIGHT;1
Huixquilucan;422;HOLLOW JEOPARDY;1
Baybay;971;WHALE BIKINI;1
El Alto;253;DRIFTER COMMANDMENTS;1
Lengshuijiang;109;BUTTERFLY CHOCOLAT;1
Garland;427;HOMEWARD CIDER;1
Bern;294;EXPECATIONS NATURAL;1
Shimoga;505;LABYRINTH LEAGUE;1
Stockport;991;WORST BANGER;1
Baybay;271;EASY GLADIATOR;1
Izumisano;707;QUEST MUSSOLINI;1
Santo Andr;765;SATURN NAME;1
Udaipur;81;BLINDNESS GUN;1
Mexicali;453;IMAGE PRINCESS;1
Luzinia;827;SPICE SORORITY;1
Greensboro;236;DIVINE RESURRECTION;1
Loja;534;LOUISIANA HARRY;1
Cianjur;208;DARES PLUTO;1
Nagareyama;352;GATHERING CALENDAR;1
Changhwa;970;WESTWARD SEABISCUIT;1
Xintai;400;HARDLY ROBBERS;1
Jelets;865;SUNRISE LEAGUE;1
Dundee;512;LEAGUE HELLFIGHTERS;1
Fuzhou;160;CLUB GRAFFITI;1
Jastrzebie-Zdrj;98;BRIGHT ENCOUNTERS;1
Yamuna Nagar;186;CRAFT OUTFIELD;1
Tychy;972;WHISPERER GIANT;1
Cabuyao;17;ALONE TRIP;1
Halisahar;199;CUPBOARD SINNERS;1
Rampur;5;AFRICAN EGG;1
Klerksdorp;463;INSTINCT AIRPORT;1
Pontianak;631;NOVOCAINE FLIGHT;1
Amersfoort;119;CAPER MOTIONS;1
Purnea (Purnia);767;SCALAWAG DUCK;1
Matamoros;424;HOLOCAUST HIGHBALL;1
Bhimavaram;380;GREEK EVERYONE;1
Vicente Lpez;456;INCH JET;1
Brindisi;556;MALTESE HOPE;1
Sullana;600;MOTIONS DETAILS;1
Kakamigahara;710;RAGE GAMES;1
Botosani;970;WESTWARD SEABISCUIT;1
La Plata;609;MUSCLE BRIGHT;1
Soshanguve;527;LOLA AGENT;1
Botosani;676;PHILADELPHIA WIFE;1
Madiun;122;CARRIE BUNCH;1
Kilis;374;GRAFFITI LOVE;1
Talavera;369;GOODFELLAS SALUTE;1
Cuernavaca;185;COWBOY DOOM;1
Jurez;57;BASIC EASY;1
Tel Aviv-Jaffa;70;BIKINI BORROWERS;1
Cayenne;452;ILLUSION AMELIE;1
Iwakuni;346;GALAXY SWEETHEARTS;1
Garland;993;WRONG BEHAVIOR;1
Chandrapur;873;SWEETHEARTS SUSPECTS;1
Mogiljov;948;VOICE PEACH;1
Pak Kret;319;FISH OPUS;1
El Fuerte;249;DRACULA CRYSTAL;1
Dongying;819;SONG HEDWIG;1
Nagareyama;480;JEEPERS WEDDING;1
Kabul;786;SHEPHERD MIDSUMMER;1
Araatuba;611;MUSKETEERS WAIT;1
Brindisi;422;HOLLOW JEOPARDY;1
Baku;738;ROCKETEER MOTHER;1
Dadu;342;FUGITIVE MAGUIRE;1
Southend-on-Sea;973;WIFE TURN;1
Munger (Monghyr);311;FICTION CHRISTMAS;1
Valparai;319;FISH OPUS;1
Czestochowa;936;VANISHING ROCKY;1
Adana;732;RINGS HEARTBREAKERS;1
Ezeiza;55;BARBARELLA STREETCAR;1
Coquimbo;828;SPIKING ELEMENT;1
Gingoog;366;GOLDFINGER SENSIBILITY;1
Korolev;948;VOICE PEACH;1
Udaipur;875;TALENTED HOMICIDE;1
Zapopan;690;POND SEATTLE;1
Sultanbeyli;918;TWISTED PIRATES;1
Amroha;776;SECRET GROUNDHOG;1
Liepaja;350;GARDEN ISLAND;1
Hami;412;HEAVYWEIGHTS BEAST;1
Oshawa;814;SNATCH SLIPPER;1
Kamjanets-Podilskyi;448;IDAHO LOVE;1
Imus;811;SMILE EARRING;1
Salzburg;349;GANGS PRIDE;1
Ponce;623;NEWTON LABYRINTH;1
Ktahya;323;FLIGHT LIES;1
Saarbrcken;72;BILL OTHERS;1
Gandhinagar;433;HORN WORKING;1
Poos de Caldas;692;POTLUCK MIXED;1
Firozabad;543;MADIGAN DORADO;1
Mexicali;542;LUST LOCK;1
Qomsheh;183;CONVERSATION DOWNHILL;1
Ibirit;964;WATERFRONT DELIVERANCE;1
Salzburg;639;OPPOSITE NECKLACE;1
Stara Zagora;929;USUAL UNTOUCHABLES;1
Talavera;154;CLASH FREDDY;1
Dallas;367;GOLDMINE TYCOON;1
Fontana;130;CELEBRITY HORN;1
Baybay;565;MATRIX SNOWMAN;1
Siliguri (Shiliguri);355;GHOSTBUSTERS ELF;1
Stockport;841;STAR OPERATION;1
Adana;823;SOUTH WAIT;1
Olomouc;730;RIDGEMONT SUBMARINE;1
Shahr-e Kord;853;STRANGER STRANGERS;1
Smolensk;892;TITANIC BOONDOCK;1
Akishima;239;DOGMA FAMILY;1
Deba Habe;890;TIGHTS DAWN;1
Tel Aviv-Jaffa;531;LOSE INCH;1
Ezeiza;536;LOVELY JINGLE;1
Jastrzebie-Zdrj;278;ELF MURDER;1
Tafuna;989;WORKING MICROCOSMOS;1
Tsuyama;706;QUEEN LUKE;1
Memphis;47;BABY HALL;1
Jinzhou;849;STORM HAPPINESS;1
Garden Grove;626;NOON PAPI;1
Simferopol;647;OUTFIELD MASSACRE;1
Idfu;484;JERK PAYCHECK;1
Tanza;23;ANACONDA CONFESSIONS;1
Juiz de Fora;197;CRUSADE HONEY;1
Balikesir;135;CHANCE RESURRECTION;1
Ashdod;277;ELEPHANT TROJAN;1
Dadu;518;LIAISONS SWEET;1
Jaipur;800;SINNERS ATLANTIS;1
Hunuco;307;FELLOWSHIP AUTUMN;1
Ueda;735;ROBBERS JOON;1
Kisumu;222;DESERT POSEIDON;1
Baku;165;COLDBLOODED DARLING;1
Olomouc;283;ENDING CROWDS;1
Rajkot;621;NETWORK PEAK;1
Zalantun;406;HAUNTING PIANIST;1
Bag;396;HANGING DEEP;1
Elista;873;SWEETHEARTS SUSPECTS;1
Mukateve;692;POTLUCK MIXED;1
Vicente Lpez;599;MOTHER OLEANDER;1
Roanoke;559;MARRIED GO;1
Nagaon;500;KISS GLORY;1
Coatzacoalcos;901;TRACY CIDER;1
Usak;239;DOGMA FAMILY;1
Aden;504;KWAI HOMEWARD;1
Yerevan;369;GOODFELLAS SALUTE;1
Tama;502;KNOCK WARLOCK;1
Bat Yam;366;GOLDFINGER SENSIBILITY;1
Oulu;858;SUBMARINE BED;1
Kanazawa;592;MONSTER SPARTACUS;1
La Romana;103;BUCKET BROTHERHOOD;1
Oshawa;960;WARS PLUTO;1
Hsichuh;418;HOBBIT ALIEN;1
Halifax;236;DIVINE RESURRECTION;1
Charlotte Amalie;361;GLEAMING JAWBREAKER;1
Higashiosaka;820;SONS INTERVIEW;1
Cavite;876;TARZAN VIDEOTAPE;1
Meixian;339;FROGMEN BREAKING;1
Tiefa;155;CLEOPATRA DEVIL;1
Greensboro;786;SHEPHERD MIDSUMMER;1
Omdurman;309;FEUD FROGMEN;1
Monclova;738;ROCKETEER MOTHER;1
Bandar Seri Begawan;833;SPLENDOR PATTON;1
Brockton;937;VARSITY TRIP;1
Klerksdorp;981;WOLVES DESIRE;1
Weifang;635;OKLAHOMA JUMANJI;1
Patiala;604;MULAN MOON;1
Shaoguan;728;REUNION WITCHES;1
Mahajanga;570;MERMAID INSECTS;1
Lubumbashi;443;HURRICANE AFFAIR;1
Botshabelo;23;ANACONDA CONFESSIONS;1
Shanwei;416;HIGHBALL POTTER;1
Oulu;443;HURRICANE AFFAIR;1
Kanazawa;670;PELICAN COMFORTS;1
Goinia;336;FRENCH HOLIDAY;1
Hoshiarpur;604;MULAN MOON;1
Mogiljov;859;SUGAR WONKA;1
Halisahar;292;EXCITEMENT EVE;1
Balikesir;924;UNFORGIVEN ZOOLANDER;1
Asuncin;958;WARDROBE PHANTOM;1
Sokoto;206;DANCING FEVER;1
Oshawa;468;INVASION CYCLONE;1
Oulu;715;RANGE MOONWALKER;1
Xiangtan;364;GODFATHER DIARY;1
NDjamna;300;FALCON VOLUME;1
Nagaon;805;SLEEPLESS MONSOON;1
Palghat (Palakkad);969;WEST LION;1
Pudukkottai;905;TRAINSPOTTING STRANGERS;1
Kurashiki;40;ARMY FLINTSTONES;1
Santiago de los Caballeros;229;DEVIL DESIRE;1
Sousse;655;PANTHER REDS;1
Ruse;397;HANKY OCTOBER;1
Bratislava;160;CLUB GRAFFITI;1
Berhampore (Baharampur);181;CONTACT ANONYMOUS;1
Najafabad;751;RUNAWAY TENENBAUMS;1
Coatzacoalcos;788;SHIP WONDERLAND;1
Yinchuan;323;FLIGHT LIES;1
Abha;397;HANKY OCTOBER;1
Iwatsuki;154;CLASH FREDDY;1
Mexicali;608;MURDER ANTITRUST;1
Changzhou;761;SANTA PARIS;1
Dos Quebradas;901;TRACY CIDER;1
Xiangfan;896;TOOTSIE PILOT;1
Yamuna Nagar;301;FAMILY SWEET;1
Sumqayit;922;UNDEFEATED DALMATIONS;1
Rio Claro;369;GOODFELLAS SALUTE;1
Uttarpara-Kotrung;655;PANTHER REDS;1
Usolje-Sibirskoje;737;ROCK INSTINCT;1
Baku;619;NEIGHBORS CHARADE;1
Goinia;653;PANIC CLUB;1
Maring;440;HUNGER ROOF;1
Karnal;578;MILLION ACE;1
Jamalpur;333;FREAKY POCUS;1
Ciparay;234;DISTURBING SCARFACE;1
Saarbrcken;140;CHEAPER CLYDE;1
Jamalpur;150;CIDER DESIRE;1
Saint Louis;555;MALLRATS UNITED;1
Arlington;64;BEETHOVEN EXORCIST;1
Halle/Saale;843;STEEL SANTA;1
Hanoi;428;HOMICIDE PEACH;1
Tianjin;734;ROAD ROXANNE;1
Almirante Brown;164;COAST RAINBOW;1
al-Qatif;252;DREAM PICKUP;1
Dayton;709;RACER EGG;1
Tsuyama;862;SUMMER SCARFACE;1
Iligan;206;DANCING FEVER;1
Ikerre;883;TEQUILA PAST;1
Mexicali;539;LUCK OPUS;1
Toulouse;478;JAWS HARRY;1
Cuauhtmoc;13;ALI FOREVER;1
Xiangfan;109;BUTTERFLY CHOCOLAT;1
Tarlac;196;CRUELTY UNFORGIVEN;1
Zaria;649;OZ LIAISONS;1
Bhilwara;629;NOTORIOUS REUNION;1
Cuautla;601;MOULIN WAKE;1
Shubra al-Khayma;893;TITANS JERK;1
Qomsheh;842;STATE WASTELAND;1
Zeleznogorsk;891;TIMBERLAND SKY;1
Charlotte Amalie;204;DALMATIONS SWEDEN;1
Tiefa;501;KISSING DOLLS;1
Kitwe;18;ALTER VICTORY;1
Quilmes;934;VANILLA DAY;1
Kurgan;462;INSIDER ARIZONA;1
Tartu;114;CAMELOT VACATION;1
Qomsheh;841;STAR OPERATION;1
Toulon;354;GHOST GROUNDHOG;1
Sunnyvale;322;FLATLINERS KILLER;1
guas Lindas de Gois;114;CAMELOT VACATION;1
Brockton;602;MOURNING PURPLE;1
Tiefa;621;NETWORK PEAK;1
Zhezqazghan;586;MOCKINGBIRD HOLLYWOOD;1
Hanoi;975;WILLOW TRACY;1
Deba Habe;480;JEEPERS WEDDING;1
Higashiosaka;379;GREEDY ROOTS;1
Barcelona;127;CAT CONEHEADS;1
Smolensk;190;CREEPERS KANE;1
Santa Rosa;512;LEAGUE HELLFIGHTERS;1
Hino;301;FAMILY SWEET;1
Hodeida;562;MASKED BUBBLE;1
Hunuco;304;FARGO GANDHI;1
Zhoushan;989;WORKING MICROCOSMOS;1
Deba Habe;568;MEMENTO ZOOLANDER;1
Dos Quebradas;581;MINORITY KISS;1
Teboksary;735;ROBBERS JOON;1
Sullana;135;CHANCE RESURRECTION;1
Bilbays;524;LION UNCUT;1
Saint-Denis;863;SUN CONFESSIONS;1
Iwakuni;139;CHASING FIGHT;1
Pangkal Pinang;279;ELIZABETH SHANE;1
Nador;732;RINGS HEARTBREAKERS;1
Loja;167;COMA HEAD;1
Coacalco de Berriozbal;296;EXPRESS LONELY;1
Brest;420;HOLES BRANNIGAN;1
Cabuyao;120;CARIBBEAN LIBERTY;1
Cuman;73;BINGO TALENTED;1
Rancagua;358;GILMORE BOILED;1
Ipoh;668;PEAK FOREVER;1
Santa Brbara dOeste;255;DRIVING POLISH;1
Rajkot;763;SATISFACTION CONFIDENTIAL;1
Tokat;264;DWARFS ALTER;1
Kitwe;333;FREAKY POCUS;1
Juazeiro do Norte;728;REUNION WITCHES;1
Serpuhov;754;RUSHMORE MERMAID;1
Kisumu;406;HAUNTING PIANIST;1
Guaruj;336;FRENCH HOLIDAY;1
Nabereznyje Telny;361;GLEAMING JAWBREAKER;1
Cape Coral;529;LONELY ELEPHANT;1
Hunuco;894;TOMATOES HELLFIGHTERS;1
Sultanbeyli;337;FRIDA SLIPPER;1
Hiroshima;925;UNITED PILOT;1
Saint Louis;842;STATE WASTELAND;1
Lima;738;ROCKETEER MOTHER;1
Tongliao;18;ALTER VICTORY;1
Southport;103;BUCKET BROTHERHOOD;1
Sawhaj;103;BUCKET BROTHERHOOD;1
Ozamis;702;PULP BEVERLY;1
Baha Blanca;245;DOUBLE WRATH;1
Zaoyang;60;BEAST HUNCHBACK;1
Dadu;522;LIFE TWISTED;1
Ocumare del Tuy;395;HANDICAP BOONDOCK;1
Rajkot;427;HOMEWARD CIDER;1
Papeete;317;FIREBALL PHILADELPHIA;1
Sorocaba;702;PULP BEVERLY;1
Malm;842;STATE WASTELAND;1
Antofagasta;446;HYSTERICAL GRAIL;1
Fontana;837;STAGE WORLD;1
Sungai Petani;394;HAMLET WISDOM;1
Inegl;775;SEATTLE EXPECATIONS;1
Korolev;167;COMA HEAD;1
Molodetno;694;PREJUDICE OLEANDER;1
Korla;958;WARDROBE PHANTOM;1
Shanwei;205;DANCES NONE;1
Madiun;824;SPARTACUS CHEAPER;1
Tongliao;204;DALMATIONS SWEDEN;1
Qalyub;830;SPIRIT FLINTSTONES;1
Haldia;840;STAMPEDE DISTURBING;1
Jaroslavl;458;INDIAN LOVE;1
Ourense (Orense);347;GAMES BOWFINGER;1
Esfahan;164;COAST RAINBOW;1
So Bernardo do Campo;657;PARADISE SABRINA;1
Karnal;973;WIFE TURN;1
Crdoba;518;LIAISONS SWEET;1
Ife;368;GONE TROUBLE;1
Satna;869;SUSPECTS QUILLS;1
Hidalgo;239;DOGMA FAMILY;1
Roanoke;634;ODDS BOOGIE;1
Springs;791;SHOW LORD;1
Jaroslavl;315;FINDING ANACONDA;1
Monclova;451;IGBY MAKER;1
Rio Claro;776;SECRET GROUNDHOG;1
Syktyvkar;600;MOTIONS DETAILS;1
Cuernavaca;222;DESERT POSEIDON;1
Addis Abeba;129;CAUSE DATE;1
Cheju;557;MANCHURIAN CURTAIN;1
Rajkot;426;HOME PITY;1
Cuernavaca;212;DARN FORRESTER;1
Leshan;314;FIGHT JAWBREAKER;1
Shaoguan;783;SHANE DARKNESS;1
Guaruj;443;HURRICANE AFFAIR;1
Dallas;356;GIANT TROOPERS;1
Uttarpara-Kotrung;23;ANACONDA CONFESSIONS;1
Usak;948;VOICE PEACH;1
Hunuco;194;CROW GREASE;1
Sawhaj;922;UNDEFEATED DALMATIONS;1
Sumqayit;289;EVE RESURRECTION;1
Sogamoso;867;SUPER WYOMING;1
London;894;TOMATOES HELLFIGHTERS;1
Jos Azueta;129;CAUSE DATE;1
Usolje-Sibirskoje;873;SWEETHEARTS SUSPECTS;1
Zanzibar;962;WASTELAND DIVINE;1
Joliet;542;LUST LOCK;1
Oshawa;721;REDS POCUS;1
Salzburg;851;STRAIGHT HOURS;1
Vinh;490;JUMANJI BLADE;1
Teboksary;402;HARPER DYING;1
Inegl;295;EXPENDABLE STALLION;1
Johannesburg;951;VOYAGE LEGALLY;1
Mwene-Ditu;609;MUSCLE BRIGHT;1
Tambaram;684;PIZZA JUMANJI;1
Saarbrcken;795;SIEGE MADRE;1
Uluberia;773;SEABISCUIT PUNK;1
Batman;958;WARDROBE PHANTOM;1
San Lorenzo;436;HOURS RAGE;1
Vaduz;610;MUSIC BOONDOCK;1
Xinxiang;858;SUBMARINE BED;1
Yuzhou;897;TORQUE BOUND;1
Grand Prairie;912;TROJAN TOMORROW;1
Halisahar;327;FOOL MOCKINGBIRD;1
Birgunj;341;FROST HEAD;1
Mahajanga;7;AIRPLANE SIERRA;1
Meixian;155;CLEOPATRA DEVIL;1
Yuzhou;911;TRIP NEWTON;1
Tianjin;941;VIDEOTAPE ARSENIC;1
Naju;883;TEQUILA PAST;1
Nanyang;999;ZOOLANDER FICTION;1
Bamenda;807;SLEUTH ORIENT;1
Bat Yam;638;OPERATION OPERATION;1
Manchester;379;GREEDY ROOTS;1
Nantou;286;ENOUGH RAGING;1
Firozabad;555;MALLRATS UNITED;1
Katihar;924;UNFORGIVEN ZOOLANDER;1
Changhwa;194;CROW GREASE;1
Amersfoort;152;CIRCUS YOUTH;1
Donostia-San Sebastin;382;GRIT CLOCKWORK;1
Parbhani;718;REBEL AIRPORT;1
Pavlodar;849;STORM HAPPINESS;1
Pavlodar;173;CONFESSIONS MAGUIRE;1
Braslia;130;CELEBRITY HORN;1
Sumqayit;984;WONDERFUL DROP;1
Miyakonojo;554;MALKOVICH PET;1
Bandar Seri Begawan;90;BOULEVARD MOB;1
Ahmadnagar;524;LION UNCUT;1
Satna;925;UNITED PILOT;1
Chapra;759;SALUTE APOLLO;1
Binzhou;312;FIDDLER LOST;1
Yangor;44;ATTACKS HATE;1
Mit Ghamr;893;TITANS JERK;1
Pemalang;187;CRANES RESERVOIR;1
Binzhou;876;TARZAN VIDEOTAPE;1
Peoria;455;IMPOSSIBLE PREJUDICE;1
San Felipe del Progreso;273;EFFECT GLADIATOR;1
Santo Andr;616;NATIONAL STORY;1
Uluberia;363;GO PURPLE;1
Eskisehir;647;OUTFIELD MASSACRE;1
Ambattur;827;SPICE SORORITY;1
Peoria;982;WOMEN DORADO;1
Zaoyang;438;HUMAN GRAFFITI;1
Bellevue;744;ROOTS REMEMBER;1
Ciparay;448;IDAHO LOVE;1
Jaffna;570;MERMAID INSECTS;1
Mosul;978;WISDOM WORKER;1
Araatuba;518;LIAISONS SWEET;1
Ashqelon;229;DEVIL DESIRE;1
Usak;120;CARIBBEAN LIBERTY;1
Rajkot;387;GUN BONNIE;1
Mukateve;680;PINOCCHIO SIMON;1
Siegen;159;CLOSER BANG;1
Donostia-San Sebastin;406;HAUNTING PIANIST;1
Nakhon Sawan;86;BOOGIE AMELIE;1
Urawa;353;GENTLEMEN STAGE;1
Sousse;730;RIDGEMONT SUBMARINE;1
Lipetsk;506;LADY STAGE;1
Zhezqazghan;35;ARACHNOPHOBIA ROLLERCOASTER;1
Udaipur;727;RESURRECTION SILVERADO;1
Namibe;193;CROSSROADS CASUALTIES;1
Southport;442;HUNTING MUSKETEERS;1
Beni-Mellal;826;SPEED SUIT;1
Qinhuangdao;80;BLANKET BEVERLY;1
Usak;750;RUN PACIFIC;1
Shimonoseki;999;ZOOLANDER FICTION;1
Madiun;795;SIEGE MADRE;1
Simferopol;57;BASIC EASY;1
Dongying;563;MASSACRE USUAL;1
Boksburg;31;APACHE DIVINE;1
Zhezqazghan;922;UNDEFEATED DALMATIONS;1
Izumisano;577;MILE MULAN;1
Sagamihara;189;CREATURES SHAKESPEARE;1
Skikda;165;COLDBLOODED DARLING;1
Osmaniye;847;STOCK GLASS;1
Omiya;156;CLERKS ANGELS;1
Guaruj;447;ICE CROSSING;1
Robamba;260;DUDE BLINDNESS;1
Mwanza;10;ALADDIN CALENDAR;1
Tama;733;RIVER OUTLAW;1
Kimchon;415;HIGH ENCINO;1
Mogiljov;976;WIND PHANTOM;1
Poos de Caldas;437;HOUSE DYNAMITE;1
Hino;169;COMFORTS RUSH;1
Kragujevac;532;LOSER HUSTLER;1
Novi Sad;995;YENTL IDAHO;1
Araatuba;983;WON DARES;1
San Felipe de Puerto Plata;562;MASKED BUBBLE;1
Liaocheng;727;RESURRECTION SILVERADO;1
Nuuk;875;TALENTED HOMICIDE;1
Aden;732;RINGS HEARTBREAKERS;1
Oshawa;879;TELEGRAPH VOYAGE;1
Boa Vista;980;WIZARD COLDBLOODED;1
Asuncin;266;DYNAMITE TARZAN;1
Sorocaba;857;STRICTLY SCARFACE;1
Vila Velha;760;SAMURAI LION;1
Portoviejo;501;KISSING DOLLS;1
Zhoushan;541;LUKE MUMMY;1
Akishima;157;CLOCKWORK PARADISE;1
Xinxiang;322;FLATLINERS KILLER;1
Lipetsk;331;FORWARD TEMPLE;1
Aurora;659;PARK CITIZEN;1
Akron;820;SONS INTERVIEW;1
Ashdod;402;HARPER DYING;1
Junan;326;FLYING HOOK;1
Bergamo;647;OUTFIELD MASSACRE;1
Ljubertsy;730;RIDGEMONT SUBMARINE;1
Vicente Lpez;298;EYES DRIVING;1
Sungai Petani;145;CHISUM BEHAVIOR;1
Naju;391;HALF OUTFIELD;1
Munger (Monghyr);44;ATTACKS HATE;1
Batna;45;ATTRACTION NEWTON;1
Ahmadnagar;609;MUSCLE BRIGHT;1
Naala-Porto;674;PET HAUNTING;1
Lungtan;855;STREAK RIDGEMONT;1
Fukuyama;680;PINOCCHIO SIMON;1
Trshavn;949;VOLCANO TEXAS;1
Hohhot;782;SHAKESPEARE SADDLE;1
Sousse;17;ALONE TRIP;1
Ilorin;349;GANGS PRIDE;1
Cavite;40;ARMY FLINTSTONES;1
Tanshui;377;GREASE YOUTH;1
Benin City;841;STAR OPERATION;1
Santo Andr;212;DARN FORRESTER;1
Sal;388;GUNFIGHT MOON;1
Bhimavaram;29;ANTITRUST TOMATOES;1
Parbhani;795;SIEGE MADRE;1
Jelets;23;ANACONDA CONFESSIONS;1
Naala-Porto;263;DURHAM PANKY;1
Halifax;138;CHARIOTS CONSPIRACY;1
Springs;166;COLOR PHILADELPHIA;1
Adana;745;ROSES TREASURE;1
Salzburg;570;MERMAID INSECTS;1
Uijongbu;372;GRACELAND DYNAMITE;1
Jaipur;594;MONTEZUMA COMMAND;1
Daxian;727;RESURRECTION SILVERADO;1
Pak Kret;462;INSIDER ARIZONA;1
Tianjin;418;HOBBIT ALIEN;1
Abu Dhabi;918;TWISTED PIRATES;1
Enshi;169;COMFORTS RUSH;1
Tanza;49;BADMAN DAWN;1
Purwakarta;649;OZ LIAISONS;1
Mardan;952;WAGON JAWS;1
Haining;503;KRAMER CHOCOLATE;1
Tieli;527;LOLA AGENT;1
Shubra al-Khayma;338;FRISCO FORREST;1
Bislig;942;VIETNAM SMOOCHY;1
Aurora;158;CLONES PINOCCHIO;1
Ogbomosho;222;DESERT POSEIDON;1
Akishima;445;HYDE DOCTOR;1
Varanasi (Benares);644;OSCAR GOLD;1
Cheju;948;VOICE PEACH;1
Naju;166;COLOR PHILADELPHIA;1
Pereira;431;HOOSIERS BIRDCAGE;1
Czestochowa;26;ANNIE IDENTITY;1
Usolje-Sibirskoje;817;SOLDIERS EVOLUTION;1
Pjatigorsk;350;GARDEN ISLAND;1
Santa Rosa;892;TITANIC BOONDOCK;1
Jelets;3;ADAPTATION HOLES;1
Caracas;43;ATLANTIS CAUSE;1
Duisburg;63;BEDAZZLED MARRIED;1
Korla;334;FREDDY STORM;1
Memphis;341;FROST HEAD;1
Antofagasta;110;CABIN FLASH;1
Faaa;215;DAWN POND;1
Lengshuijiang;675;PHANTOM GLORY;1
Southampton;686;PLUTO OLEANDER;1
Kurgan;626;NOON PAPI;1
Munger (Monghyr);204;DALMATIONS SWEDEN;1
Guaruj;304;FARGO GANDHI;1
Karnal;794;SIDE ARK;1
Kamarhati;186;CRAFT OUTFIELD;1
Bag;533;LOST BIRD;1
Baicheng;12;ALASKA PHANTOM;1
Cavite;606;MUMMY CREATURES;1
Lancaster;848;STONE FIRE;1
Molodetno;953;WAIT CIDER;1
Omdurman;416;HIGHBALL POTTER;1
Karnal;76;BIRDCAGE CASPER;1
Qomsheh;301;FAMILY SWEET;1
Hohhot;330;FORRESTER COMANCHEROS;1
Enshi;91;BOUND CHEAPER;1
Nukualofa;745;ROSES TREASURE;1
Tegal;891;TIMBERLAND SKY;1
Laiwu;725;REQUIEM TYCOON;1
Rajkot;320;FLAMINGOS CONNECTICUT;1
Iwatsuki;277;ELEPHANT TROJAN;1
Skikda;814;SNATCH SLIPPER;1
Kimchon;859;SUGAR WONKA;1
Firozabad;871;SWEDEN SHINING;1
Probolinggo;74;BIRCH ANTITRUST;1
Greensboro;693;POTTER CONNECTICUT;1
Haining;832;SPLASH GUMP;1
Varanasi (Benares);206;DANCING FEVER;1
Sincelejo;69;BEVERLY OUTLAW;1
Nyeri;659;PARK CITIZEN;1
Citt del Vaticano;964;WATERFRONT DELIVERANCE;1
Ljubertsy;575;MIDSUMMER GROUNDHOG;1
Kitwe;979;WITCHES PANIC;1
Ondo;35;ARACHNOPHOBIA ROLLERCOASTER;1
Fengshan;838;STAGECOACH ARMAGEDDON;1
Richmond Hill;900;TOWN ARK;1
Jelets;857;STRICTLY SCARFACE;1
El Alto;78;BLACKOUT PRIVATE;1
Sawhaj;362;GLORY TRACY;1
Kragujevac;856;STREETCAR INTENTIONS;1
Cabuyao;54;BANGER PINOCCHIO;1
Munger (Monghyr);756;SADDLE ANTITRUST;1
Bijapur;848;STONE FIRE;1
Nyeri;468;INVASION CYCLONE;1
Hami;17;ALONE TRIP;1
Santiago de Compostela;862;SUMMER SCARFACE;1
Sivas;291;EVOLUTION ALTER;1
Apeldoorn;478;JAWS HARRY;1
Ktahya;864;SUNDANCE INVASION;1
Elista;559;MARRIED GO;1
Iligan;409;HEARTBREAKERS BRIGHT;1
Brescia;915;TRUMAN CRAZY;1
Pune;392;HALL CASSIDY;1
Saint Louis;12;ALASKA PHANTOM;1
Pachuca de Soto;693;POTTER CONNECTICUT;1
Qinhuangdao;501;KISSING DOLLS;1
Okayama;702;PULP BEVERLY;1
Guaruj;101;BROTHERHOOD BLANKET;1
Kragujevac;796;SIERRA DIVIDE;1
Crdoba;75;BIRD INDEPENDENCE;1
San Felipe del Progreso;331;FORWARD TEMPLE;1
Tuguegarao;826;SPEED SUIT;1
Shubra al-Khayma;414;HELLFIGHTERS SIERRA;1
Parbhani;403;HARRY IDAHO;1
Nagareyama;643;ORIENT CLOSER;1
Songkhla;767;SCALAWAG DUCK;1
Valparai;444;HUSTLER PARTY;1
Sanya;949;VOLCANO TEXAS;1
Addis Abeba;816;SNOWMAN ROLLERCOASTER;1
Dayton;703;PUNK DIVORCE;1
Tychy;526;LOCK REAR;1
Bradford;265;DYING MAKER;1
Bern;156;CLERKS ANGELS;1
Halle/Saale;78;BLACKOUT PRIVATE;1
Cuautla;169;COMFORTS RUSH;1
Ljubertsy;828;SPIKING ELEMENT;1
Mit Ghamr;921;UNCUT SUICIDES;1
Kimberley;741;ROMAN PUNK;1
Mwene-Ditu;641;ORANGE GRAPES;1
Huaian;416;HIGHBALL POTTER;1
Jinchang;211;DARLING BREAKING;1
Greensboro;25;ANGELS LIFE;1
Adoni;610;MUSIC BOONDOCK;1
Matsue;525;LOATHING LEGALLY;1
Sucre;462;INSIDER ARIZONA;1
Dongying;670;PELICAN COMFORTS;1
La Plata;101;BROTHERHOOD BLANKET;1
Kansas City;174;CONFIDENTIAL INTERVIEW;1
Syrakusa;433;HORN WORKING;1
Botosani;294;EXPECATIONS NATURAL;1
Tsuyama;361;GLEAMING JAWBREAKER;1
Allende;920;UNBREAKABLE KARATE;1
Czestochowa;35;ARACHNOPHOBIA ROLLERCOASTER;1
Fukuyama;194;CROW GREASE;1
Bergamo;621;NETWORK PEAK;1
Huejutla de Reyes;15;ALIEN CENTER;1
Blumenau;283;ENDING CROWDS;1
Hunuco;159;CLOSER BANG;1
Jamalpur;90;BOULEVARD MOB;1
Santa Brbara dOeste;340;FRONTIER CABIN;1
Namibe;258;DRUMS DYNAMITE;1
ostka;266;DYNAMITE TARZAN;1
Abu Dhabi;753;RUSH GOODFELLAS;1
Rizhao;994;WYOMING STORM;1
Tabuk;434;HORROR REIGN;1
Nador;999;ZOOLANDER FICTION;1
Cam Ranh;484;JERK PAYCHECK;1
Sunnyvale;124;CASPER DRAGONFLY;1
Shimonoseki;288;ESCAPE METROPOLIS;1
Benin City;341;FROST HEAD;1
Xintai;285;ENGLISH BULWORTH;1
Zaria;919;TYCOON GATHERING;1
Linz;554;MALKOVICH PET;1
Shanwei;812;SMOKING BARBARELLA;1
Balurghat;636;OLEANDER CLUE;1
Vijayawada;22;AMISTAD MIDSUMMER;1
Yingkou;603;MOVIE SHAKESPEARE;1
Jamalpur;74;BIRCH ANTITRUST;1
Iligan;945;VIRGINIAN PLUTO;1
Simferopol;243;DOORS PRESIDENT;1
Newcastle;686;PLUTO OLEANDER;1
Pereira;571;METAL ARMAGEDDON;1
Mannheim;546;MADRE GABLES;1
Daugavpils;861;SUIT WALLS;1
Antofagasta;6;AGENT TRUMAN;1
Graz;656;PAPI NECKLACE;1
Southport;291;EVOLUTION ALTER;1
Merlo;683;PITY BOUND;1
Varanasi (Benares);417;HILLS NEIGHBORS;1
Dhule (Dhulia);103;BUCKET BROTHERHOOD;1
Purnea (Purnia);652;PAJAMA JAWBREAKER;1
Lungtan;702;PULP BEVERLY;1
Ahmadnagar;783;SHANE DARKNESS;1
Toulon;467;INTRIGUE WORST;1
Kumbakonam;425;HOLY TADPOLE;1
Lincoln;618;NECKLACE OUTBREAK;1
Hunuco;236;DIVINE RESURRECTION;1
Pachuca de Soto;694;PREJUDICE OLEANDER;1
Valparai;24;ANALYZE HOOSIERS;1
Linz;820;SONS INTERVIEW;1
Miyakonojo;301;FAMILY SWEET;1
Shaoguan;981;WOLVES DESIRE;1
Szkesfehrvr;152;CIRCUS YOUTH;1
Najafabad;216;DAY UNFAITHFUL;1
Tabriz;915;TRUMAN CRAZY;1
Omiya;402;HARPER DYING;1
El Alto;995;YENTL IDAHO;1
Jodhpur;72;BILL OTHERS;1
Niznekamsk;349;GANGS PRIDE;1
Syrakusa;450;IDOLS SNATCHERS;1
Osmaniye;47;BABY HALL;1
Ezhou;479;JEDI BENEATH;1
Jodhpur;906;TRAMP OTHERS;1
Binzhou;748;RUGRATS SHAKESPEARE;1
Jinchang;991;WORST BANGER;1
al-Manama;63;BEDAZZLED MARRIED;1
A Corua (La Corua);301;FAMILY SWEET;1
Satna;949;VOLCANO TEXAS;1
Ashgabat;68;BETRAYED REAR;1
Huaian;838;STAGECOACH ARMAGEDDON;1
Fengshan;132;CHAINSAW UPTOWN;1
Ondo;130;CELEBRITY HORN;1
Iligan;273;EFFECT GLADIATOR;1
Patiala;308;FERRIS MOTHER;1
Southport;393;HALLOWEEN NUTS;1
Higashiosaka;369;GOODFELLAS SALUTE;1
Livorno;520;LICENSE WEEKEND;1
Mit Ghamr;252;DREAM PICKUP;1
Mwanza;408;HEAD STRANGER;1
Kolpino;961;WASH HEAVENLY;1
Isesaki;823;SOUTH WAIT;1
Higashiosaka;73;BINGO TALENTED;1
Hsichuh;330;FORRESTER COMANCHEROS;1
Qomsheh;4;AFFAIR PREJUDICE;1
Fengshan;516;LEGEND JEDI;1
Juazeiro do Norte;790;SHOOTIST SUPERFLY;1
Nam Dinh;693;POTTER CONNECTICUT;1
Daxian;427;HOMEWARD CIDER;1
Bhusawal;35;ARACHNOPHOBIA ROLLERCOASTER;1
Kabul;659;PARK CITIZEN;1
Emmen;43;ATLANTIS CAUSE;1
Firozabad;405;HAUNTED ANTITRUST;1
Yaound;708;QUILLS BULL;1
Ilorin;708;QUILLS BULL;1
Urawa;477;JAWBREAKER BROOKLYN;1
Ktahya;457;INDEPENDENCE HOTEL;1
Patiala;480;JEEPERS WEDDING;1
Sousse;767;SCALAWAG DUCK;1
Ezhou;110;CABIN FLASH;1
Novi Sad;481;JEKYLL FROGMEN;1
Livorno;929;USUAL UNTOUCHABLES;1
Tete;326;FLYING HOOK;1
Zhoushan;282;ENCOUNTERS CURTAIN;1
Lubumbashi;941;VIDEOTAPE ARSENIC;1
Kuching;446;HYSTERICAL GRAIL;1
Springs;455;IMPOSSIBLE PREJUDICE;1
Najafabad;167;COMA HEAD;1
Ilorin;263;DURHAM PANKY;1
Bucuresti;147;CHOCOLAT HARRY;1
guas Lindas de Gois;661;PAST SUICIDES;1
Monywa;868;SUPERFLY TRIP;1
Skikda;690;POND SEATTLE;1
Anpolis;319;FISH OPUS;1
Junan;521;LIES TREATMENT;1
Moscow;989;WORKING MICROCOSMOS;1
A Corua (La Corua);222;DESERT POSEIDON;1
Tambaram;743;ROOM ROMAN;1
Shanwei;771;SCORPION APOLLO;1
San Felipe de Puerto Plata;166;COLOR PHILADELPHIA;1
London;19;AMADEUS HOLY;1
Etawah;502;KNOCK WARLOCK;1
Coquimbo;927;UPRISING UPTOWN;1
Wroclaw;961;WASH HEAVENLY;1
Oshawa;397;HANKY OCTOBER;1
Nabereznyje Telny;450;IDOLS SNATCHERS;1
Kitwe;897;TORQUE BOUND;1
Lengshuijiang;861;SUIT WALLS;1
Sincelejo;60;BEAST HUNCHBACK;1
Sunnyvale;841;STAR OPERATION;1
Kitwe;119;CAPER MOTIONS;1
Hsichuh;986;WONKA SEA;1
Smolensk;778;SECRETS PARADISE;1
Pontianak;43;ATLANTIS CAUSE;1
Pune;403;HARRY IDAHO;1
Tabriz;899;TOWERS HURRICANE;1
Florencia;922;UNDEFEATED DALMATIONS;1
Hohhot;812;SMOKING BARBARELLA;1
Ozamis;646;OUTBREAK DIVINE;1
Dhaka;667;PEACH INNOCENT;1
Hami;450;IDOLS SNATCHERS;1
Ogbomosho;392;HALL CASSIDY;1
Korla;252;DREAM PICKUP;1
Hoshiarpur;715;RANGE MOONWALKER;1
Halisahar;469;IRON MOON;1
Kimchon;744;ROOTS REMEMBER;1
Miyakonojo;757;SAGEBRUSH CLUELESS;1
Mexicali;545;MADNESS ATTACKS;1
Vijayawada;233;DISCIPLE MOTHER;1
Lilongwe;683;PITY BOUND;1
Yangor;388;GUNFIGHT MOON;1
Bamenda;606;MUMMY CREATURES;1
Oshawa;345;GABLES METROPOLIS;1
Banjul;759;SALUTE APOLLO;1
Pyongyang;912;TROJAN TOMORROW;1
Southampton;112;CALENDAR GUNFIGHT;1
Dundee;135;CHANCE RESURRECTION;1
Sumy;832;SPLASH GUMP;1
Satna;725;REQUIEM TYCOON;1
Adana;650;PACIFIC AMISTAD;1
Robamba;806;SLEEPY JAPANESE;1
Tabriz;369;GOODFELLAS SALUTE;1
Valle de Santiago;542;LUST LOCK;1
Okinawa;476;JASON TRAP;1
Cuautla;670;PELICAN COMFORTS;1
Mwene-Ditu;663;PATIENT SISTER;1
Yaound;110;CABIN FLASH;1
Yingkou;658;PARIS WEEKEND;1
Bhimavaram;626;NOON PAPI;1
Haiphong;751;RUNAWAY TENENBAUMS;1
Lapu-Lapu;473;JACKET FRISCO;1
Higashiosaka;518;LIAISONS SWEET;1
Pereira;377;GREASE YOUTH;1
Parbhani;436;HOURS RAGE;1
Allappuzha (Alleppey);784;SHANGHAI TYCOON;1
Qinhuangdao;690;POND SEATTLE;1
Tegal;572;METROPOLIS COMA;1
Uruapan;284;ENEMY ODDS;1
Ogbomosho;660;PARTY KNOCK;1
Liepaja;496;KICK SAVANNAH;1
Idfu;106;BULWORTH COMMANDMENTS;1
Beni-Mellal;789;SHOCK CABIN;1
Salamanca;179;CONQUERER NUTS;1
Monywa;662;PATHS CONTROL;1
Probolinggo;796;SIERRA DIVIDE;1
Zaria;901;TRACY CIDER;1
Pjatigorsk;734;ROAD ROXANNE;1
Pjatigorsk;530;LORD ARIZONA;1
Gaziantep;123;CASABLANCA SUPER;1
Vila Velha;655;PANTHER REDS;1
Madiun;821;SORORITY QUEEN;1
Urawa;114;CAMELOT VACATION;1
Linz;838;STAGECOACH ARMAGEDDON;1
Bijapur;18;ALTER VICTORY;1
Nabereznyje Telny;227;DETAILS PACKER;1
Bern;201;CYCLONE FAMILY;1
Po;139;CHASING FIGHT;1
Bydgoszcz;932;VALLEY PACKER;1
Yingkou;720;REDEMPTION COMFORTS;1
Zhoushan;976;WIND PHANTOM;1
Lhokseumawe;937;VARSITY TRIP;1
Syktyvkar;891;TIMBERLAND SKY;1
Apeldoorn;977;WINDOW SIDE;1
Ogbomosho;389;GUNFIGHTER MUSSOLINI;1
s-Hertogenbosch;892;TITANIC BOONDOCK;1
Manchester;151;CINCINATTI WHISPERER;1
Liaocheng;328;FOREVER CANDIDATE;1
Ezhou;559;MARRIED GO;1
Eskisehir;403;HARRY IDAHO;1
Ilorin;280;EMPIRE MALKOVICH;1
Santo Andr;397;HANKY OCTOBER;1
A Corua (La Corua);142;CHICKEN HELLFIGHTERS;1
Lipetsk;21;AMERICAN CIRCUS;1
Merlo;220;DEER VIRGINIAN;1
Cabuyao;990;WORLD LEATHERNECKS;1
Bergamo;521;LIES TREATMENT;1
Papeete;657;PARADISE SABRINA;1
Pak Kret;147;CHOCOLAT HARRY;1
Garland;797;SILENCE KANE;1
La Plata;284;ENEMY ODDS;1
Ahmadnagar;155;CLEOPATRA DEVIL;1
Nagaon;370;GORGEOUS BINGO;1
Malm;99;BRINGING HYSTERICAL;1
Malm;552;MAJESTIC FLOATS;1
Patras;902;TRADING PINOCCHIO;1
Jos Azueta;367;GOLDMINE TYCOON;1
Rustenburg;501;KISSING DOLLS;1
San Bernardino;999;ZOOLANDER FICTION;1
Weifang;800;SINNERS ATLANTIS;1
Mit Ghamr;9;ALABAMA DEVIL;1
Shimonoseki;406;HAUNTING PIANIST;1
Johannesburg;921;UNCUT SUICIDES;1
Nha Trang;79;BLADE POLISH;1
Kowloon and New Kowloon;771;SCORPION APOLLO;1
Leshan;551;MAIDEN HOME;1
Bilbays;345;GABLES METROPOLIS;1
Kamjanets-Podilskyi;349;GANGS PRIDE;1
Xiangfan;266;DYNAMITE TARZAN;1
Salala;688;POLISH BROOKLYN;1
Tuguegarao;172;CONEHEADS SMOOCHY;1
Baiyin;336;FRENCH HOLIDAY;1
Tabuk;380;GREEK EVERYONE;1
Salzburg;993;WRONG BEHAVIOR;1
Valle de la Pascua;792;SHREK LICENSE;1
Jaffna;304;FARGO GANDHI;1
Coquimbo;641;ORANGE GRAPES;1
Usak;132;CHAINSAW UPTOWN;1
Citrus Heights;822;SOUP WISDOM;1
Yingkou;157;CLOCKWORK PARADISE;1
Erlangen;181;CONTACT ANONYMOUS;1
San Felipe del Progreso;731;RIGHT CRANES;1
Xiangfan;479;JEDI BENEATH;1
Cheju;355;GHOSTBUSTERS ELF;1
Firozabad;800;SINNERS ATLANTIS;1
Hohhot;423;HOLLYWOOD ANONYMOUS;1
Dhaka;344;FURY MURDER;1
Huixquilucan;818;SOMETHING DUCK;1
Kamarhati;996;YOUNG LANGUAGE;1
Tandil;112;CALENDAR GUNFIGHT;1
Tabuk;194;CROW GREASE;1
Kamyin;981;WOLVES DESIRE;1
Memphis;219;DEEP CRUSADE;1
Kamakura;937;VARSITY TRIP;1
Rustenburg;367;GOLDMINE TYCOON;1
Iwatsuki;140;CHEAPER CLYDE;1
Addis Abeba;354;GHOST GROUNDHOG;1
Saarbrcken;438;HUMAN GRAFFITI;1
Hiroshima;428;HOMICIDE PEACH;1
Battambang;878;TEEN APOLLO;1
A Corua (La Corua);850;STORY SIDE;1
Tanshui;993;WRONG BEHAVIOR;1
Ciudad del Este;967;WEEKEND PERSONAL;1
Cape Coral;70;BIKINI BORROWERS;1
Southport;968;WEREWOLF LOLA;1
Tambaram;270;EARTH VISION;1
Zalantun;353;GENTLEMEN STAGE;1
Sumqayit;252;DREAM PICKUP;1
Asuncin;1000;ZORRO ARK;1
Valle de la Pascua;410;HEAVEN FREEDOM;1
La Paz;403;HARRY IDAHO;1
Brescia;717;REAR TRADING;1
Mannheim;251;DRAGONFLY STRANGERS;1
Lincoln;142;CHICKEN HELLFIGHTERS;1
Sungai Petani;479;JEDI BENEATH;1
Valencia;979;WITCHES PANIC;1
Sumqayit;371;GOSFORD DONNIE;1
Korolev;697;PRIMARY GLASS;1
Angra dos Reis;739;ROCKY WAR;1
Naala-Porto;707;QUEST MUSSOLINI;1
Olomouc;819;SONG HEDWIG;1
Benguela;78;BLACKOUT PRIVATE;1
Dadu;351;GASLIGHT CRUSADE;1
Bhilwara;295;EXPENDABLE STALLION;1
Syktyvkar;581;MINORITY KISS;1
Oyo;966;WEDDING APOLLO;1
Hohhot;757;SAGEBRUSH CLUELESS;1
Augusta-Richmond County;687;POCUS PULP;1
Toulon;300;FALCON VOLUME;1
Zapopan;302;FANTASIA PARK;1
Hino;632;NUTS TIES;1
Kimchon;263;DURHAM PANKY;1
Benin City;121;CAROL TEXAS;1
Jedda;26;ANNIE IDENTITY;1
Araatuba;206;DANCING FEVER;1
Changhwa;961;WASH HEAVENLY;1
Braslia;844;STEERS ARMAGEDDON;1
Cuauhtmoc;768;SCARFACE BANG;1
Pjatigorsk;838;STAGECOACH ARMAGEDDON;1
Sambhal;789;SHOCK CABIN;1
Szkesfehrvr;896;TOOTSIE PILOT;1
Usak;161;CLUE GRAIL;1
Juiz de Fora;651;PACKER MADIGAN;1
Gingoog;544;MADISON TRAP;1
Zaria;431;HOOSIERS BIRDCAGE;1
Kimberley;288;ESCAPE METROPOLIS;1
Tuguegarao;623;NEWTON LABYRINTH;1
Tama;876;TARZAN VIDEOTAPE;1
Santa F;73;BINGO TALENTED;1
Atinsk;596;MOONSHINE CABIN;1
Jalib al-Shuyukh;309;FEUD FROGMEN;1
Dzerzinsk;182;CONTROL ANTHEM;1
Patiala;76;BIRDCAGE CASPER;1
Xiangtan;12;ALASKA PHANTOM;1
Soshanguve;816;SNOWMAN ROLLERCOASTER;1
Nador;358;GILMORE BOILED;1
Erlangen;361;GLEAMING JAWBREAKER;1
Athenai;555;MALLRATS UNITED;1
Vicente Lpez;985;WONDERLAND CHRISTMAS;1
Okinawa;136;CHAPLIN LICENSE;1
Sharja;999;ZOOLANDER FICTION;1
Chapra;35;ARACHNOPHOBIA ROLLERCOASTER;1
Kabul;109;BUTTERFLY CHOCOLAT;1
Huixquilucan;358;GILMORE BOILED;1
Najafabad;219;DEEP CRUSADE;1
Jastrzebie-Zdrj;600;MOTIONS DETAILS;1
Ezhou;18;ALTER VICTORY;1
Korolev;585;MOB DUFFEL;1
Phnom Penh;570;MERMAID INSECTS;1
Denizli;908;TRAP GUYS;1
Nador;242;DOOM DANCING;1
Mukateve;999;ZOOLANDER FICTION;1
Richmond Hill;292;EXCITEMENT EVE;1
Arecibo;574;MIDNIGHT WESTWARD;1
Kisumu;349;GANGS PRIDE;1
Buenaventura;474;JADE BUNCH;1
Atinsk;949;VOLCANO TEXAS;1
Jaipur;586;MOCKINGBIRD HOLLYWOOD;1
Zaoyang;783;SHANE DARKNESS;1
Idfu;610;MUSIC BOONDOCK;1
Sincelejo;543;MADIGAN DORADO;1
Balikesir;966;WEDDING APOLLO;1
Bergamo;603;MOVIE SHAKESPEARE;1
Ede;563;MASSACRE USUAL;1
Berhampore (Baharampur);770;SCISSORHANDS SLUMS;1
Botosani;805;SLEEPLESS MONSOON;1
Zanzibar;339;FROGMEN BREAKING;1
Battambang;65;BEHAVIOR RUNAWAY;1
Santa Brbara dOeste;616;NATIONAL STORY;1
Sawhaj;190;CREEPERS KANE;1
Nuuk;945;VIRGINIAN PLUTO;1
Sawhaj;68;BETRAYED REAR;1
York;408;HEAD STRANGER;1
Iwatsuki;379;GREEDY ROOTS;1
Bhopal;811;SMILE EARRING;1
Uruapan;501;KISSING DOLLS;1
Shimonoseki;621;NETWORK PEAK;1
Laohekou;588;MODEL FISH;1
Pachuca de Soto;989;WORKING MICROCOSMOS;1
Citt del Vaticano;807;SLEUTH ORIENT;1
Juiz de Fora;880;TELEMARK HEARTBREAKERS;1
Lapu-Lapu;782;SHAKESPEARE SADDLE;1
Santa F;243;DOORS PRESIDENT;1
Nabereznyje Telny;223;DESIRE ALIEN;1
Akishima;299;FACTORY DRAGON;1
Meixian;693;POTTER CONNECTICUT;1
Valle de Santiago;988;WORKER TARZAN;1
Faaa;663;PATIENT SISTER;1
Kisumu;592;MONSTER SPARTACUS;1
Korla;783;SHANE DARKNESS;1
Acua;815;SNATCHERS MONTEZUMA;1
Idfu;410;HEAVEN FREEDOM;1
Mukateve;467;INTRIGUE WORST;1
Pyongyang;737;ROCK INSTINCT;1
Amersfoort;254;DRIVER ANNIE;1
Gulbarga;910;TREATMENT JEKYLL;1
Chungho;807;SLEUTH ORIENT;1
Kimberley;83;BLUES INSTINCT;1
Jamalpur;597;MOONWALKER FOOL;1
Usolje-Sibirskoje;590;MONEY HAROLD;1
Rio Claro;39;ARMAGEDDON LOST;1
Ezeiza;314;FIGHT JAWBREAKER;1
Kuwana;682;PITTSBURGH HUNCHBACK;1
Baybay;181;CONTACT ANONYMOUS;1
Huejutla de Reyes;733;RIVER OUTLAW;1
Ilorin;799;SIMON NORTH;1
Korolev;968;WEREWOLF LOLA;1
Iwaki;392;HALL CASSIDY;1
San Miguel de Tucumn;948;VOICE PEACH;1
Jhansi;534;LOUISIANA HARRY;1
Sagamihara;206;DANCING FEVER;1
Syktyvkar;577;MILE MULAN;1
Talavera;494;KARATE MOON;1
Kimberley;324;FLINTSTONES HAPPINESS;1
Aden;44;ATTACKS HATE;1
Memphis;15;ALIEN CENTER;1
El Alto;654;PANKY SUBMARINE;1
Baku;331;FORWARD TEMPLE;1
Lima;846;STING PERSONAL;1
Wroclaw;708;QUILLS BULL;1
Juiz de Fora;127;CAT CONEHEADS;1
Yuncheng;423;HOLLYWOOD ANONYMOUS;1
Aurora;881;TEMPLE ATTRACTION;1
Shikarpur;37;ARIZONA BANG;1
Cape Coral;698;PRINCESS GIANT;1
Konotop;136;CHAPLIN LICENSE;1
Sullana;1;ACADEMY DINOSAUR;1
Probolinggo;328;FOREVER CANDIDATE;1
Carmen;970;WESTWARD SEABISCUIT;1
San Felipe de Puerto Plata;256;DROP WATERFRONT;1
Patras;81;BLINDNESS GUN;1
Rio Claro;88;BORN SPINAL;1
Augusta-Richmond County;344;FURY MURDER;1
Fukuyama;179;CONQUERER NUTS;1
Ashgabat;67;BERETS AGENT;1
Nyeri;162;CLUELESS BUCKET;1
Ashqelon;488;JOON NORTHWEST;1
Bijapur;489;JUGGLER HARDLY;1
Mandi Bahauddin;918;TWISTED PIRATES;1
Fukuyama;183;CONVERSATION DOWNHILL;1
Naala-Porto;66;BENEATH RUSH;1
Pyongyang;555;MALLRATS UNITED;1
Sumqayit;830;SPIRIT FLINTSTONES;1
Vitria de Santo Anto;964;WATERFRONT DELIVERANCE;1
Po;557;MANCHURIAN CURTAIN;1
Laohekou;392;HALL CASSIDY;1
Zalantun;867;SUPER WYOMING;1
Peoria;121;CAROL TEXAS;1
Siegen;98;BRIGHT ENCOUNTERS;1
Bag;608;MURDER ANTITRUST;1
Shenzhen;691;POSEIDON FOREVER;1
Wroclaw;722;REEF SALUTE;1
Ocumare del Tuy;838;STAGECOACH ARMAGEDDON;1
Urawa;25;ANGELS LIFE;1
Bhilwara;508;LAMBS CINCINATTI;1
Naju;867;SUPER WYOMING;1
Athenai;540;LUCKY FLYING;1
Nagaon;959;WARLOCK WEREWOLF;1
Ikerre;914;TROUBLE DATE;1
Amroha;732;RINGS HEARTBREAKERS;1
Fukuyama;235;DIVIDE MONSTER;1
Nyeri;88;BORN SPINAL;1
Pemalang;822;SOUP WISDOM;1
Kermanshah;843;STEEL SANTA;1
Gorontalo;131;CENTER DINOSAUR;1
Pune;40;ARMY FLINTSTONES;1
Uttarpara-Kotrung;158;CLONES PINOCCHIO;1
Alessandria;131;CENTER DINOSAUR;1
Jhansi;174;CONFIDENTIAL INTERVIEW;1
Nabereznyje Telny;83;BLUES INSTINCT;1
York;31;APACHE DIVINE;1
Basel;724;REMEMBER DIARY;1
Davao;963;WATCH TRACY;1
Dos Quebradas;630;NOTTING SPEAKEASY;1
Izumisano;951;VOYAGE LEGALLY;1
Shubra al-Khayma;177;CONNECTICUT TRAMP;1
Nagareyama;827;SPICE SORORITY;1
Nakhon Sawan;154;CLASH FREDDY;1
Elista;795;SIEGE MADRE;1
Haiphong;403;HARRY IDAHO;1
NDjamna;67;BERETS AGENT;1
Jamalpur;513;LEATHERNECKS DWARFS;1
Enshi;185;COWBOY DOOM;1
San Felipe del Progreso;958;WARDROBE PHANTOM;1
Boksburg;135;CHANCE RESURRECTION;1
South Hill;775;SEATTLE EXPECATIONS;1
Nuuk;306;FEATHERS METAL;1
Boksburg;988;WORKER TARZAN;1
Po;229;DEVIL DESIRE;1
Papeete;342;FUGITIVE MAGUIRE;1
Skikda;761;SANTA PARIS;1
Baha Blanca;174;CONFIDENTIAL INTERVIEW;1
Lincoln;444;HUSTLER PARTY;1
Huixquilucan;55;BARBARELLA STREETCAR;1
Changhwa;690;POND SEATTLE;1
Compton;492;JUNGLE CLOSER;1
Angra dos Reis;581;MINORITY KISS;1
Uluberia;147;CHOCOLAT HARRY;1
Baku;437;HOUSE DYNAMITE;1
Sorocaba;999;ZOOLANDER FICTION;1
s-Hertogenbosch;118;CANYON STOCK;1
Bislig;329;FORREST SONS;1
Hamilton;985;WONDERLAND CHRISTMAS;1
Pingxiang;625;NONE SPIKING;1
Changhwa;129;CAUSE DATE;1
Novi Sad;349;GANGS PRIDE;1
Kanchrapara;593;MONTEREY LABYRINTH;1
Sterling Heights;559;MARRIED GO;1
Monclova;477;JAWBREAKER BROOKLYN;1
Novoterkassk;515;LEGALLY SECRETARY;1
Rustenburg;849;STORM HAPPINESS;1
Skikda;365;GOLD RIVER;1
Pemalang;326;FLYING HOOK;1
Miyakonojo;934;VANILLA DAY;1
Kanazawa;834;SPOILERS HELLFIGHTERS;1
Belm;276;ELEMENT FREDDY;1
Duisburg;251;DRAGONFLY STRANGERS;1
Kanazawa;377;GREASE YOUTH;1
al-Qadarif;12;ALASKA PHANTOM;1
Matsue;991;WORST BANGER;1
Kanchrapara;307;FELLOWSHIP AUTUMN;1
Uruapan;135;CHANCE RESURRECTION;1
Lungtan;919;TYCOON GATHERING;1
Munger (Monghyr);830;SPIRIT FLINTSTONES;1
Kanazawa;484;JERK PAYCHECK;1
Yuncheng;104;BUGSY SONG;1
Kabul;687;POCUS PULP;1
Kolpino;348;GANDHI KWAI;1
Gandhinagar;68;BETRAYED REAR;1
Jodhpur;3;ADAPTATION HOLES;1
Jhansi;830;SPIRIT FLINTSTONES;1
Yingkou;753;RUSH GOODFELLAS;1
Oulu;369;GOODFELLAS SALUTE;1
Brockton;791;SHOW LORD;1
Brindisi;315;FINDING ANACONDA;1
Papeete;388;GUNFIGHT MOON;1
Haiphong;768;SCARFACE BANG;1
Molodetno;866;SUNSET RACER;1
Mannheim;624;NIGHTMARE CHILL;1
Vila Velha;172;CONEHEADS SMOOCHY;1
Springs;958;WARDROBE PHANTOM;1
Ashdod;253;DRIFTER COMMANDMENTS;1
Tegal;353;GENTLEMEN STAGE;1
Jodhpur;900;TOWN ARK;1
Crdoba;741;ROMAN PUNK;1
Avellaneda;183;CONVERSATION DOWNHILL;1
Toulouse;493;KANE EXORCIST;1
Bergamo;83;BLUES INSTINCT;1
Sivas;43;ATLANTIS CAUSE;1
Ahmadnagar;525;LOATHING LEGALLY;1
Carmen;309;FEUD FROGMEN;1
Mosul;917;TUXEDO MILE;1
Cheju;125;CASSIDY WYOMING;1
Sucre;239;DOGMA FAMILY;1
Springs;78;BLACKOUT PRIVATE;1
Lapu-Lapu;290;EVERYONE CRAFT;1
Jos Azueta;765;SATURN NAME;1
Southport;220;DEER VIRGINIAN;1
Gingoog;693;POTTER CONNECTICUT;1
Xintai;358;GILMORE BOILED;1
Hanoi;561;MASK PEACH;1
Malm;614;NAME DETECTIVE;1
Baiyin;437;HOUSE DYNAMITE;1
Kitwe;576;MIGHTY LUCK;1
Laohekou;385;GROUNDHOG UNCUT;1
Shimonoseki;686;PLUTO OLEANDER;1
Halisahar;460;INNOCENT USUAL;1
Sucre;328;FOREVER CANDIDATE;1
Lapu-Lapu;205;DANCES NONE;1
Lapu-Lapu;73;BINGO TALENTED;1
Bayugan;784;SHANGHAI TYCOON;1
Qinhuangdao;760;SAMURAI LION;1
Osmaniye;830;SPIRIT FLINTSTONES;1
Roanoke;287;ENTRAPMENT SATISFACTION;1
Bamenda;194;CROW GREASE;1
Bhopal;190;CREEPERS KANE;1
Arecibo;602;MOURNING PURPLE;1
Kurgan;848;STONE FIRE;1
Qomsheh;371;GOSFORD DONNIE;1
Erlangen;846;STING PERSONAL;1
Davao;795;SIEGE MADRE;1
Nezahualcyotl;61;BEAUTY GREASE;1
Gijn;314;FIGHT JAWBREAKER;1
Urawa;234;DISTURBING SCARFACE;1
Garland;314;FIGHT JAWBREAKER;1
Angra dos Reis;330;FORRESTER COMANCHEROS;1
Ljubertsy;796;SIERRA DIVIDE;1
Chungho;638;OPERATION OPERATION;1
Batman;369;GOODFELLAS SALUTE;1
Berhampore (Baharampur);871;SWEDEN SHINING;1
Bucuresti;918;TWISTED PIRATES;1
Tabriz;510;LAWLESS VISION;1
Xinxiang;665;PATTON INTERVIEW;1
Bamenda;489;JUGGLER HARDLY;1
Clarksville;444;HUSTLER PARTY;1
Nakhon Sawan;39;ARMAGEDDON LOST;1
Bchar;710;RAGE GAMES;1
Rockford;100;BROOKLYN DESERT;1
Cape Coral;716;REAP UNFAITHFUL;1
Talavera;956;WANDA CHAMBER;1
Mwene-Ditu;518;LIAISONS SWEET;1
Kowloon and New Kowloon;251;DRAGONFLY STRANGERS;1
Celaya;114;CAMELOT VACATION;1
Omdurman;48;BACKLASH UNDEFEATED;1
Lungtan;1000;ZORRO ARK;1
Uruapan;667;PEACH INNOCENT;1
Yangor;284;ENEMY ODDS;1
Sanya;418;HOBBIT ALIEN;1
Florencia;629;NOTORIOUS REUNION;1
Leshan;580;MINE TITANS;1
Ibirit;112;CALENDAR GUNFIGHT;1
Lilongwe;47;BABY HALL;1
Memphis;858;SUBMARINE BED;1
Izumisano;238;DOCTOR GRAIL;1
Roanoke;150;CIDER DESIRE;1
Cheju;288;ESCAPE METROPOLIS;1
San Bernardino;254;DRIVER ANNIE;1
Sullana;468;INVASION CYCLONE;1
Laredo;365;GOLD RIVER;1
Cayenne;307;FELLOWSHIP AUTUMN;1
Valle de Santiago;235;DIVIDE MONSTER;1
al-Qadarif;985;WONDERLAND CHRISTMAS;1
Parbhani;648;OUTLAW HANKY;1
Atinsk;165;COLDBLOODED DARLING;1
Robamba;273;EFFECT GLADIATOR;1
Siliguri (Shiliguri);717;REAR TRADING;1
Botshabelo;427;HOMEWARD CIDER;1
Hodeida;518;LIAISONS SWEET;1
Ocumare del Tuy;239;DOGMA FAMILY;1
Livorno;1;ACADEMY DINOSAUR;1
Baicheng;173;CONFESSIONS MAGUIRE;1
Kalisz;732;RINGS HEARTBREAKERS;1
Santiago de Compostela;683;PITY BOUND;1
Usak;173;CONFESSIONS MAGUIRE;1
Nam Dinh;647;OUTFIELD MASSACRE;1
Donostia-San Sebastin;574;MIDNIGHT WESTWARD;1
Brescia;747;ROXANNE REBEL;1
Novi Sad;559;MARRIED GO;1
Ife;575;MIDSUMMER GROUNDHOG;1
Valencia;443;HURRICANE AFFAIR;1
Tsaotun;561;MASK PEACH;1
Haiphong;500;KISS GLORY;1
Tangail;908;TRAP GUYS;1
Mardan;580;MINE TITANS;1
Nagareyama;791;SHOW LORD;1
Xiangfan;557;MANCHURIAN CURTAIN;1
Baicheng;426;HOME PITY;1
Pingxiang;255;DRIVING POLISH;1
Jinzhou;778;SECRETS PARADISE;1
Tsaotun;186;CRAFT OUTFIELD;1
London;965;WATERSHIP FRONTIER;1
Livorno;597;MOONWALKER FOOL;1
Springs;681;PIRATES ROXANNE;1
Laredo;452;ILLUSION AMELIE;1
La Romana;971;WHALE BIKINI;1
Sungai Petani;756;SADDLE ANTITRUST;1
Oyo;496;KICK SAVANNAH;1
Amroha;819;SONG HEDWIG;1
Katihar;762;SASSY PACKER;1
Qomsheh;428;HOMICIDE PEACH;1
Bhavnagar;300;FALCON VOLUME;1
Hiroshima;334;FREDDY STORM;1
Ede;633;OCTOBER SUBMARINE;1
Palghat (Palakkad);570;MERMAID INSECTS;1
Cuernavaca;265;DYING MAKER;1
Apeldoorn;374;GRAFFITI LOVE;1
Changhwa;183;CONVERSATION DOWNHILL;1
Shanwei;254;DRIVER ANNIE;1
Haining;743;ROOM ROMAN;1
s-Hertogenbosch;374;GRAFFITI LOVE;1
Fuyu;633;OCTOBER SUBMARINE;1
Mosul;119;CAPER MOTIONS;1
Ipoh;853;STRANGER STRANGERS;1
Boa Vista;453;IMAGE PRINCESS;1
Brest;691;POSEIDON FOREVER;1
Soshanguve;982;WOMEN DORADO;1
South Hill;945;VIRGINIAN PLUTO;1
Compton;218;DECEIVER BETRAYED;1
Emmen;833;SPLENDOR PATTON;1
Matamoros;19;AMADEUS HOLY;1
Saarbrcken;367;GOLDMINE TYCOON;1
Emeishan;665;PATTON INTERVIEW;1
Tieli;443;HURRICANE AFFAIR;1
Yamuna Nagar;924;UNFORGIVEN ZOOLANDER;1
Robamba;660;PARTY KNOCK;1
Tegal;629;NOTORIOUS REUNION;1
Dundee;625;NONE SPIKING;1
Hunuco;348;GANDHI KWAI;1
Beira;736;ROBBERY BRIGHT;1
Cuauhtmoc;275;EGYPT TENENBAUMS;1
Taguig;891;TIMBERLAND SKY;1
Chisinau;738;ROCKETEER MOTHER;1
Shikarpur;841;STAR OPERATION;1
Jakarta;381;GRINCH MASSAGE;1
Kaduna;10;ALADDIN CALENDAR;1
Hiroshima;378;GREATEST NORTH;1
Tandil;150;CIDER DESIRE;1
Bchar;273;EFFECT GLADIATOR;1
Jinzhou;580;MINE TITANS;1
Shanwei;250;DRAGON SQUAD;1
Manchester;427;HOMEWARD CIDER;1
Pyongyang;963;WATCH TRACY;1
Lapu-Lapu;753;RUSH GOODFELLAS;1
Dundee;924;UNFORGIVEN ZOOLANDER;1
Cape Coral;223;DESIRE ALIEN;1
Klerksdorp;43;ATLANTIS CAUSE;1
Purnea (Purnia);560;MARS ROMAN;1
Omdurman;908;TRAP GUYS;1
Maring;458;INDIAN LOVE;1
Pune;625;NONE SPIKING;1
Ruse;561;MASK PEACH;1
Jinzhou;349;GANGS PRIDE;1
Grand Prairie;875;TALENTED HOMICIDE;1
Udaipur;51;BALLOON HOMEWARD;1
Tongliao;238;DOCTOR GRAIL;1
Laiwu;748;RUGRATS SHAKESPEARE;1
Sasebo;159;CLOSER BANG;1
Fuzhou;978;WISDOM WORKER;1
ostka;748;RUGRATS SHAKESPEARE;1
Quilmes;782;SHAKESPEARE SADDLE;1
Kamjanets-Podilskyi;786;SHEPHERD MIDSUMMER;1
Bandar Seri Begawan;505;LABYRINTH LEAGUE;1
Touliu;46;AUTUMN CROW;1
Pudukkottai;11;ALAMO VIDEOTAPE;1
Kanchrapara;397;HANKY OCTOBER;1
Siliguri (Shiliguri);796;SIERRA DIVIDE;1
Dallas;150;CIDER DESIRE;1
Vancouver;99;BRINGING HYSTERICAL;1
Changzhou;159;CLOSER BANG;1
Basel;630;NOTTING SPEAKEASY;1
Saint-Denis;579;MINDS TRUMAN;1
Torren;989;WORKING MICROCOSMOS;1
Xiangfan;789;SHOCK CABIN;1
Papeete;11;ALAMO VIDEOTAPE;1
Abu Dhabi;437;HOUSE DYNAMITE;1
Tafuna;777;SECRETARY ROUGE;1
Roanoke;51;BALLOON HOMEWARD;1
Cavite;54;BANGER PINOCCHIO;1
Newcastle;867;SUPER WYOMING;1
Datong;733;RIVER OUTLAW;1
Tabuk;990;WORLD LEATHERNECKS;1
Birgunj;245;DOUBLE WRATH;1
Omiya;112;CALENDAR GUNFIGHT;1
Hoshiarpur;678;PICKUP DRIVING;1
Sawhaj;833;SPLENDOR PATTON;1
Naala-Porto;596;MOONSHINE CABIN;1
Chisinau;864;SUNDANCE INVASION;1
Bhusawal;649;OZ LIAISONS;1
Hamilton;473;JACKET FRISCO;1
Pereira;891;TIMBERLAND SKY;1
Lhokseumawe;485;JERSEY SASSY;1
Lapu-Lapu;29;ANTITRUST TOMATOES;1
Zalantun;218;DECEIVER BETRAYED;1
Tafuna;997;YOUTH KICK;1
San Juan Bautista Tuxtepec;25;ANGELS LIFE;1
Benin City;252;DREAM PICKUP;1
Kalisz;333;FREAKY POCUS;1
Mogiljov;271;EASY GLADIATOR;1
Southend-on-Sea;393;HALLOWEEN NUTS;1
Mardan;321;FLASH WARS;1
Brescia;695;PRESIDENT BANG;1
Blumenau;295;EXPENDABLE STALLION;1
San Felipe del Progreso;320;FLAMINGOS CONNECTICUT;1
Luzinia;416;HIGHBALL POTTER;1
Bag;911;TRIP NEWTON;1
Patiala;583;MISSION ZOOLANDER;1
Toulon;418;HOBBIT ALIEN;1
Buenaventura;463;INSTINCT AIRPORT;1
Belm;971;WHALE BIKINI;1
Jastrzebie-Zdrj;511;LAWRENCE LOVE;1
Haldia;578;MILLION ACE;1
al-Ayn;987;WORDS HUNTER;1
Miyakonojo;388;GUNFIGHT MOON;1
Mwanza;384;GROSSE WONDERFUL;1
Greensboro;239;DOGMA FAMILY;1
Kirovo-Tepetsk;183;CONVERSATION DOWNHILL;1
Sunnyvale;559;MARRIED GO;1
Kragujevac;162;CLUELESS BUCKET;1
Bchar;367;GOLDMINE TYCOON;1
Phnom Penh;201;CYCLONE FAMILY;1
Peoria;796;SIERRA DIVIDE;1
Kurashiki;147;CHOCOLAT HARRY;1
Cuman;142;CHICKEN HELLFIGHTERS;1
Maracabo;283;ENDING CROWDS;1
Firozabad;61;BEAUTY GREASE;1
Bhilwara;210;DARKO DORADO;1
Rio Claro;593;MONTEREY LABYRINTH;1
Tanza;644;OSCAR GOLD;1
Hubli-Dharwad;55;BARBARELLA STREETCAR;1
Vaduz;137;CHARADE DUFFEL;1
Jinchang;311;FICTION CHRISTMAS;1
La Plata;602;MOURNING PURPLE;1
Kursk;61;BEAUTY GREASE;1
Xiangfan;911;TRIP NEWTON;1
Tel Aviv-Jaffa;590;MONEY HAROLD;1
Baybay;145;CHISUM BEHAVIOR;1
Mysore;745;ROSES TREASURE;1
Kolpino;22;AMISTAD MIDSUMMER;1
Livorno;68;BETRAYED REAR;1
Usak;500;KISS GLORY;1
Vancouver;296;EXPRESS LONELY;1
Yangor;758;SAINTS BRIDE;1
Iwaki;865;SUNRISE LEAGUE;1
Udaipur;746;ROUGE SQUAD;1
Paarl;849;STORM HAPPINESS;1
Patiala;253;DRIFTER COMMANDMENTS;1
Masqat;82;BLOOD ARGONAUTS;1
Ozamis;208;DARES PLUTO;1
Santiago de los Caballeros;647;OUTFIELD MASSACRE;1
Kitwe;893;TITANS JERK;1
Witten;448;IDAHO LOVE;1
Cuautla;260;DUDE BLINDNESS;1
Santa Brbara dOeste;343;FULL FLATLINERS;1
Songkhla;422;HOLLOW JEOPARDY;1
Novoterkassk;691;POSEIDON FOREVER;1
Gaziantep;898;TOURIST PELICAN;1
Etawah;961;WASH HEAVENLY;1
Huejutla de Reyes;269;EARRING INSTINCT;1
Tychy;590;MONEY HAROLD;1
Bratislava;320;FLAMINGOS CONNECTICUT;1
Matsue;526;LOCK REAR;1
Saint Louis;652;PAJAMA JAWBREAKER;1
Jhansi;350;GARDEN ISLAND;1
Pathankot;159;CLOSER BANG;1
Ranchi;610;MUSIC BOONDOCK;1
Miraj;809;SLIPPER FIDELITY;1
Teboksary;303;FANTASY TROOPERS;1
Ueda;215;DAWN POND;1
Bijapur;963;WATCH TRACY;1
Davao;532;LOSER HUSTLER;1
Nanyang;116;CANDIDATE PERDITION;1
Saint-Denis;957;WAR NOTTING;1
Pingxiang;370;GORGEOUS BINGO;1
Urawa;481;JEKYLL FROGMEN;1
Iwatsuki;531;LOSE INCH;1
Dadu;489;JUGGLER HARDLY;1
Miraj;893;TITANS JERK;1
Hsichuh;109;BUTTERFLY CHOCOLAT;1
Kamarhati;673;PERSONAL LADYBUGS;1
Cabuyao;668;PEAK FOREVER;1
Anpolis;525;LOATHING LEGALLY;1
Tiefa;658;PARIS WEEKEND;1
Liepaja;394;HAMLET WISDOM;1
Sivas;593;MONTEREY LABYRINTH;1
So Leopoldo;938;VELVET TERMINATOR;1
Fengshan;421;HOLIDAY GAMES;1
Apeldoorn;532;LOSER HUSTLER;1
Portoviejo;382;GRIT CLOCKWORK;1
Peoria;79;BLADE POLISH;1
Guadalajara;554;MALKOVICH PET;1
Zeleznogorsk;614;NAME DETECTIVE;1
Donostia-San Sebastin;854;STRANGERS GRAFFITI;1
Shahr-e Kord;770;SCISSORHANDS SLUMS;1
Acua;707;QUEST MUSSOLINI;1
Ife;590;MONEY HAROLD;1
Valle de la Pascua;153;CITIZEN SHREK;1
Etawah;274;EGG IGBY;1
Arak;773;SEABISCUIT PUNK;1
Poos de Caldas;489;JUGGLER HARDLY;1
Leshan;631;NOVOCAINE FLIGHT;1
Valle de Santiago;383;GROOVE FICTION;1
Eskisehir;250;DRAGON SQUAD;1
Kingstown;812;SMOKING BARBARELLA;1
Sungai Petani;493;KANE EXORCIST;1
San Felipe del Progreso;831;SPIRITED CASUALTIES;1
Avellaneda;666;PAYCHECK WAIT;1
Akishima;409;HEARTBREAKERS BRIGHT;1
Namibe;158;CLONES PINOCCHIO;1
Katihar;241;DONNIE ALLEY;1
Juiz de Fora;231;DINOSAUR SECRETARY;1
Valle de Santiago;450;IDOLS SNATCHERS;1
Kaliningrad;899;TOWERS HURRICANE;1
Tianjin;129;CAUSE DATE;1
Bern;305;FATAL HAUNTED;1
Iwatsuki;832;SPLASH GUMP;1
Sullana;621;NETWORK PEAK;1
Tianjin;976;WIND PHANTOM;1
Saint-Denis;39;ARMAGEDDON LOST;1
Tonghae;992;WRATH MILE;1
Manchester;326;FLYING HOOK;1
Monclova;10;ALADDIN CALENDAR;1
Robamba;461;INSECTS STONE;1
Jastrzebie-Zdrj;774;SEARCHERS WAIT;1
Botosani;356;GIANT TROOPERS;1
Onomichi;388;GUNFIGHT MOON;1
Patiala;141;CHICAGO NORTH;1
Oulu;391;HALF OUTFIELD;1
Ruse;804;SLEEPING SUSPECTS;1
Pavlodar;402;HARPER DYING;1
Najafabad;284;ENEMY ODDS;1
Yamuna Nagar;897;TORQUE BOUND;1
Chiayi;457;INDEPENDENCE HOTEL;1
Bchar;702;PULP BEVERLY;1
Kursk;780;SENSIBILITY REAR;1
Patiala;237;DIVORCE SHINING;1
Bijapur;891;TIMBERLAND SKY;1
Caracas;167;COMA HEAD;1
Nukualofa;692;POTLUCK MIXED;1
Xiangfan;114;CAMELOT VACATION;1
Purwakarta;778;SECRETS PARADISE;1
Ezeiza;691;POSEIDON FOREVER;1
Yaound;971;WHALE BIKINI;1
Garland;639;OPPOSITE NECKLACE;1
Kingstown;939;VERTIGO NORTHWEST;1
Pangkal Pinang;266;DYNAMITE TARZAN;1
Beni-Mellal;83;BLUES INSTINCT;1
Sanaa;274;EGG IGBY;1
Bislig;247;DOWNHILL ENOUGH;1
Nuuk;350;GARDEN ISLAND;1
Tartu;454;IMPACT ALADDIN;1
Hodeida;402;HARPER DYING;1
Uruapan;446;HYSTERICAL GRAIL;1
Joliet;807;SLEUTH ORIENT;1
Usolje-Sibirskoje;154;CLASH FREDDY;1
Ikerre;71;BILKO ANONYMOUS;1
Omdurman;510;LAWLESS VISION;1
Surakarta;287;ENTRAPMENT SATISFACTION;1
Barcelona;203;DAISY MENAGERIE;1
Ivanovo;536;LOVELY JINGLE;1
Okinawa;646;OUTBREAK DIVINE;1
Smolensk;549;MAGNOLIA FORRESTER;1
Kuwana;875;TALENTED HOMICIDE;1
Zeleznogorsk;717;REAR TRADING;1
Celaya;527;LOLA AGENT;1
Jaroslavl;494;KARATE MOON;1
Fengshan;934;VANILLA DAY;1
Bucuresti;260;DUDE BLINDNESS;1
Oyo;999;ZOOLANDER FICTION;1
Coacalco de Berriozbal;851;STRAIGHT HOURS;1
Kermanshah;249;DRACULA CRYSTAL;1
Jamalpur;749;RULES HUMAN;1
Memphis;715;RANGE MOONWALKER;1
Citrus Heights;738;ROCKETEER MOTHER;1
Aparecida de Goinia;994;WYOMING STORM;1
Saint-Denis;345;GABLES METROPOLIS;1
Crdoba;707;QUEST MUSSOLINI;1
Rizhao;263;DURHAM PANKY;1
Tartu;205;DANCES NONE;1
Ruse;403;HARRY IDAHO;1
Sirjan;551;MAIDEN HOME;1
Novoterkassk;767;SCALAWAG DUCK;1
Kaduna;463;INSTINCT AIRPORT;1
Gorontalo;579;MINDS TRUMAN;1
Kamyin;985;WONDERLAND CHRISTMAS;1
Surakarta;699;PRIVATE DROP;1
Robamba;197;CRUSADE HONEY;1
Zanzibar;421;HOLIDAY GAMES;1
Kamarhati;439;HUNCHBACK IMPOSSIBLE;1
Papeete;552;MAJESTIC FLOATS;1
Weifang;536;LOVELY JINGLE;1
Lincoln;771;SCORPION APOLLO;1
Batna;986;WONKA SEA;1
Vicente Lpez;159;CLOSER BANG;1
Chatsworth;875;TALENTED HOMICIDE;1
Udine;949;VOLCANO TEXAS;1
Brindisi;559;MARRIED GO;1
Iwakuni;887;THIEF PELICAN;1
Southampton;138;CHARIOTS CONSPIRACY;1
San Juan Bautista Tuxtepec;775;SEATTLE EXPECATIONS;1
Tonghae;458;INDIAN LOVE;1
Czestochowa;269;EARRING INSTINCT;1
Osmaniye;247;DOWNHILL ENOUGH;1
Papeete;514;LEBOWSKI SOLDIERS;1
Botosani;850;STORY SIDE;1
Compton;810;SLUMS DUCK;1
Bayugan;336;FRENCH HOLIDAY;1
Madiun;728;REUNION WITCHES;1
Qomsheh;603;MOVIE SHAKESPEARE;1
Ljubertsy;647;OUTFIELD MASSACRE;1
San Bernardino;78;BLACKOUT PRIVATE;1
Koriyama;1000;ZORRO ARK;1
Cape Coral;884;TERMINATOR CLUB;1
San Lorenzo;892;TITANIC BOONDOCK;1
Coatzacoalcos;628;NORTHWEST POLISH;1
Esfahan;816;SNOWMAN ROLLERCOASTER;1
Hidalgo;738;ROCKETEER MOTHER;1
Kamyin;793;SHRUNK DIVINE;1
Iwaki;875;TALENTED HOMICIDE;1
Lilongwe;356;GIANT TROOPERS;1
Merlo;137;CHARADE DUFFEL;1
Sharja;738;ROCKETEER MOTHER;1
Bratislava;296;EXPRESS LONELY;1
Sousse;958;WARDROBE PHANTOM;1
Changhwa;537;LOVER TRUMAN;1
Toulon;751;RUNAWAY TENENBAUMS;1
Mogiljov;697;PRIMARY GLASS;1
Sunnyvale;284;ENEMY ODDS;1
San Bernardino;606;MUMMY CREATURES;1
NDjamna;69;BEVERLY OUTLAW;1
Shanwei;63;BEDAZZLED MARRIED;1
San Felipe del Progreso;546;MADRE GABLES;1
Kitwe;56;BAREFOOT MANCHURIAN;1
Yangor;451;IGBY MAKER;1
Rae Bareli;889;TIES HUNGER;1
Iligan;785;SHAWSHANK BUBBLE;1
Aurora;687;POCUS PULP;1
Adoni;484;JERK PAYCHECK;1
Syktyvkar;958;WARDROBE PHANTOM;1
Onomichi;182;CONTROL ANTHEM;1
Shenzhen;410;HEAVEN FREEDOM;1
Chapra;854;STRANGERS GRAFFITI;1
Hodeida;115;CAMPUS REMEMBER;1
Salala;823;SOUTH WAIT;1
Springs;748;RUGRATS SHAKESPEARE;1
Jastrzebie-Zdrj;361;GLEAMING JAWBREAKER;1
Suihua;259;DUCK RACER;1
Benguela;351;GASLIGHT CRUSADE;1
Xinxiang;956;WANDA CHAMBER;1
Elista;661;PAST SUICIDES;1
Tokat;890;TIGHTS DAWN;1
Hunuco;334;FREDDY STORM;1
Graz;331;FORWARD TEMPLE;1
Kamjanets-Podilskyi;760;SAMURAI LION;1
Bandar Seri Begawan;361;GLEAMING JAWBREAKER;1
Tiefa;496;KICK SAVANNAH;1
Lublin;8;AIRPORT POLLOCK;1
Springs;142;CHICKEN HELLFIGHTERS;1
Pudukkottai;127;CAT CONEHEADS;1
Koriyama;248;DOZEN LION;1
Fukuyama;25;ANGELS LIFE;1
Hoshiarpur;178;CONNECTION MICROCOSMOS;1
Kuching;313;FIDELITY DEVIL;1
Simferopol;530;LORD ARIZONA;1
Araatuba;390;GUYS FALCON;1
Fengshan;921;UNCUT SUICIDES;1
Nyeri;975;WILLOW TRACY;1
Sunnyvale;880;TELEMARK HEARTBREAKERS;1
Bat Yam;435;HOTEL HAPPINESS;1
Nabereznyje Telny;750;RUN PACIFIC;1
Pune;833;SPLENDOR PATTON;1
Benin City;749;RULES HUMAN;1
Saarbrcken;789;SHOCK CABIN;1
Tabuk;918;TWISTED PIRATES;1
Juiz de Fora;985;WONDERLAND CHRISTMAS;1
Ktahya;873;SWEETHEARTS SUSPECTS;1
Arecibo;658;PARIS WEEKEND;1
Tiefa;21;AMERICAN CIRCUS;1
Alvorada;98;BRIGHT ENCOUNTERS;1
Benin City;702;PULP BEVERLY;1
Alessandria;330;FORRESTER COMANCHEROS;1
Meixian;514;LEBOWSKI SOLDIERS;1
Vitria de Santo Anto;805;SLEEPLESS MONSOON;1
Linz;899;TOWERS HURRICANE;1
Brest;826;SPEED SUIT;1
Tanza;723;REIGN GENTLEMEN;1
Tsuyama;638;OPERATION OPERATION;1
South Hill;840;STAMPEDE DISTURBING;1
Sousse;314;FIGHT JAWBREAKER;1
Pak Kret;600;MOTIONS DETAILS;1
Usolje-Sibirskoje;537;LOVER TRUMAN;1
Dayton;540;LUCKY FLYING;1
Valle de Santiago;406;HAUNTING PIANIST;1
Jinchang;324;FLINTSTONES HAPPINESS;1
La Plata;242;DOOM DANCING;1
Shimoga;873;SWEETHEARTS SUSPECTS;1
Bamenda;757;SAGEBRUSH CLUELESS;1
Bellevue;319;FISH OPUS;1
Basel;730;RIDGEMONT SUBMARINE;1
Garland;163;CLYDE THEORY;1
Mwene-Ditu;672;PERFECT GROOVE;1
Baku;308;FERRIS MOTHER;1
Fengshan;889;TIES HUNGER;1
Springs;249;DRACULA CRYSTAL;1
Tandil;176;CONGENIALITY QUEST;1
Grand Prairie;764;SATURDAY LAMBS;1
Ziguinchor;797;SILENCE KANE;1
Shikarpur;968;WEREWOLF LOLA;1
Hagonoy;663;PATIENT SISTER;1
Nagareyama;78;BLACKOUT PRIVATE;1
Shahr-e Kord;865;SUNRISE LEAGUE;1
Hsichuh;524;LION UNCUT;1
Nukualofa;790;SHOOTIST SUPERFLY;1
Portoviejo;850;STORY SIDE;1
Gorontalo;450;IDOLS SNATCHERS;1
Mardan;638;OPERATION OPERATION;1
Dundee;218;DECEIVER BETRAYED;1
Battambang;300;FALCON VOLUME;1
Tanza;869;SUSPECTS QUILLS;1
Chiayi;554;MALKOVICH PET;1
Coquimbo;229;DEVIL DESIRE;1
South Hill;331;FORWARD TEMPLE;1
Poos de Caldas;639;OPPOSITE NECKLACE;1
Liaocheng;878;TEEN APOLLO;1
Abu Dhabi;586;MOCKINGBIRD HOLLYWOOD;1
Rae Bareli;763;SATISFACTION CONFIDENTIAL;1
Kamjanets-Podilskyi;152;CIRCUS YOUTH;1
Emmen;245;DOUBLE WRATH;1
Ocumare del Tuy;706;QUEEN LUKE;1
South Hill;462;INSIDER ARIZONA;1
Sumy;647;OUTFIELD MASSACRE;1
Pemalang;972;WHISPERER GIANT;1
Kingstown;158;CLONES PINOCCHIO;1
Southport;232;DIRTY ACE;1
Vila Velha;916;TURN STAR;1
Blumenau;170;COMMAND DARLING;1
Laiwu;118;CANYON STOCK;1
Hamilton;609;MUSCLE BRIGHT;1
Kirovo-Tepetsk;534;LOUISIANA HARRY;1
Plock;307;FELLOWSHIP AUTUMN;1
NDjamna;338;FRISCO FORREST;1
Linz;288;ESCAPE METROPOLIS;1
Kabul;234;DISTURBING SCARFACE;1
Goinia;986;WONKA SEA;1
Teboksary;172;CONEHEADS SMOOCHY;1
Hiroshima;897;TORQUE BOUND;1
Athenai;202;DADDY PITTSBURGH;1
Huixquilucan;625;NONE SPIKING;1
Tabora;666;PAYCHECK WAIT;1
Owo;972;WHISPERER GIANT;1
Bergamo;901;TRACY CIDER;1
Florencia;818;SOMETHING DUCK;1
Richmond Hill;348;GANDHI KWAI;1
Nantou;511;LAWRENCE LOVE;1
Surakarta;913;TROOPERS METAL;1
Sincelejo;280;EMPIRE MALKOVICH;1
Hoshiarpur;601;MOULIN WAKE;1
Bijapur;554;MALKOVICH PET;1
Springs;880;TELEMARK HEARTBREAKERS;1
Osmaniye;92;BOWFINGER GABLES;1
Pingxiang;59;BEAR GRACELAND;1
Sanya;437;HOUSE DYNAMITE;1
Kamyin;608;MURDER ANTITRUST;1
Tonghae;20;AMELIE HELLFIGHTERS;1
Etawah;816;SNOWMAN ROLLERCOASTER;1
Roanoke;353;GENTLEMEN STAGE;1
Tel Aviv-Jaffa;504;KWAI HOMEWARD;1
Effon-Alaiye;970;WESTWARD SEABISCUIT;1
Eskisehir;278;ELF MURDER;1
Kanchrapara;716;REAP UNFAITHFUL;1
Celaya;72;BILL OTHERS;1
Kolpino;800;SINNERS ATLANTIS;1
Naala-Porto;841;STAR OPERATION;1
Santa Brbara dOeste;838;STAGECOACH ARMAGEDDON;1
Wroclaw;123;CASABLANCA SUPER;1
Bhimavaram;390;GUYS FALCON;1
Balaiha;270;EARTH VISION;1
Kisumu;941;VIDEOTAPE ARSENIC;1
Yangor;75;BIRD INDEPENDENCE;1
Lincoln;601;MOULIN WAKE;1
Yingkou;630;NOTTING SPEAKEASY;1
Zaoyang;746;ROUGE SQUAD;1
Siliguri (Shiliguri);193;CROSSROADS CASUALTIES;1
Cuernavaca;546;MADRE GABLES;1
Uttarpara-Kotrung;864;SUNDANCE INVASION;1
Syrakusa;895;TOMORROW HUSTLER;1
Cuman;665;PATTON INTERVIEW;1
Xinxiang;125;CASSIDY WYOMING;1
Abha;350;GARDEN ISLAND;1
Stara Zagora;773;SEABISCUIT PUNK;1
Rio Claro;443;HURRICANE AFFAIR;1
Vancouver;57;BASIC EASY;1
Maikop;298;EYES DRIVING;1
Springs;109;BUTTERFLY CHOCOLAT;1
Sumy;996;YOUNG LANGUAGE;1
Syktyvkar;402;HARPER DYING;1
Joliet;906;TRAMP OTHERS;1
Coatzacoalcos;6;AGENT TRUMAN;1
Kingstown;350;GARDEN ISLAND;1
Bellevue;344;FURY MURDER;1
Katihar;135;CHANCE RESURRECTION;1
Loja;905;TRAINSPOTTING STRANGERS;1
Dayton;577;MILE MULAN;1
Rio Claro;257;DRUMLINE CYCLONE;1
Baku;900;TOWN ARK;1
Southend-on-Sea;668;PEAK FOREVER;1
Eskisehir;273;EFFECT GLADIATOR;1
Athenai;23;ANACONDA CONFESSIONS;1
Gorontalo;445;HYDE DOCTOR;1
Ljubertsy;621;NETWORK PEAK;1
Salamanca;919;TYCOON GATHERING;1
Sorocaba;651;PACKER MADIGAN;1
Adana;174;CONFIDENTIAL INTERVIEW;1
Bhilwara;170;COMMAND DARLING;1
Okara;157;CLOCKWORK PARADISE;1
Bhopal;435;HOTEL HAPPINESS;1
Birgunj;531;LOSE INCH;1
Sungai Petani;589;MODERN DORADO;1
Mukateve;604;MULAN MOON;1
Mysore;58;BEACH HEARTBREAKERS;1
Banjul;105;BULL SHAWSHANK;1
Daxian;328;FOREVER CANDIDATE;1
Hanoi;790;SHOOTIST SUPERFLY;1
Ashgabat;605;MULHOLLAND BEAST;1
Pudukkottai;374;GRAFFITI LOVE;1
Anpolis;975;WILLOW TRACY;1
Asuncin;644;OSCAR GOLD;1
Bern;199;CUPBOARD SINNERS;1
Valle de Santiago;327;FOOL MOCKINGBIRD;1
Namibe;663;PATIENT SISTER;1
Czestochowa;130;CELEBRITY HORN;1
Owo;11;ALAMO VIDEOTAPE;1
Namibe;134;CHAMPION FLATLINERS;1
Songkhla;15;ALIEN CENTER;1
Kalisz;232;DIRTY ACE;1
Dongying;826;SPEED SUIT;1
Le Mans;118;CANYON STOCK;1
Mexicali;450;IDOLS SNATCHERS;1
Sumy;902;TRADING PINOCCHIO;1
Junan;238;DOCTOR GRAIL;1
Mit Ghamr;31;APACHE DIVINE;1
York;714;RANDOM GO;1
Meixian;707;QUEST MUSSOLINI;1
Kamjanets-Podilskyi;566;MAUDE MOD;1
Sokoto;914;TROUBLE DATE;1
Cuernavaca;69;BEVERLY OUTLAW;1
Mardan;218;DECEIVER BETRAYED;1
Richmond Hill;444;HUSTLER PARTY;1
Bat Yam;919;TYCOON GATHERING;1
Bhusawal;690;POND SEATTLE;1
al-Qatif;580;MINE TITANS;1
Miraj;927;UPRISING UPTOWN;1
Kilis;783;SHANE DARKNESS;1
Lausanne;412;HEAVYWEIGHTS BEAST;1
Linz;534;LOUISIANA HARRY;1
Nador;269;EARRING INSTINCT;1
Hino;620;NEMO CAMPUS;1
Chatsworth;979;WITCHES PANIC;1
Pathankot;460;INNOCENT USUAL;1
Bydgoszcz;261;DUFFEL APOCALYPSE;1
El Alto;650;PACIFIC AMISTAD;1
Sousse;149;CHRISTMAS MOONSHINE;1
Plock;358;GILMORE BOILED;1
El Alto;760;SAMURAI LION;1
Ashdod;744;ROOTS REMEMBER;1
Santiago de los Caballeros;686;PLUTO OLEANDER;1
Davao;554;MALKOVICH PET;1
Elista;201;CYCLONE FAMILY;1
South Hill;55;BARBARELLA STREETCAR;1
Pingxiang;930;VACATION BOONDOCK;1
Aurora;893;TITANS JERK;1
Mysore;215;DAWN POND;1
Uttarpara-Kotrung;583;MISSION ZOOLANDER;1
Beira;232;DIRTY ACE;1
Boa Vista;244;DORADO NOTTING;1
Charlotte Amalie;767;SCALAWAG DUCK;1
Cam Ranh;521;LIES TREATMENT;1
Onomichi;886;THEORY MERMAID;1
Pemalang;315;FINDING ANACONDA;1
Baybay;203;DAISY MENAGERIE;1
Santo Andr;363;GO PURPLE;1
Kabul;247;DOWNHILL ENOUGH;1
Molodetno;942;VIETNAM SMOOCHY;1
Monclova;384;GROSSE WONDERFUL;1
Jinzhou;261;DUFFEL APOCALYPSE;1
Garden Grove;805;SLEEPLESS MONSOON;1
Aurora;700;PRIX UNDEFEATED;1
Daxian;374;GRAFFITI LOVE;1
Nuuk;303;FANTASY TROOPERS;1
Ashdod;891;TIMBERLAND SKY;1
Funafuti;522;LIFE TWISTED;1
Ogbomosho;42;ARTIST COLDBLOODED;1
Esfahan;13;ALI FOREVER;1
Tonghae;399;HAPPINESS UNITED;1
Nuuk;979;WITCHES PANIC;1
Palghat (Palakkad);615;NASH CHOCOLAT;1
Kaduna;637;OPEN AFRICAN;1
Boksburg;583;MISSION ZOOLANDER;1
Shubra al-Khayma;590;MONEY HAROLD;1
Robamba;707;QUEST MUSSOLINI;1
Sorocaba;672;PERFECT GROOVE;1
Trshavn;348;GANDHI KWAI;1
NDjamna;917;TUXEDO MILE;1
Asuncin;177;CONNECTICUT TRAMP;1
Omiya;336;FRENCH HOLIDAY;1
Citrus Heights;230;DIARY PANIC;1
Valparai;367;GOLDMINE TYCOON;1
Southend-on-Sea;646;OUTBREAK DIVINE;1
Nagareyama;510;LAWLESS VISION;1
Duisburg;193;CROSSROADS CASUALTIES;1
Vinh;357;GILBERT PELICAN;1
Kanazawa;798;SILVERADO GOLDFINGER;1
Halifax;608;MURDER ANTITRUST;1
Zhoushan;26;ANNIE IDENTITY;1
Bayugan;57;BASIC EASY;1
Otsu;167;COMA HEAD;1
Tuguegarao;311;FICTION CHRISTMAS;1
Masqat;502;KNOCK WARLOCK;1
Firozabad;891;TIMBERLAND SKY;1
Jakarta;19;AMADEUS HOLY;1
Tama;26;ANNIE IDENTITY;1
Effon-Alaiye;244;DORADO NOTTING;1
Celaya;24;ANALYZE HOOSIERS;1
Hino;806;SLEEPY JAPANESE;1
Masqat;305;FATAL HAUNTED;1
Quilmes;570;MERMAID INSECTS;1
Lausanne;106;BULWORTH COMMANDMENTS;1
Gingoog;448;IDAHO LOVE;1
Saint-Denis;285;ENGLISH BULWORTH;1
Southend-on-Sea;468;INVASION CYCLONE;1
Vinh;934;VANILLA DAY;1
Benguela;665;PATTON INTERVIEW;1
Changhwa;747;ROXANNE REBEL;1
al-Ayn;752;RUNNER MADIGAN;1
Karnal;113;CALIFORNIA BIRDS;1
Huaian;625;NONE SPIKING;1
Ueda;149;CHRISTMAS MOONSHINE;1
Merlo;806;SLEEPY JAPANESE;1
Zhoushan;481;JEKYLL FROGMEN;1
Salala;792;SHREK LICENSE;1
Nagaon;218;DECEIVER BETRAYED;1
Baha Blanca;739;ROCKY WAR;1
Apeldoorn;570;MERMAID INSECTS;1
Daxian;871;SWEDEN SHINING;1
Chatsworth;232;DIRTY ACE;1
Balaiha;505;LABYRINTH LEAGUE;1
Dundee;738;ROCKETEER MOTHER;1
Sorocaba;966;WEDDING APOLLO;1
Changhwa;461;INSECTS STONE;1
Ljubertsy;364;GODFATHER DIARY;1
Memphis;415;HIGH ENCINO;1
Omdurman;762;SASSY PACKER;1
Jaffna;727;RESURRECTION SILVERADO;1
Saint Louis;710;RAGE GAMES;1
Vaduz;369;GOODFELLAS SALUTE;1
Antofagasta;75;BIRD INDEPENDENCE;1
Vancouver;255;DRIVING POLISH;1
Arecibo;381;GRINCH MASSAGE;1
Sumqayit;859;SUGAR WONKA;1
Cayenne;229;DEVIL DESIRE;1
Pavlodar;430;HOOK CHARIOTS;1
Brindisi;175;CONFUSED CANDLES;1
al-Qadarif;789;SHOCK CABIN;1
Qinhuangdao;288;ESCAPE METROPOLIS;1
Iwatsuki;963;WATCH TRACY;1
Simferopol;580;MINE TITANS;1
Kakamigahara;589;MODERN DORADO;1
Florencia;462;INSIDER ARIZONA;1
Benin City;890;TIGHTS DAWN;1
Baku;339;FROGMEN BREAKING;1
Idfu;556;MALTESE HOPE;1
Compton;803;SLACKER LIAISONS;1
Weifang;381;GRINCH MASSAGE;1
Salamanca;341;FROST HEAD;1
South Hill;942;VIETNAM SMOOCHY;1
Lubumbashi;42;ARTIST COLDBLOODED;1
Yerevan;734;ROAD ROXANNE;1
Fontana;697;PRIMARY GLASS;1
Yinchuan;298;EYES DRIVING;1
Naju;73;BINGO TALENTED;1
Inegl;770;SCISSORHANDS SLUMS;1
Gorontalo;210;DARKO DORADO;1
Grand Prairie;994;WYOMING STORM;1
Mexicali;639;OPPOSITE NECKLACE;1
Ibirit;559;MARRIED GO;1
Nuuk;490;JUMANJI BLADE;1
Liaocheng;331;FORWARD TEMPLE;1
San Miguel de Tucumn;356;GIANT TROOPERS;1
Allende;657;PARADISE SABRINA;1
Adoni;423;HOLLYWOOD ANONYMOUS;1
Halle/Saale;250;DRAGON SQUAD;1
El Monte;450;IDOLS SNATCHERS;1
Koriyama;107;BUNCH MINDS;1
La Plata;772;SEA VIRGIN;1
Poos de Caldas;138;CHARIOTS CONSPIRACY;1
Benguela;533;LOST BIRD;1
Zanzibar;91;BOUND CHEAPER;1
Chisinau;803;SLACKER LIAISONS;1
Juiz de Fora;456;INCH JET;1
Parbhani;356;GIANT TROOPERS;1
Hanoi;772;SEA VIRGIN;1
Bijapur;372;GRACELAND DYNAMITE;1
Udaipur;648;OUTLAW HANKY;1
Qinhuangdao;358;GILMORE BOILED;1
Iwakuni;724;REMEMBER DIARY;1
Jaroslavl;450;IDOLS SNATCHERS;1
London;625;NONE SPIKING;1
Omiya;577;MILE MULAN;1
Athenai;367;GOLDMINE TYCOON;1
Hsichuh;479;JEDI BENEATH;1
Omiya;464;INTENTIONS EMPIRE;1
Omdurman;540;LUCKY FLYING;1
Warren;710;RAGE GAMES;1
Bislig;700;PRIX UNDEFEATED;1
Stara Zagora;132;CHAINSAW UPTOWN;1
Inegl;367;GOLDMINE TYCOON;1
Iwatsuki;539;LUCK OPUS;1
Bilbays;160;CLUB GRAFFITI;1
Bhilwara;268;EARLY HOME;1
Sanaa;518;LIAISONS SWEET;1
Bratislava;481;JEKYLL FROGMEN;1
Valparai;337;FRIDA SLIPPER;1
Rio Claro;11;ALAMO VIDEOTAPE;1
Pingxiang;551;MAIDEN HOME;1
Antofagasta;348;GANDHI KWAI;1
Vancouver;461;INSECTS STONE;1
Iligan;555;MALLRATS UNITED;1
Otsu;589;MODERN DORADO;1
Smolensk;913;TROOPERS METAL;1
Battambang;526;LOCK REAR;1
Inegl;555;MALLRATS UNITED;1
Botshabelo;531;LOSE INCH;1
Zanzibar;457;INDEPENDENCE HOTEL;1
Naala-Porto;216;DAY UNFAITHFUL;1
Qomsheh;184;CORE SUIT;1
Duisburg;407;HAWK CHILL;1
Lincoln;72;BILL OTHERS;1
Amroha;753;RUSH GOODFELLAS;1
Eskisehir;462;INSIDER ARIZONA;1
Lincoln;525;LOATHING LEGALLY;1
Xinxiang;599;MOTHER OLEANDER;1
Balaiha;725;REQUIEM TYCOON;1
Rae Bareli;798;SILVERADO GOLDFINGER;1
Nam Dinh;284;ENEMY ODDS;1
Nakhon Sawan;933;VAMPIRE WHALE;1
Asuncin;921;UNCUT SUICIDES;1
Juiz de Fora;177;CONNECTICUT TRAMP;1
Erlangen;430;HOOK CHARIOTS;1
Jedda;279;ELIZABETH SHANE;1
Hohhot;333;FREAKY POCUS;1
Manchester;780;SENSIBILITY REAR;1
Stara Zagora;764;SATURDAY LAMBS;1
Eskisehir;409;HEARTBREAKERS BRIGHT;1
Cuman;609;MUSCLE BRIGHT;1
Antofagasta;67;BERETS AGENT;1
Citt del Vaticano;295;EXPENDABLE STALLION;1
Xiangfan;616;NATIONAL STORY;1
NDjamna;320;FLAMINGOS CONNECTICUT;1
Skikda;967;WEEKEND PERSONAL;1
Plock;244;DORADO NOTTING;1
Rampur;969;WEST LION;1
Skikda;896;TOOTSIE PILOT;1
Parbhani;349;GANGS PRIDE;1
El Monte;446;HYSTERICAL GRAIL;1
Chatsworth;186;CRAFT OUTFIELD;1
A Corua (La Corua);170;COMMAND DARLING;1
Bilbays;82;BLOOD ARGONAUTS;1
Coatzacoalcos;908;TRAP GUYS;1
Zhezqazghan;15;ALIEN CENTER;1
Callao;981;WOLVES DESIRE;1
Jamalpur;522;LIFE TWISTED;1
Chisinau;121;CAROL TEXAS;1
Hanoi;881;TEMPLE ATTRACTION;1
Salinas;804;SLEEPING SUSPECTS;1
Kalisz;151;CINCINATTI WHISPERER;1
Alessandria;403;HARRY IDAHO;1
Palghat (Palakkad);8;AIRPORT POLLOCK;1
Clarksville;465;INTERVIEW LIAISONS;1
Aden;927;UPRISING UPTOWN;1
Zapopan;45;ATTRACTION NEWTON;1
San Felipe del Progreso;912;TROJAN TOMORROW;1
El Fuerte;287;ENTRAPMENT SATISFACTION;1
El Monte;624;NIGHTMARE CHILL;1
Ocumare del Tuy;252;DREAM PICKUP;1
Emmen;143;CHILL LUCK;1
Po;697;PRIMARY GLASS;1
Fukuyama;472;ITALIAN AFRICAN;1
Patiala;645;OTHERS SOUP;1
Laohekou;437;HOUSE DYNAMITE;1
Mit Ghamr;298;EYES DRIVING;1
Kanchrapara;778;SECRETS PARADISE;1
La Romana;957;WAR NOTTING;1
Paarl;446;HYSTERICAL GRAIL;1
Bhopal;326;FLYING HOOK;1
Goinia;878;TEEN APOLLO;1
Cianjur;403;HARRY IDAHO;1
Mannheim;430;HOOK CHARIOTS;1
Rampur;25;ANGELS LIFE;1
Sokoto;166;COLOR PHILADELPHIA;1
Davao;61;BEAUTY GREASE;1
Carmen;617;NATURAL STOCK;1
Tete;112;CALENDAR GUNFIGHT;1
Soshanguve;732;RINGS HEARTBREAKERS;1
Fukuyama;49;BADMAN DAWN;1
Mardan;735;ROBBERS JOON;1
Kirovo-Tepetsk;798;SILVERADO GOLDFINGER;1
Ciomas;170;COMMAND DARLING;1
Avellaneda;356;GIANT TROOPERS;1
Ashdod;182;CONTROL ANTHEM;1
Probolinggo;869;SUSPECTS QUILLS;1
Johannesburg;333;FREAKY POCUS;1
Stockport;304;FARGO GANDHI;1
Hsichuh;538;LOVERBOY ATTACKS;1
Antofagasta;563;MASSACRE USUAL;1
Kalisz;16;ALLEY EVOLUTION;1
Tokat;580;MINE TITANS;1
Jodhpur;984;WONDERFUL DROP;1
Tsaotun;866;SUNSET RACER;1
Xinxiang;935;VANISHED GARDEN;1
Pontianak;594;MONTEZUMA COMMAND;1
Jastrzebie-Zdrj;638;OPERATION OPERATION;1
Saint-Denis;610;MUSIC BOONDOCK;1
Kisumu;779;SENSE GREEK;1
Jastrzebie-Zdrj;86;BOOGIE AMELIE;1
Chandrapur;461;INSECTS STONE;1
Benin City;327;FOOL MOCKINGBIRD;1
Novoterkassk;234;DISTURBING SCARFACE;1
Kitwe;971;WHALE BIKINI;1
Maikop;13;ALI FOREVER;1
Mannheim;308;FERRIS MOTHER;1
Usolje-Sibirskoje;122;CARRIE BUNCH;1
Taguig;734;ROAD ROXANNE;1
Maikop;438;HUMAN GRAFFITI;1
Daugavpils;352;GATHERING CALENDAR;1
Toulouse;814;SNATCH SLIPPER;1
Uluberia;593;MONTEREY LABYRINTH;1
Iwaki;846;STING PERSONAL;1
Mardan;631;NOVOCAINE FLIGHT;1
Bhimavaram;311;FICTION CHRISTMAS;1
Shahr-e Kord;15;ALIEN CENTER;1
Fontana;964;WATERFRONT DELIVERANCE;1
Benin City;603;MOVIE SHAKESPEARE;1
Stara Zagora;220;DEER VIRGINIAN;1
Omdurman;817;SOLDIERS EVOLUTION;1
Ahmadnagar;69;BEVERLY OUTLAW;1
Belm;134;CHAMPION FLATLINERS;1
Lungtan;65;BEHAVIOR RUNAWAY;1
London;480;JEEPERS WEDDING;1
al-Manama;463;INSTINCT AIRPORT;1
Belm;206;DANCING FEVER;1
Fuzhou;651;PACKER MADIGAN;1
Merlo;674;PET HAUNTING;1
Cayenne;878;TEEN APOLLO;1
Kermanshah;23;ANACONDA CONFESSIONS;1
Iligan;946;VIRTUAL SPOILERS;1
Iwaki;856;STREETCAR INTENTIONS;1
Tandil;809;SLIPPER FIDELITY;1
Kamarhati;185;COWBOY DOOM;1
Miraj;938;VELVET TERMINATOR;1
Siliguri (Shiliguri);412;HEAVYWEIGHTS BEAST;1
Antofagasta;570;MERMAID INSECTS;1
Kansas City;612;MUSSOLINI SPOILERS;1
Fontana;887;THIEF PELICAN;1
Haldia;600;MOTIONS DETAILS;1
Hunuco;191;CROOKED FROGMEN;1
Mosul;863;SUN CONFESSIONS;1
Madiun;20;AMELIE HELLFIGHTERS;1
Bamenda;145;CHISUM BEHAVIOR;1
Springs;341;FROST HEAD;1
Meixian;886;THEORY MERMAID;1
Poos de Caldas;86;BOOGIE AMELIE;1
Lublin;672;PERFECT GROOVE;1
Lengshuijiang;251;DRAGONFLY STRANGERS;1
Dayton;856;STREETCAR INTENTIONS;1
Paarl;462;INSIDER ARIZONA;1
Bradford;895;TOMORROW HUSTLER;1
Hiroshima;39;ARMAGEDDON LOST;1
Bijapur;383;GROOVE FICTION;1
Kilis;817;SOLDIERS EVOLUTION;1
Elista;458;INDIAN LOVE;1
Cuautla;292;EXCITEMENT EVE;1
Ogbomosho;308;FERRIS MOTHER;1
Arecibo;100;BROOKLYN DESERT;1
NDjamna;143;CHILL LUCK;1
guas Lindas de Gois;43;ATLANTIS CAUSE;1
Bratislava;368;GONE TROUBLE;1
Laredo;775;SEATTLE EXPECATIONS;1
Miraj;732;RINGS HEARTBREAKERS;1
Najafabad;921;UNCUT SUICIDES;1
Bhopal;100;BROOKLYN DESERT;1
Shaoguan;460;INNOCENT USUAL;1
Jodhpur;197;CRUSADE HONEY;1
Hamilton;1;ACADEMY DINOSAUR;1
Cianjur;880;TELEMARK HEARTBREAKERS;1
Pudukkottai;181;CONTACT ANONYMOUS;1
Pontianak;210;DARKO DORADO;1
Lapu-Lapu;348;GANDHI KWAI;1
Tete;677;PIANIST OUTFIELD;1
Tangail;81;BLINDNESS GUN;1
Uruapan;378;GREATEST NORTH;1
Gijn;906;TRAMP OTHERS;1
Arecibo;330;FORRESTER COMANCHEROS;1
Arecibo;927;UPRISING UPTOWN;1
Gijn;901;TRACY CIDER;1
Purnea (Purnia);586;MOCKINGBIRD HOLLYWOOD;1
Batna;1000;ZORRO ARK;1
Yuncheng;777;SECRETARY ROUGE;1
Surakarta;283;ENDING CROWDS;1
Jedda;48;BACKLASH UNDEFEATED;1
Naala-Porto;104;BUGSY SONG;1
Lincoln;124;CASPER DRAGONFLY;1
Skikda;40;ARMY FLINTSTONES;1
Bhavnagar;915;TRUMAN CRAZY;1
Zaoyang;649;OZ LIAISONS;1
Weifang;789;SHOCK CABIN;1
Mahajanga;500;KISS GLORY;1
Kursk;979;WITCHES PANIC;1
Hiroshima;792;SHREK LICENSE;1
Cavite;866;SUNSET RACER;1
Touliu;716;REAP UNFAITHFUL;1
Tanshui;392;HALL CASSIDY;1
Malm;380;GREEK EVERYONE;1
Sivas;273;EFFECT GLADIATOR;1
Brockton;585;MOB DUFFEL;1
Garden Grove;247;DOWNHILL ENOUGH;1
Cayenne;244;DORADO NOTTING;1
Bradford;405;HAUNTED ANTITRUST;1
Baybay;767;SCALAWAG DUCK;1
Jalib al-Shuyukh;149;CHRISTMAS MOONSHINE;1
Kingstown;58;BEACH HEARTBREAKERS;1
Lipetsk;152;CIRCUS YOUTH;1
Zeleznogorsk;674;PET HAUNTING;1
Hunuco;405;HAUNTED ANTITRUST;1
Datong;303;FANTASY TROOPERS;1
Yangor;688;POLISH BROOKLYN;1
Baybay;246;DOUBTFIRE LABYRINTH;1
Bat Yam;11;ALAMO VIDEOTAPE;1
Belm;895;TOMORROW HUSTLER;1
Gatineau;913;TROOPERS METAL;1
Shivapuri;378;GREATEST NORTH;1
Kimberley;590;MONEY HAROLD;1
Yangor;30;ANYTHING SAVANNAH;1
Santa Rosa;301;FAMILY SWEET;1
Jelets;698;PRINCESS GIANT;1
Santiago de Compostela;639;OPPOSITE NECKLACE;1
Southend-on-Sea;982;WOMEN DORADO;1
Acua;28;ANTHEM LUKE;1
Siliguri (Shiliguri);666;PAYCHECK WAIT;1
Ponce;928;UPTOWN YOUNG;1
Braslia;877;TAXI KICK;1
Gatineau;946;VIRTUAL SPOILERS;1
Pyongyang;426;HOME PITY;1
Skikda;433;HORN WORKING;1
Cuautla;640;OPUS ICE;1
Vila Velha;825;SPEAKEASY DATE;1
Florencia;478;JAWS HARRY;1
Huejutla de Reyes;131;CENTER DINOSAUR;1
Ashgabat;78;BLACKOUT PRIVATE;1
Acua;280;EMPIRE MALKOVICH;1
Deba Habe;199;CUPBOARD SINNERS;1
Faaa;95;BREAKFAST GOLDFINGER;1
al-Manama;817;SOLDIERS EVOLUTION;1
Balaiha;396;HANGING DEEP;1
Gorontalo;788;SHIP WONDERLAND;1
Najafabad;476;JASON TRAP;1
Ponce;914;TROUBLE DATE;1
Oulu;602;MOURNING PURPLE;1
Portoviejo;309;FEUD FROGMEN;1
Kaduna;270;EARTH VISION;1
Valle de Santiago;122;CARRIE BUNCH;1
Iwatsuki;573;MICROCOSMOS PARADISE;1
Liepaja;857;STRICTLY SCARFACE;1
Taizz;299;FACTORY DRAGON;1
Kitwe;797;SILENCE KANE;1
Qomsheh;302;FANTASIA PARK;1
Banjul;825;SPEAKEASY DATE;1
Kermanshah;634;ODDS BOOGIE;1
Iligan;474;JADE BUNCH;1
Lapu-Lapu;720;REDEMPTION COMFORTS;1
Saint-Denis;908;TRAP GUYS;1
Phnom Penh;598;MOSQUITO ARMAGEDDON;1
Adana;629;NOTORIOUS REUNION;1
Adana;600;MOTIONS DETAILS;1
Zhezqazghan;367;GOLDMINE TYCOON;1
Lhokseumawe;395;HANDICAP BOONDOCK;1
Satna;500;KISS GLORY;1
Bamenda;54;BANGER PINOCCHIO;1
Yuncheng;381;GRINCH MASSAGE;1
Mosul;577;MILE MULAN;1
Kakamigahara;285;ENGLISH BULWORTH;1
Bat Yam;829;SPINAL ROCKY;1
Bhilwara;857;STRICTLY SCARFACE;1
Hanoi;103;BUCKET BROTHERHOOD;1
Zhezqazghan;786;SHEPHERD MIDSUMMER;1
Lungtan;17;ALONE TRIP;1
Omdurman;571;METAL ARMAGEDDON;1
Dadu;292;EXCITEMENT EVE;1
Cheju;621;NETWORK PEAK;1
Callao;586;MOCKINGBIRD HOLLYWOOD;1
Liepaja;330;FORRESTER COMANCHEROS;1
Baha Blanca;511;LAWRENCE LOVE;1
Escobar;397;HANKY OCTOBER;1
South Hill;981;WOLVES DESIRE;1
Dongying;961;WASH HEAVENLY;1
Higashiosaka;196;CRUELTY UNFORGIVEN;1
Okara;84;BOILED DARES;1
Vaduz;13;ALI FOREVER;1
Tychy;900;TOWN ARK;1
Belm;138;CHARIOTS CONSPIRACY;1
South Hill;829;SPINAL ROCKY;1
Sasebo;982;WOMEN DORADO;1
Siliguri (Shiliguri);755;SABRINA MIDNIGHT;1
Klerksdorp;445;HYDE DOCTOR;1
Angra dos Reis;105;BULL SHAWSHANK;1
Brindisi;235;DIVIDE MONSTER;1
Tanshui;298;EYES DRIVING;1
Tiefa;887;THIEF PELICAN;1
San Miguel de Tucumn;50;BAKED CLEOPATRA;1
San Miguel de Tucumn;829;SPINAL ROCKY;1
Usolje-Sibirskoje;800;SINNERS ATLANTIS;1
Qomsheh;978;WISDOM WORKER;1
Saarbrcken;833;SPLENDOR PATTON;1
Lancaster;175;CONFUSED CANDLES;1
Nantou;962;WASTELAND DIVINE;1
Sunnyvale;519;LIBERTY MAGNIFICENT;1
Plock;293;EXORCIST STING;1
Ife;533;LOST BIRD;1
Pjatigorsk;796;SIERRA DIVIDE;1
San Miguel de Tucumn;627;NORTH TEQUILA;1
Tanshui;159;CLOSER BANG;1
Cheju;363;GO PURPLE;1
Sorocaba;137;CHARADE DUFFEL;1
Ipoh;101;BROTHERHOOD BLANKET;1
Mosul;580;MINE TITANS;1
Zaoyang;292;EXCITEMENT EVE;1
Bijapur;958;WARDROBE PHANTOM;1
Sucre;68;BETRAYED REAR;1
Sharja;550;MAGUIRE APACHE;1
Teboksary;819;SONG HEDWIG;1
Linz;905;TRAINSPOTTING STRANGERS;1
Bhusawal;981;WOLVES DESIRE;1
Tafuna;910;TREATMENT JEKYLL;1
Onomichi;572;METROPOLIS COMA;1
Enshi;662;PATHS CONTROL;1
Datong;51;BALLOON HOMEWARD;1
Luzinia;302;FANTASIA PARK;1
Citrus Heights;253;DRIFTER COMMANDMENTS;1
Matsue;44;ATTACKS HATE;1
Weifang;803;SLACKER LIAISONS;1
Benguela;95;BREAKFAST GOLDFINGER;1
Ocumare del Tuy;167;COMA HEAD;1
Balurghat;846;STING PERSONAL;1
Jos Azueta;835;SPY MILE;1
Toulon;281;ENCINO ELF;1
Jalib al-Shuyukh;281;ENCINO ELF;1
Ezhou;804;SLEEPING SUSPECTS;1
Uttarpara-Kotrung;379;GREEDY ROOTS;1
Kilis;870;SWARM GOLD;1
Greensboro;270;EARTH VISION;1
Yuzhou;884;TERMINATOR CLUB;1
Balurghat;204;DALMATIONS SWEDEN;1
Purwakarta;139;CHASING FIGHT;1
Binzhou;189;CREATURES SHAKESPEARE;1
Jedda;879;TELEGRAPH VOYAGE;1
Karnal;677;PIANIST OUTFIELD;1
Tartu;397;HANKY OCTOBER;1
Koriyama;685;PLATOON INSTINCT;1
Zaria;42;ARTIST COLDBLOODED;1
Valle de Santiago;589;MODERN DORADO;1
Cayenne;222;DESERT POSEIDON;1
Kragujevac;628;NORTHWEST POLISH;1
Acua;503;KRAMER CHOCOLATE;1
Ibirit;549;MAGNOLIA FORRESTER;1
Yingkou;809;SLIPPER FIDELITY;1
Loja;340;FRONTIER CABIN;1
Mwanza;17;ALONE TRIP;1
Ruse;638;OPERATION OPERATION;1
Bhopal;385;GROUNDHOG UNCUT;1
Tanauan;898;TOURIST PELICAN;1
Tanshui;644;OSCAR GOLD;1
Baku;568;MEMENTO ZOOLANDER;1
Ciomas;184;CORE SUIT;1
Liepaja;502;KNOCK WARLOCK;1
Ponce;840;STAMPEDE DISTURBING;1
Uijongbu;723;REIGN GENTLEMEN;1
Boksburg;483;JERICHO MULAN;1
Addis Abeba;771;SCORPION APOLLO;1
Fuyu;562;MASKED BUBBLE;1
Miraj;86;BOOGIE AMELIE;1
Guaruj;540;LUCKY FLYING;1
Iwaki;921;UNCUT SUICIDES;1
Citrus Heights;397;HANKY OCTOBER;1
Sanaa;530;LORD ARIZONA;1
Shenzhen;992;WRATH MILE;1
Haldia;117;CANDLES GRAPES;1
Sharja;894;TOMATOES HELLFIGHTERS;1
Hohhot;260;DUDE BLINDNESS;1
Omiya;461;INSECTS STONE;1
Pjatigorsk;708;QUILLS BULL;1
Talavera;418;HOBBIT ALIEN;1
Cayenne;531;LOSE INCH;1
Chisinau;951;VOYAGE LEGALLY;1
Idfu;374;GRAFFITI LOVE;1
Anpolis;794;SIDE ARK;1
Smolensk;828;SPIKING ELEMENT;1
Kisumu;778;SECRETS PARADISE;1
Peoria;132;CHAINSAW UPTOWN;1
Moscow;987;WORDS HUNTER;1
Tuguegarao;16;ALLEY EVOLUTION;1
Izumisano;693;POTTER CONNECTICUT;1
Nador;466;INTOLERABLE INTENTIONS;1
Cianjur;474;JADE BUNCH;1
Kurgan;911;TRIP NEWTON;1
San Juan Bautista Tuxtepec;530;LORD ARIZONA;1
Sagamihara;508;LAMBS CINCINATTI;1
Okayama;932;VALLEY PACKER;1
Bhopal;213;DATE SPEED;1
Escobar;830;SPIRIT FLINTSTONES;1
London;880;TELEMARK HEARTBREAKERS;1
Abu Dhabi;894;TOMATOES HELLFIGHTERS;1
Tuguegarao;775;SEATTLE EXPECATIONS;1
Jhansi;391;HALF OUTFIELD;1
Suihua;97;BRIDE INTRIGUE;1
Haiphong;852;STRANGELOVE DESIRE;1
Southport;634;ODDS BOOGIE;1
Changzhou;366;GOLDFINGER SENSIBILITY;1
Zhezqazghan;522;LIFE TWISTED;1
Alessandria;110;CABIN FLASH;1
Sokoto;792;SHREK LICENSE;1
Iwakuni;242;DOOM DANCING;1
Pontianak;37;ARIZONA BANG;1
Matamoros;645;OTHERS SOUP;1
Taguig;150;CIDER DESIRE;1
Tama;127;CAT CONEHEADS;1
Hodeida;327;FOOL MOCKINGBIRD;1
Boa Vista;116;CANDIDATE PERDITION;1
Siliguri (Shiliguri);855;STREAK RIDGEMONT;1
Addis Abeba;114;CAMELOT VACATION;1
Fengshan;609;MUSCLE BRIGHT;1
So Leopoldo;250;DRAGON SQUAD;1
Nuuk;116;CANDIDATE PERDITION;1
Tsaotun;16;ALLEY EVOLUTION;1
Santa F;362;GLORY TRACY;1
Katihar;799;SIMON NORTH;1
Botshabelo;89;BORROWERS BEDAZZLED;1
Southend-on-Sea;309;FEUD FROGMEN;1
Kragujevac;763;SATISFACTION CONFIDENTIAL;1
Baybay;461;INSECTS STONE;1
Huixquilucan;582;MIRACLE VIRTUAL;1
Iwatsuki;373;GRADUATE LORD;1
Chiayi;382;GRIT CLOCKWORK;1
Celaya;571;METAL ARMAGEDDON;1
Sirjan;567;MEET CHOCOLATE;1
Saint-Denis;776;SECRET GROUNDHOG;1
Apeldoorn;287;ENTRAPMENT SATISFACTION;1
Merlo;73;BINGO TALENTED;1
Cuautla;494;KARATE MOON;1
Oulu;464;INTENTIONS EMPIRE;1
Sunnyvale;436;HOURS RAGE;1
Huaian;409;HEARTBREAKERS BRIGHT;1
Liepaja;668;PEAK FOREVER;1
Shimoga;77;BIRDS PERDITION;1
Ashgabat;43;ATLANTIS CAUSE;1
Poos de Caldas;890;TIGHTS DAWN;1
Ashdod;337;FRIDA SLIPPER;1
Olomouc;770;SCISSORHANDS SLUMS;1
Abu Dhabi;162;CLUELESS BUCKET;1
Shimonoseki;784;SHANGHAI TYCOON;1
Szkesfehrvr;668;PEAK FOREVER;1
Udaipur;661;PAST SUICIDES;1
Tanshui;987;WORDS HUNTER;1
San Juan Bautista Tuxtepec;823;SOUTH WAIT;1
Higashiosaka;562;MASKED BUBBLE;1
Kamyin;326;FLYING HOOK;1
Phnom Penh;493;KANE EXORCIST;1
Jaffna;525;LOATHING LEGALLY;1
Tonghae;203;DAISY MENAGERIE;1
Yangor;504;KWAI HOMEWARD;1
Halle/Saale;672;PERFECT GROOVE;1
Kilis;389;GUNFIGHTER MUSSOLINI;1
Braslia;182;CONTROL ANTHEM;1
Kurgan;810;SLUMS DUCK;1
Witten;326;FLYING HOOK;1
Ashqelon;501;KISSING DOLLS;1
Callao;935;VANISHED GARDEN;1
Talavera;179;CONQUERER NUTS;1
Luzinia;557;MANCHURIAN CURTAIN;1
Ezhou;27;ANONYMOUS HUMAN;1
Iwatsuki;590;MONEY HAROLD;1
Sanya;251;DRAGONFLY STRANGERS;1
Ibirit;820;SONS INTERVIEW;1
Quilmes;229;DEVIL DESIRE;1
Tsuyama;117;CANDLES GRAPES;1
Uruapan;798;SILVERADO GOLDFINGER;1
Parbhani;764;SATURDAY LAMBS;1
Tanauan;152;CIRCUS YOUTH;1
Jodhpur;623;NEWTON LABYRINTH;1
Pune;654;PANKY SUBMARINE;1
Matamoros;717;REAR TRADING;1
Belm;393;HALLOWEEN NUTS;1
Yuzhou;159;CLOSER BANG;1
Maracabo;744;ROOTS REMEMBER;1
Lincoln;270;EARTH VISION;1
Trshavn;850;STORY SIDE;1
Fontana;45;ATTRACTION NEWTON;1
Denizli;478;JAWS HARRY;1
Jaffna;617;NATURAL STOCK;1
Varanasi (Benares);177;CONNECTICUT TRAMP;1
Suihua;918;TWISTED PIRATES;1
Tete;981;WOLVES DESIRE;1
Ueda;863;SUN CONFESSIONS;1
Davao;748;RUGRATS SHAKESPEARE;1
Dadu;356;GIANT TROOPERS;1
Baybay;556;MALTESE HOPE;1
Jamalpur;631;NOVOCAINE FLIGHT;1
Oulu;875;TALENTED HOMICIDE;1
Blumenau;673;PERSONAL LADYBUGS;1
Brockton;43;ATLANTIS CAUSE;1
Laiwu;626;NOON PAPI;1
Parbhani;35;ARACHNOPHOBIA ROLLERCOASTER;1
Salamanca;610;MUSIC BOONDOCK;1
Fukuyama;160;CLUB GRAFFITI;1
Tongliao;388;GUNFIGHT MOON;1
Amersfoort;528;LOLITA WORLD;1
Chisinau;428;HOMICIDE PEACH;1
Yaound;348;GANDHI KWAI;1
Chisinau;895;TOMORROW HUSTLER;1
Kamyin;734;ROAD ROXANNE;1
Luzinia;641;ORANGE GRAPES;1
Ikerre;641;ORANGE GRAPES;1
Loja;857;STRICTLY SCARFACE;1
Laiwu;796;SIERRA DIVIDE;1
Maikop;776;SECRET GROUNDHOG;1
Paarl;237;DIVORCE SHINING;1
Beira;786;SHEPHERD MIDSUMMER;1
Jelets;872;SWEET BROTHERHOOD;1
Urawa;511;LAWRENCE LOVE;1
Usak;811;SMILE EARRING;1
Tokat;975;WILLOW TRACY;1
Gingoog;280;EMPIRE MALKOVICH;1
Lipetsk;513;LEATHERNECKS DWARFS;1
Cuernavaca;760;SAMURAI LION;1
El Alto;285;ENGLISH BULWORTH;1
Davao;631;NOVOCAINE FLIGHT;1
Kisumu;290;EVERYONE CRAFT;1
Haiphong;187;CRANES RESERVOIR;1
Berhampore (Baharampur);969;WEST LION;1
Newcastle;793;SHRUNK DIVINE;1
Koriyama;447;ICE CROSSING;1
Czestochowa;291;EVOLUTION ALTER;1
Monclova;851;STRAIGHT HOURS;1
Kamarhati;791;SHOW LORD;1
Tanauan;715;RANGE MOONWALKER;1
Shaoguan;526;LOCK REAR;1
Ueda;403;HARRY IDAHO;1
Halisahar;631;NOVOCAINE FLIGHT;1
Hiroshima;872;SWEET BROTHERHOOD;1
Tabora;116;CANDIDATE PERDITION;1
Matamoros;599;MOTHER OLEANDER;1
Roanoke;753;RUSH GOODFELLAS;1
Citt del Vaticano;127;CAT CONEHEADS;1
Gulbarga;641;ORANGE GRAPES;1
Boa Vista;691;POSEIDON FOREVER;1
Athenai;940;VICTORY ACADEMY;1
Kurgan;697;PRIMARY GLASS;1
Yaound;641;ORANGE GRAPES;1
Le Mans;574;MIDNIGHT WESTWARD;1
Salamanca;78;BLACKOUT PRIVATE;1
Fukuyama;224;DESPERATE TRAINSPOTTING;1
Dhaka;915;TRUMAN CRAZY;1
Augusta-Richmond County;649;OZ LIAISONS;1
Usak;35;ARACHNOPHOBIA ROLLERCOASTER;1
Kisumu;10;ALADDIN CALENDAR;1
Pune;269;EARRING INSTINCT;1
Zaria;821;SORORITY QUEEN;1
Karnal;448;IDAHO LOVE;1
Balurghat;323;FLIGHT LIES;1
Kolpino;270;EARTH VISION;1
Bhopal;379;GREEDY ROOTS;1
Denizli;99;BRINGING HYSTERICAL;1
Valencia;987;WORDS HUNTER;1
Chiayi;408;HEAD STRANGER;1
Zaria;562;MASKED BUBBLE;1
Donostia-San Sebastin;598;MOSQUITO ARMAGEDDON;1
Sousse;905;TRAINSPOTTING STRANGERS;1
So Bernardo do Campo;20;AMELIE HELLFIGHTERS;1
Taguig;455;IMPOSSIBLE PREJUDICE;1
Haldia;661;PAST SUICIDES;1
Augusta-Richmond County;944;VIRGIN DAISY;1
Saarbrcken;544;MADISON TRAP;1
Baiyin;728;REUNION WITCHES;1
Avellaneda;250;DRAGON SQUAD;1
Santo Andr;280;EMPIRE MALKOVICH;1
Adoni;614;NAME DETECTIVE;1
Sumy;879;TELEGRAPH VOYAGE;1
Citrus Heights;101;BROTHERHOOD BLANKET;1
Kamakura;55;BARBARELLA STREETCAR;1
Pyongyang;416;HIGHBALL POTTER;1
Baku;348;GANDHI KWAI;1
Cuman;695;PRESIDENT BANG;1
Allende;246;DOUBTFIRE LABYRINTH;1
Adana;882;TENENBAUMS COMMAND;1
Bhusawal;7;AIRPLANE SIERRA;1
Chapra;255;DRIVING POLISH;1
Iwatsuki;427;HOMEWARD CIDER;1
Baiyin;126;CASUALTIES ENCINO;1
Papeete;81;BLINDNESS GUN;1
Nezahualcyotl;601;MOULIN WAKE;1
Arlington;734;ROAD ROXANNE;1
Ogbomosho;893;TITANS JERK;1
Madiun;191;CROOKED FROGMEN;1
Bradford;891;TIMBERLAND SKY;1
Chisinau;610;MUSIC BOONDOCK;1
Richmond Hill;97;BRIDE INTRIGUE;1
Inegl;964;WATERFRONT DELIVERANCE;1
Purwakarta;851;STRAIGHT HOURS;1
Palghat (Palakkad);643;ORIENT CLOSER;1
Le Mans;63;BEDAZZLED MARRIED;1
Jinchang;800;SINNERS ATLANTIS;1
Witten;456;INCH JET;1
Okara;396;HANGING DEEP;1
Shimonoseki;135;CHANCE RESURRECTION;1
Guadalajara;380;GREEK EVERYONE;1
Otsu;586;MOCKINGBIRD HOLLYWOOD;1
Yaound;281;ENCINO ELF;1
Bislig;331;FORWARD TEMPLE;1
Loja;179;CONQUERER NUTS;1
Weifang;897;TORQUE BOUND;1
Surakarta;723;REIGN GENTLEMEN;1
Salinas;908;TRAP GUYS;1
Fuyu;621;NETWORK PEAK;1
Changzhou;478;JAWS HARRY;1
Higashiosaka;962;WASTELAND DIVINE;1
Allappuzha (Alleppey);759;SALUTE APOLLO;1
Stockport;297;EXTRAORDINARY CONQUERER;1
Poos de Caldas;478;JAWS HARRY;1
Antofagasta;768;SCARFACE BANG;1
Paarl;461;INSECTS STONE;1
Yuncheng;222;DESERT POSEIDON;1
Torren;979;WITCHES PANIC;1
Aurora;321;FLASH WARS;1
Ponce;790;SHOOTIST SUPERFLY;1
Citt del Vaticano;373;GRADUATE LORD;1
Witten;426;HOME PITY;1
Southport;556;MALTESE HOPE;1
Aurora;914;TROUBLE DATE;1
Shanwei;945;VIRGINIAN PLUTO;1
Haining;520;LICENSE WEEKEND;1
Dhaka;225;DESTINATION JERK;1
Crdoba;183;CONVERSATION DOWNHILL;1
Mardan;317;FIREBALL PHILADELPHIA;1
Dallas;880;TELEMARK HEARTBREAKERS;1
Liepaja;27;ANONYMOUS HUMAN;1
Salamanca;670;PELICAN COMFORTS;1
Hami;520;LICENSE WEEKEND;1
London;382;GRIT CLOCKWORK;1
Ponce;585;MOB DUFFEL;1
Tiefa;557;MANCHURIAN CURTAIN;1
Berhampore (Baharampur);162;CLUELESS BUCKET;1
Laohekou;891;TIMBERLAND SKY;1
Ashdod;945;VIRGINIAN PLUTO;1
Caracas;810;SLUMS DUCK;1
Hidalgo;638;OPERATION OPERATION;1
Bilbays;103;BUCKET BROTHERHOOD;1
Probolinggo;9;ALABAMA DEVIL;1
Anpolis;172;CONEHEADS SMOOCHY;1
Zalantun;719;RECORDS ZORRO;1
Baha Blanca;977;WINDOW SIDE;1
Kuwana;623;NEWTON LABYRINTH;1
Tanauan;720;REDEMPTION COMFORTS;1
Ezeiza;703;PUNK DIVORCE;1
Usolje-Sibirskoje;702;PULP BEVERLY;1
Tonghae;816;SNOWMAN ROLLERCOASTER;1
Molodetno;403;HARRY IDAHO;1
Buenaventura;121;CAROL TEXAS;1
Baicheng;141;CHICAGO NORTH;1
Sunnyvale;741;ROMAN PUNK;1
Pune;784;SHANGHAI TYCOON;1
Nyeri;794;SIDE ARK;1
Brest;758;SAINTS BRIDE;1
Hamilton;722;REEF SALUTE;1
Jaroslavl;847;STOCK GLASS;1
Jos Azueta;402;HARPER DYING;1
Usak;226;DESTINY SATURDAY;1
Lima;809;SLIPPER FIDELITY;1
Kuching;504;KWAI HOMEWARD;1
Changhwa;174;CONFIDENTIAL INTERVIEW;1
Monclova;760;SAMURAI LION;1
Sogamoso;961;WASH HEAVENLY;1
Cuauhtmoc;418;HOBBIT ALIEN;1
Binzhou;436;HOURS RAGE;1
Mwanza;952;WAGON JAWS;1
Otsu;449;IDENTITY LOVER;1
Ikerre;879;TELEGRAPH VOYAGE;1
Halle/Saale;900;TOWN ARK;1
Uttarpara-Kotrung;333;FREAKY POCUS;1
Mit Ghamr;187;CRANES RESERVOIR;1
Pak Kret;897;TORQUE BOUND;1
Buenaventura;294;EXPECATIONS NATURAL;1
San Felipe del Progreso;625;NONE SPIKING;1
Sharja;408;HEAD STRANGER;1
Vinh;167;COMA HEAD;1
Mysore;301;FAMILY SWEET;1
Tsaotun;476;JASON TRAP;1
Salinas;775;SEATTLE EXPECATIONS;1
Hsichuh;985;WONDERLAND CHRISTMAS;1
Rae Bareli;720;REDEMPTION COMFORTS;1
Moscow;878;TEEN APOLLO;1
Jhansi;213;DATE SPEED;1
Jinchang;273;EFFECT GLADIATOR;1
Amroha;489;JUGGLER HARDLY;1
Batman;873;SWEETHEARTS SUSPECTS;1
Saarbrcken;89;BORROWERS BEDAZZLED;1
Valencia;621;NETWORK PEAK;1
Southend-on-Sea;917;TUXEDO MILE;1
Liepaja;37;ARIZONA BANG;1
Ozamis;193;CROSSROADS CASUALTIES;1
Syrakusa;369;GOODFELLAS SALUTE;1
Salzburg;162;CLUELESS BUCKET;1
So Bernardo do Campo;865;SUNRISE LEAGUE;1
Ogbomosho;1000;ZORRO ARK;1
Vicente Lpez;795;SIEGE MADRE;1
Stockport;826;SPEED SUIT;1
Tabora;780;SENSIBILITY REAR;1
Sogamoso;987;WORDS HUNTER;1
Blumenau;825;SPEAKEASY DATE;1
Binzhou;863;SUN CONFESSIONS;1
Tsaotun;326;FLYING HOOK;1
Cayenne;418;HOBBIT ALIEN;1
So Leopoldo;698;PRINCESS GIANT;1
Tabriz;189;CREATURES SHAKESPEARE;1
El Alto;933;VAMPIRE WHALE;1
Niznekamsk;489;JUGGLER HARDLY;1
Peoria;1000;ZORRO ARK;1
Niznekamsk;476;JASON TRAP;1
Shaoguan;351;GASLIGHT CRUSADE;1
Touliu;683;PITY BOUND;1
Garden Grove;773;SEABISCUIT PUNK;1
Akron;614;NAME DETECTIVE;1
Saarbrcken;311;FICTION CHRISTMAS;1
Vinh;79;BLADE POLISH;1
Soshanguve;524;LION UNCUT;1
Ogbomosho;849;STORM HAPPINESS;1
Ilorin;390;GUYS FALCON;1
Touliu;850;STORY SIDE;1
Mwanza;995;YENTL IDAHO;1
Udine;273;EFFECT GLADIATOR;1
Ruse;58;BEACH HEARTBREAKERS;1
Santa F;398;HANOVER GALAXY;1
Balaiha;624;NIGHTMARE CHILL;1
NDjamna;89;BORROWERS BEDAZZLED;1
Idfu;665;PATTON INTERVIEW;1
Tangail;967;WEEKEND PERSONAL;1
Bergamo;928;UPTOWN YOUNG;1
Kurashiki;993;WRONG BEHAVIOR;1
Jelets;127;CAT CONEHEADS;1
Kalisz;468;INVASION CYCLONE;1
Patras;164;COAST RAINBOW;1
Sterling Heights;139;CHASING FIGHT;1
Tsaotun;191;CROOKED FROGMEN;1
Huixquilucan;489;JUGGLER HARDLY;1
Emmen;582;MIRACLE VIRTUAL;1
Jaroslavl;697;PRIMARY GLASS;1
Higashiosaka;244;DORADO NOTTING;1
Santo Andr;228;DETECTIVE VISION;1
Valle de la Pascua;760;SAMURAI LION;1
Sogamoso;587;MOD SECRETARY;1
Bayugan;122;CARRIE BUNCH;1
Bhavnagar;269;EARRING INSTINCT;1
Ueda;789;SHOCK CABIN;1
Santiago de los Caballeros;136;CHAPLIN LICENSE;1
Brindisi;207;DANGEROUS UPTOWN;1
Lubumbashi;781;SEVEN SWARM;1
Jalib al-Shuyukh;524;LION UNCUT;1
Hino;986;WONKA SEA;1
Fontana;825;SPEAKEASY DATE;1
Varanasi (Benares);481;JEKYLL FROGMEN;1
Robamba;256;DROP WATERFRONT;1
Novoterkassk;29;ANTITRUST TOMATOES;1
Firozabad;89;BORROWERS BEDAZZLED;1
Santiago de Compostela;897;TORQUE BOUND;1
Tafuna;349;GANGS PRIDE;1
Gijn;151;CINCINATTI WHISPERER;1
Linz;970;WESTWARD SEABISCUIT;1
Escobar;901;TRACY CIDER;1
Taguig;808;SLING LUKE;1
Tabuk;162;CLUELESS BUCKET;1
Mandaluyong;69;BEVERLY OUTLAW;1
Mysore;819;SONG HEDWIG;1
Kaduna;417;HILLS NEIGHBORS;1
Baybay;216;DAY UNFAITHFUL;1
Qinhuangdao;913;TROOPERS METAL;1
Nuuk;366;GOLDFINGER SENSIBILITY;1
Mandi Bahauddin;12;ALASKA PHANTOM;1
Coquimbo;347;GAMES BOWFINGER;1
Jurez;345;GABLES METROPOLIS;1
Yamuna Nagar;1000;ZORRO ARK;1
Zaoyang;617;NATURAL STOCK;1
South Hill;456;INCH JET;1
Banjul;892;TITANIC BOONDOCK;1
Kurashiki;177;CONNECTICUT TRAMP;1
Nha Trang;875;TALENTED HOMICIDE;1
Arlington;738;ROCKETEER MOTHER;1
El Fuerte;753;RUSH GOODFELLAS;1
So Leopoldo;723;REIGN GENTLEMEN;1
Gorontalo;103;BUCKET BROTHERHOOD;1
Cuman;958;WARDROBE PHANTOM;1
Kimchon;631;NOVOCAINE FLIGHT;1
Peoria;878;TEEN APOLLO;1
Saint-Denis;414;HELLFIGHTERS SIERRA;1
Ogbomosho;961;WASH HEAVENLY;1
Lubumbashi;526;LOCK REAR;1
Pune;311;FICTION CHRISTMAS;1
Cianjur;433;HORN WORKING;1
Blumenau;48;BACKLASH UNDEFEATED;1
Phnom Penh;586;MOCKINGBIRD HOLLYWOOD;1
Korla;311;FICTION CHRISTMAS;1
Nukualofa;415;HIGH ENCINO;1
Grand Prairie;115;CAMPUS REMEMBER;1
Jos Azueta;414;HELLFIGHTERS SIERRA;1
Deba Habe;97;BRIDE INTRIGUE;1
Hunuco;429;HONEY TIES;1
Portoviejo;331;FORWARD TEMPLE;1
Cabuyao;688;POLISH BROOKLYN;1
Florencia;257;DRUMLINE CYCLONE;1
Pak Kret;609;MUSCLE BRIGHT;1
Sokoto;69;BEVERLY OUTLAW;1
Chatsworth;430;HOOK CHARIOTS;1
Shanwei;709;RACER EGG;1
Tangail;451;IGBY MAKER;1
Yaound;637;OPEN AFRICAN;1
Ueda;234;DISTURBING SCARFACE;1
Pune;535;LOVE SUICIDES;1
Tsuyama;623;NEWTON LABYRINTH;1
Jaroslavl;328;FOREVER CANDIDATE;1
Maracabo;764;SATURDAY LAMBS;1
Matamoros;951;VOYAGE LEGALLY;1
Oyo;621;NETWORK PEAK;1
Maikop;476;JASON TRAP;1
Ezhou;969;WEST LION;1
Ourense (Orense);614;NAME DETECTIVE;1
Juiz de Fora;69;BEVERLY OUTLAW;1
Crdoba;316;FIRE WOLVES;1
Plock;797;SILENCE KANE;1
Nuuk;936;VANISHING ROCKY;1
Lhokseumawe;555;MALLRATS UNITED;1
Brockton;911;TRIP NEWTON;1
Carmen;685;PLATOON INSTINCT;1
Jakarta;704;PURE RUNNER;1
Caracas;959;WARLOCK WEREWOLF;1
Charlotte Amalie;285;ENGLISH BULWORTH;1
Salala;625;NONE SPIKING;1
Cayenne;696;PRIDE ALAMO;1
Esfahan;373;GRADUATE LORD;1
Joliet;24;ANALYZE HOOSIERS;1
ostka;408;HEAD STRANGER;1
San Felipe del Progreso;881;TEMPLE ATTRACTION;1
Xiangtan;338;FRISCO FORREST;1
Munger (Monghyr);271;EASY GLADIATOR;1
Mysore;665;PATTON INTERVIEW;1
Atinsk;494;KARATE MOON;1
Torren;937;VARSITY TRIP;1
Springs;48;BACKLASH UNDEFEATED;1
Monywa;241;DONNIE ALLEY;1
Karnal;486;JET NEIGHBORS;1
Pjatigorsk;83;BLUES INSTINCT;1
Iligan;62;BED HIGHBALL;1
Balikesir;643;ORIENT CLOSER;1
Kolpino;273;EFFECT GLADIATOR;1
Hoshiarpur;116;CANDIDATE PERDITION;1
Po;90;BOULEVARD MOB;1
Memphis;857;STRICTLY SCARFACE;1
Pontianak;6;AGENT TRUMAN;1
Nam Dinh;440;HUNGER ROOF;1
Greensboro;912;TROJAN TOMORROW;1
Florencia;79;BLADE POLISH;1
Poos de Caldas;234;DISTURBING SCARFACE;1
Laohekou;347;GAMES BOWFINGER;1
Santiago de Compostela;428;HOMICIDE PEACH;1
Okayama;251;DRAGONFLY STRANGERS;1
Baicheng;635;OKLAHOMA JUMANJI;1
Alessandria;432;HOPE TOOTSIE;1
Matsue;985;WONDERLAND CHRISTMAS;1
Effon-Alaiye;862;SUMMER SCARFACE;1
Cianjur;241;DONNIE ALLEY;1
Sanya;253;DRIFTER COMMANDMENTS;1
Taguig;849;STORM HAPPINESS;1
Kumbakonam;528;LOLITA WORLD;1
Qomsheh;412;HEAVYWEIGHTS BEAST;1
Boksburg;178;CONNECTION MICROCOSMOS;1
Pathankot;581;MINORITY KISS;1
Rustenburg;841;STAR OPERATION;1
Fontana;348;GANDHI KWAI;1
Escobar;467;INTRIGUE WORST;1
Antofagasta;212;DARN FORRESTER;1
Simferopol;234;DISTURBING SCARFACE;1
Daugavpils;663;PATIENT SISTER;1
Shanwei;621;NETWORK PEAK;1
Kanazawa;744;ROOTS REMEMBER;1
Liaocheng;970;WESTWARD SEABISCUIT;1
Kingstown;627;NORTH TEQUILA;1
Maring;893;TITANS JERK;1
Hami;807;SLEUTH ORIENT;1
Sharja;540;LUCKY FLYING;1
Kowloon and New Kowloon;925;UNITED PILOT;1
Botosani;239;DOGMA FAMILY;1
Johannesburg;593;MONTEREY LABYRINTH;1
Funafuti;883;TEQUILA PAST;1
Oshawa;846;STING PERSONAL;1
Trshavn;209;DARKNESS WAR;1
ostka;681;PIRATES ROXANNE;1
Aden;460;INNOCENT USUAL;1
Pune;871;SWEDEN SHINING;1
Battambang;26;ANNIE IDENTITY;1
Jastrzebie-Zdrj;42;ARTIST COLDBLOODED;1
Szkesfehrvr;12;ALASKA PHANTOM;1
Bratislava;382;GRIT CLOCKWORK;1
Dallas;657;PARADISE SABRINA;1
Omdurman;739;ROCKY WAR;1
Berhampore (Baharampur);304;FARGO GANDHI;1
Brescia;872;SWEET BROTHERHOOD;1
London;165;COLDBLOODED DARLING;1
Yamuna Nagar;311;FICTION CHRISTMAS;1
Novoterkassk;47;BABY HALL;1
Allappuzha (Alleppey);556;MALTESE HOPE;1
Ueda;539;LUCK OPUS;1
Rockford;334;FREDDY STORM;1
Uruapan;658;PARIS WEEKEND;1
Tongliao;284;ENEMY ODDS;1
Tegal;871;SWEDEN SHINING;1
Fengshan;785;SHAWSHANK BUBBLE;1
Boksburg;691;POSEIDON FOREVER;1
Ashdod;753;RUSH GOODFELLAS;1
Nezahualcyotl;650;PACIFIC AMISTAD;1
Southport;738;ROCKETEER MOTHER;1
Torren;274;EGG IGBY;1
Bamenda;640;OPUS ICE;1
Springs;785;SHAWSHANK BUBBLE;1
Palghat (Palakkad);506;LADY STAGE;1
Bhilwara;212;DARN FORRESTER;1
Bratislava;95;BREAKFAST GOLDFINGER;1
Athenai;464;INTENTIONS EMPIRE;1
Nezahualcyotl;398;HANOVER GALAXY;1
Varanasi (Benares);535;LOVE SUICIDES;1
al-Qadarif;284;ENEMY ODDS;1
Garland;331;FORWARD TEMPLE;1
Rajkot;456;INCH JET;1
Arecibo;749;RULES HUMAN;1
Madiun;551;MAIDEN HOME;1
Adoni;804;SLEEPING SUSPECTS;1
Ziguinchor;924;UNFORGIVEN ZOOLANDER;1
Santa Rosa;141;CHICAGO NORTH;1
Juiz de Fora;741;ROMAN PUNK;1
Sambhal;387;GUN BONNIE;1
Fengshan;750;RUN PACIFIC;1
Kimchon;178;CONNECTION MICROCOSMOS;1
Enshi;101;BROTHERHOOD BLANKET;1
Cianjur;186;CRAFT OUTFIELD;1
Laiwu;697;PRIMARY GLASS;1
Szkesfehrvr;99;BRINGING HYSTERICAL;1
Daugavpils;117;CANDLES GRAPES;1
Pemalang;670;PELICAN COMFORTS;1
Syrakusa;173;CONFESSIONS MAGUIRE;1
Uluberia;525;LOATHING LEGALLY;1
Mukateve;805;SLEEPLESS MONSOON;1
Sambhal;897;TORQUE BOUND;1
al-Manama;546;MADRE GABLES;1
Coatzacoalcos;312;FIDDLER LOST;1
Poos de Caldas;903;TRAFFIC HOBBIT;1
Tsuyama;100;BROOKLYN DESERT;1
Kimberley;563;MASSACRE USUAL;1
Matsue;363;GO PURPLE;1
Ife;175;CONFUSED CANDLES;1
Jamalpur;85;BONNIE HOLOCAUST;1
Cuautla;140;CHEAPER CLYDE;1
Oshawa;602;MOURNING PURPLE;1
Eskisehir;285;ENGLISH BULWORTH;1
Bhavnagar;583;MISSION ZOOLANDER;1
Syktyvkar;476;JASON TRAP;1
El Alto;234;DISTURBING SCARFACE;1
Braslia;948;VOICE PEACH;1
Augusta-Richmond County;791;SHOW LORD;1
Clarksville;239;DOGMA FAMILY;1
Bislig;471;ISLAND EXORCIST;1
Tegal;284;ENEMY ODDS;1
Purwakarta;471;ISLAND EXORCIST;1
Ourense (Orense);447;ICE CROSSING;1
Ashgabat;442;HUNTING MUSKETEERS;1
Nyeri;603;MOVIE SHAKESPEARE;1
Bandar Seri Begawan;457;INDEPENDENCE HOTEL;1
Sagamihara;823;SOUTH WAIT;1
Hidalgo;542;LUST LOCK;1
Fengshan;711;RAGING AIRPLANE;1
Kursk;907;TRANSLATION SUMMER;1
Hino;765;SATURN NAME;1
Mysore;953;WAIT CIDER;1
Daugavpils;946;VIRTUAL SPOILERS;1
Boksburg;279;ELIZABETH SHANE;1
Aurora;207;DANGEROUS UPTOWN;1
Santa Brbara dOeste;617;NATURAL STOCK;1
Southend-on-Sea;274;EGG IGBY;1
Oyo;130;CELEBRITY HORN;1
Grand Prairie;739;ROCKY WAR;1
Uttarpara-Kotrung;454;IMPACT ALADDIN;1
Citrus Heights;457;INDEPENDENCE HOTEL;1
Leshan;800;SINNERS ATLANTIS;1
Okinawa;901;TRACY CIDER;1
Hodeida;844;STEERS ARMAGEDDON;1
Tartu;674;PET HAUNTING;1
Sunnyvale;212;DARN FORRESTER;1
Sumy;196;CRUELTY UNFORGIVEN;1
Antofagasta;346;GALAXY SWEETHEARTS;1
Braslia;898;TOURIST PELICAN;1
Tabuk;147;CHOCOLAT HARRY;1
Yingkou;861;SUIT WALLS;1
Richmond Hill;161;CLUE GRAIL;1
Springs;234;DISTURBING SCARFACE;1
Shimoga;761;SANTA PARIS;1
San Felipe de Puerto Plata;554;MALKOVICH PET;1
London;982;WOMEN DORADO;1
Ife;482;JEOPARDY ENCINO;1
Rajkot;455;IMPOSSIBLE PREJUDICE;1
Emmen;65;BEHAVIOR RUNAWAY;1
Udaipur;119;CAPER MOTIONS;1
Katihar;560;MARS ROMAN;1
Ife;667;PEACH INNOCENT;1
Livorno;51;BALLOON HOMEWARD;1
Sanaa;159;CLOSER BANG;1
Chandrapur;278;ELF MURDER;1
Fuyu;687;POCUS PULP;1
Mahajanga;321;FLASH WARS;1
Antofagasta;973;WIFE TURN;1
Toulouse;275;EGYPT TENENBAUMS;1
Hunuco;746;ROUGE SQUAD;1
Chapra;923;UNFAITHFUL KILL;1
Vijayawada;888;THIN SAGEBRUSH;1
Asuncin;877;TAXI KICK;1
Huaian;378;GREATEST NORTH;1
Mosul;42;ARTIST COLDBLOODED;1
Beira;992;WRATH MILE;1
Springs;627;NORTH TEQUILA;1
Maikop;313;FIDELITY DEVIL;1
Bergamo;123;CASABLANCA SUPER;1
Callao;344;FURY MURDER;1
Alvorada;547;MAGIC MALLRATS;1
Saint Louis;791;SHOW LORD;1
Santiago de los Caballeros;683;PITY BOUND;1
Sambhal;899;TOWERS HURRICANE;1
Lapu-Lapu;735;ROBBERS JOON;1
Uijongbu;589;MODERN DORADO;1
Yantai;687;POCUS PULP;1
York;194;CROW GREASE;1
Rancagua;216;DAY UNFAITHFUL;1
Santiago de Compostela;406;HAUNTING PIANIST;1
Lincoln;387;GUN BONNIE;1
Okinawa;426;HOME PITY;1
Kamyin;972;WHISPERER GIANT;1
Vicente Lpez;564;MASSAGE IMAGE;1
Nagaon;45;ATTRACTION NEWTON;1
Richmond Hill;664;PATRIOT ROMAN;1
San Lorenzo;378;GREATEST NORTH;1
Asuncin;166;COLOR PHILADELPHIA;1
Gingoog;786;SHEPHERD MIDSUMMER;1
Bergamo;183;CONVERSATION DOWNHILL;1
Lilongwe;479;JEDI BENEATH;1
Hodeida;609;MUSCLE BRIGHT;1
Yantai;216;DAY UNFAITHFUL;1
Richmond Hill;177;CONNECTICUT TRAMP;1
Nanyang;764;SATURDAY LAMBS;1
Bern;973;WIFE TURN;1
Oyo;319;FISH OPUS;1
Leshan;810;SLUMS DUCK;1
Leshan;596;MOONSHINE CABIN;1
Tsuyama;202;DADDY PITTSBURGH;1
Blumenau;786;SHEPHERD MIDSUMMER;1
Dos Quebradas;109;BUTTERFLY CHOCOLAT;1
Toulouse;138;CHARIOTS CONSPIRACY;1
Tabora;988;WORKER TARZAN;1
Crdoba;554;MALKOVICH PET;1
Batna;501;KISSING DOLLS;1
Nukualofa;398;HANOVER GALAXY;1
Botshabelo;851;STRAIGHT HOURS;1
Uttarpara-Kotrung;697;PRIMARY GLASS;1
Amersfoort;487;JINGLE SAGEBRUSH;1
Caracas;806;SLEEPY JAPANESE;1
Effon-Alaiye;356;GIANT TROOPERS;1
Ondo;723;REIGN GENTLEMEN;1
Shimonoseki;958;WARDROBE PHANTOM;1
Bhilwara;873;SWEETHEARTS SUSPECTS;1
Cam Ranh;361;GLEAMING JAWBREAKER;1
Xiangfan;667;PEACH INNOCENT;1
Zeleznogorsk;150;CIDER DESIRE;1
Uijongbu;644;OSCAR GOLD;1
Adana;205;DANCES NONE;1
Huixquilucan;17;ALONE TRIP;1
Goinia;313;FIDELITY DEVIL;1
Zanzibar;31;APACHE DIVINE;1
Aden;270;EARTH VISION;1
Kuching;575;MIDSUMMER GROUNDHOG;1
Coquimbo;207;DANGEROUS UPTOWN;1
Pune;314;FIGHT JAWBREAKER;1
San Felipe de Puerto Plata;423;HOLLYWOOD ANONYMOUS;1
Alvorada;602;MOURNING PURPLE;1
Nagareyama;484;JERK PAYCHECK;1
Kursk;698;PRINCESS GIANT;1
Mahajanga;302;FANTASIA PARK;1
Pudukkottai;930;VACATION BOONDOCK;1
Garden Grove;835;SPY MILE;1
San Felipe del Progreso;890;TIGHTS DAWN;1
Sal;710;RAGE GAMES;1
Southend-on-Sea;153;CITIZEN SHREK;1
Ambattur;275;EGYPT TENENBAUMS;1
Abha;275;EGYPT TENENBAUMS;1
Ipoh;354;GHOST GROUNDHOG;1
Matamoros;985;WONDERLAND CHRISTMAS;1
Xiangfan;15;ALIEN CENTER;1
Zaria;177;CONNECTICUT TRAMP;1
Liepaja;820;SONS INTERVIEW;1
Firozabad;122;CARRIE BUNCH;1
Nha Trang;499;KING EVOLUTION;1
Uttarpara-Kotrung;48;BACKLASH UNDEFEATED;1
Cabuyao;789;SHOCK CABIN;1
al-Hawiya;295;EXPENDABLE STALLION;1
Skikda;185;COWBOY DOOM;1
Kuwana;676;PHILADELPHIA WIFE;1
Salzburg;854;STRANGERS GRAFFITI;1
Gaziantep;444;HUSTLER PARTY;1
Naju;889;TIES HUNGER;1
Zaoyang;786;SHEPHERD MIDSUMMER;1
Sanya;741;ROMAN PUNK;1
Araatuba;30;ANYTHING SAVANNAH;1
Pachuca de Soto;534;LOUISIANA HARRY;1
s-Hertogenbosch;4;AFFAIR PREJUDICE;1
Boksburg;793;SHRUNK DIVINE;1
Brindisi;823;SOUTH WAIT;1
Tanza;851;STRAIGHT HOURS;1
Lengshuijiang;382;GRIT CLOCKWORK;1
Naju;810;SLUMS DUCK;1
Callao;565;MATRIX SNOWMAN;1
Stockport;857;STRICTLY SCARFACE;1
Botosani;949;VOLCANO TEXAS;1
Angra dos Reis;532;LOSER HUSTLER;1
Emeishan;143;CHILL LUCK;1
Nagaon;987;WORDS HUNTER;1
Valle de la Pascua;369;GOODFELLAS SALUTE;1
Addis Abeba;753;RUSH GOODFELLAS;1
Chiayi;755;SABRINA MIDNIGHT;1
Junan;868;SUPERFLY TRIP;1
Liepaja;846;STING PERSONAL;1
Xiangtan;93;BRANNIGAN SUNRISE;1
Dallas;247;DOWNHILL ENOUGH;1
Nabereznyje Telny;624;NIGHTMARE CHILL;1
Qomsheh;999;ZOOLANDER FICTION;1
Patras;305;FATAL HAUNTED;1
Kamarhati;382;GRIT CLOCKWORK;1
Olomouc;780;SENSIBILITY REAR;1
Miyakonojo;456;INCH JET;1
Nakhon Sawan;767;SCALAWAG DUCK;1
Meixian;140;CHEAPER CLYDE;1
Kitwe;995;YENTL IDAHO;1
Miraj;741;ROMAN PUNK;1
Ciomas;244;DORADO NOTTING;1
Aurora;514;LEBOWSKI SOLDIERS;1
Mandaluyong;370;GORGEOUS BINGO;1
Pemalang;540;LUCKY FLYING;1
Xinxiang;651;PACKER MADIGAN;1
Shahr-e Kord;417;HILLS NEIGHBORS;1
Rockford;753;RUSH GOODFELLAS;1
Sagamihara;105;BULL SHAWSHANK;1
Kimberley;506;LADY STAGE;1
Ilorin;47;BABY HALL;1
Torren;235;DIVIDE MONSTER;1
Syktyvkar;457;INDEPENDENCE HOTEL;1
Imus;818;SOMETHING DUCK;1
Xiangfan;116;CANDIDATE PERDITION;1
Atinsk;645;OTHERS SOUP;1
Tafuna;178;CONNECTION MICROCOSMOS;1
Malm;944;VIRGIN DAISY;1
Konotop;548;MAGNIFICENT CHITTY;1
Sasebo;875;TALENTED HOMICIDE;1
Fontana;76;BIRDCAGE CASPER;1
Uluberia;450;IDOLS SNATCHERS;1
Sagamihara;131;CENTER DINOSAUR;1
San Bernardino;748;RUGRATS SHAKESPEARE;1
Dundee;968;WEREWOLF LOLA;1
Kurashiki;665;PATTON INTERVIEW;1
Pachuca de Soto;281;ENCINO ELF;1
La Plata;939;VERTIGO NORTHWEST;1
Lapu-Lapu;324;FLINTSTONES HAPPINESS;1
Boa Vista;573;MICROCOSMOS PARADISE;1
Mysore;514;LEBOWSKI SOLDIERS;1
Fontana;932;VALLEY PACKER;1
Ziguinchor;83;BLUES INSTINCT;1
Pingxiang;104;BUGSY SONG;1
San Lorenzo;781;SEVEN SWARM;1
Amroha;34;ARABIA DOGMA;1
Kragujevac;682;PITTSBURGH HUNCHBACK;1
Maracabo;301;FAMILY SWEET;1
Rio Claro;833;SPLENDOR PATTON;1
Ueda;95;BREAKFAST GOLDFINGER;1
Qalyub;402;HARPER DYING;1
Sungai Petani;165;COLDBLOODED DARLING;1
Tafuna;930;VACATION BOONDOCK;1
Dzerzinsk;143;CHILL LUCK;1
Yantai;778;SECRETS PARADISE;1
Loja;818;SOMETHING DUCK;1
Enshi;973;WIFE TURN;1
Miyakonojo;305;FATAL HAUNTED;1
Ljubertsy;56;BAREFOOT MANCHURIAN;1
Rampur;166;COLOR PHILADELPHIA;1
Batna;90;BOULEVARD MOB;1
Hohhot;344;FURY MURDER;1
Cianjur;539;LUCK OPUS;1
Halle/Saale;235;DIVIDE MONSTER;1
Munger (Monghyr);902;TRADING PINOCCHIO;1
Emmen;191;CROOKED FROGMEN;1
Avellaneda;235;DIVIDE MONSTER;1
Bislig;440;HUNGER ROOF;1
Jaffna;297;EXTRAORDINARY CONQUERER;1
Lapu-Lapu;267;EAGLES PANKY;1
Shenzhen;360;GLASS DYING;1
Pyongyang;164;COAST RAINBOW;1
Zhezqazghan;575;MIDSUMMER GROUNDHOG;1
Satna;360;GLASS DYING;1
Aden;803;SLACKER LIAISONS;1
Pontianak;864;SUNDANCE INVASION;1
Jining;43;ATLANTIS CAUSE;1
Bergamo;880;TELEMARK HEARTBREAKERS;1
Crdoba;531;LOSE INCH;1
Sanya;788;SHIP WONDERLAND;1
Guaruj;176;CONGENIALITY QUEST;1
Garden Grove;275;EGYPT TENENBAUMS;1
Sterling Heights;867;SUPER WYOMING;1
Monclova;489;JUGGLER HARDLY;1
Mwanza;398;HANOVER GALAXY;1
Aurora;942;VIETNAM SMOOCHY;1
Daugavpils;850;STORY SIDE;1
Hino;369;GOODFELLAS SALUTE;1
Baiyin;429;HONEY TIES;1
Shikarpur;114;CAMELOT VACATION;1
Emmen;586;MOCKINGBIRD HOLLYWOOD;1
Santiago de Compostela;233;DISCIPLE MOTHER;1
Kalisz;450;IDOLS SNATCHERS;1
Tegal;924;UNFORGIVEN ZOOLANDER;1
Nantou;91;BOUND CHEAPER;1
Tiefa;18;ALTER VICTORY;1
Ruse;900;TOWN ARK;1
Tianjin;167;COMA HEAD;1
Nuuk;201;CYCLONE FAMILY;1
Qinhuangdao;922;UNDEFEATED DALMATIONS;1
Toulon;311;FICTION CHRISTMAS;1
Iwakuni;979;WITCHES PANIC;1
Salala;930;VACATION BOONDOCK;1
Livorno;1000;ZORRO ARK;1
Vicente Lpez;741;ROMAN PUNK;1
NDjamna;914;TROUBLE DATE;1
Blumenau;564;MASSAGE IMAGE;1
Siliguri (Shiliguri);968;WEREWOLF LOLA;1
Nantou;663;PATIENT SISTER;1
Rizhao;285;ENGLISH BULWORTH;1
Jedda;5;AFRICAN EGG;1
Vancouver;657;PARADISE SABRINA;1
Citt del Vaticano;531;LOSE INCH;1
Citt del Vaticano;49;BADMAN DAWN;1
Novoterkassk;137;CHARADE DUFFEL;1
Sumy;141;CHICAGO NORTH;1
San Miguel de Tucumn;978;WISDOM WORKER;1
Imus;321;FLASH WARS;1
Sirjan;856;STREETCAR INTENTIONS;1
Haldia;473;JACKET FRISCO;1
Liepaja;525;LOATHING LEGALLY;1
Kurgan;992;WRATH MILE;1
Bhilwara;856;STREETCAR INTENTIONS;1
Jakarta;218;DECEIVER BETRAYED;1
Otsu;94;BRAVEHEART HUMAN;1
Jedda;277;ELEPHANT TROJAN;1
Erlangen;842;STATE WASTELAND;1
Taguig;415;HIGH ENCINO;1
Beni-Mellal;43;ATLANTIS CAUSE;1
Clarksville;169;COMFORTS RUSH;1
Xiangtan;498;KILLER INNOCENT;1
Soshanguve;624;NIGHTMARE CHILL;1
Konotop;824;SPARTACUS CHEAPER;1
Lausanne;681;PIRATES ROXANNE;1
Etawah;277;ELEPHANT TROJAN;1
Ruse;993;WRONG BEHAVIOR;1
Bhopal;313;FIDELITY DEVIL;1
Chandrapur;395;HANDICAP BOONDOCK;1
Mandaluyong;434;HORROR REIGN;1
Cape Coral;835;SPY MILE;1
Tama;449;IDENTITY LOVER;1
Tarlac;864;SUNDANCE INVASION;1
A Corua (La Corua);79;BLADE POLISH;1
Okinawa;288;ESCAPE METROPOLIS;1
Ogbomosho;429;HONEY TIES;1
Sterling Heights;202;DADDY PITTSBURGH;1
Isesaki;365;GOLD RIVER;1
Salamanca;363;GO PURPLE;1
Lancaster;193;CROSSROADS CASUALTIES;1
Aurora;324;FLINTSTONES HAPPINESS;1
San Felipe de Puerto Plata;571;METAL ARMAGEDDON;1
Okara;975;WILLOW TRACY;1
Linz;395;HANDICAP BOONDOCK;1
al-Qatif;109;BUTTERFLY CHOCOLAT;1
Taizz;305;FATAL HAUNTED;1
La Paz;392;HALL CASSIDY;1
Novi Sad;298;EYES DRIVING;1
Roanoke;66;BENEATH RUSH;1
Bhilwara;915;TRUMAN CRAZY;1
Klerksdorp;285;ENGLISH BULWORTH;1
Ivanovo;125;CASSIDY WYOMING;1
Molodetno;380;GREEK EVERYONE;1
Vilnius;886;THEORY MERMAID;1
Binzhou;51;BALLOON HOMEWARD;1
Jurez;204;DALMATIONS SWEDEN;1
Richmond Hill;27;ANONYMOUS HUMAN;1
Ede;363;GO PURPLE;1
Saint Louis;898;TOURIST PELICAN;1
Greensboro;741;ROMAN PUNK;1
Qomsheh;871;SWEDEN SHINING;1
Belm;1000;ZORRO ARK;1
Kurgan;691;POSEIDON FOREVER;1
Shubra al-Khayma;441;HUNTER ALTER;1
Ikerre;391;HALF OUTFIELD;1
Bhimavaram;785;SHAWSHANK BUBBLE;1
Hanoi;391;HALF OUTFIELD;1
Arak;149;CHRISTMAS MOONSHINE;1
Dos Quebradas;1000;ZORRO ARK;1
Namibe;317;FIREBALL PHILADELPHIA;1
Ipoh;44;ATTACKS HATE;1
al-Qatif;773;SEABISCUIT PUNK;1
Tartu;576;MIGHTY LUCK;1
Papeete;149;CHRISTMAS MOONSHINE;1
al-Qadarif;717;REAR TRADING;1
Kurgan;597;MOONWALKER FOOL;1
Sirjan;694;PREJUDICE OLEANDER;1
Paarl;959;WARLOCK WEREWOLF;1
Konotop;651;PACKER MADIGAN;1
Maracabo;503;KRAMER CHOCOLATE;1
Kalisz;220;DEER VIRGINIAN;1
Juazeiro do Norte;56;BAREFOOT MANCHURIAN;1
Brest;188;CRAZY HOME;1
Gulbarga;885;TEXAS WATCH;1
Mannheim;293;EXORCIST STING;1
Jurez;667;PEACH INNOCENT;1
Huaian;567;MEET CHOCOLATE;1
Cianjur;532;LOSER HUSTLER;1
Shubra al-Khayma;365;GOLD RIVER;1
Faaa;600;MOTIONS DETAILS;1
Pereira;614;NAME DETECTIVE;1
Hidalgo;298;EYES DRIVING;1
Atinsk;936;VANISHING ROCKY;1
Blumenau;407;HAWK CHILL;1
Faaa;793;SHRUNK DIVINE;1
Charlotte Amalie;992;WRATH MILE;1
Nantou;263;DURHAM PANKY;1
Eskisehir;584;MIXED DOORS;1
Shahr-e Kord;194;CROW GREASE;1
Zapopan;746;ROUGE SQUAD;1
Loja;70;BIKINI BORROWERS;1
Sullana;765;SATURN NAME;1
Olomouc;624;NIGHTMARE CHILL;1
Joliet;139;CHASING FIGHT;1
Dhule (Dhulia);745;ROSES TREASURE;1
Daxian;225;DESTINATION JERK;1
Kamyin;458;INDIAN LOVE;1
Hiroshima;469;IRON MOON;1
Plock;571;METAL ARMAGEDDON;1
Donostia-San Sebastin;73;BINGO TALENTED;1
Touliu;397;HANKY OCTOBER;1
Izumisano;638;OPERATION OPERATION;1
Lungtan;559;MARRIED GO;1
Duisburg;665;PATTON INTERVIEW;1
Bislig;82;BLOOD ARGONAUTS;1
Bhopal;526;LOCK REAR;1
Nagareyama;668;PEAK FOREVER;1
Czestochowa;83;BLUES INSTINCT;1
Changzhou;914;TROUBLE DATE;1
Benin City;795;SIEGE MADRE;1
Xiangtan;65;BEHAVIOR RUNAWAY;1
Richmond Hill;15;ALIEN CENTER;1
Parbhani;124;CASPER DRAGONFLY;1
Jelets;579;MINDS TRUMAN;1
Zhoushan;327;FOOL MOCKINGBIRD;1
Jaffna;806;SLEEPY JAPANESE;1
Bijapur;130;CELEBRITY HORN;1
Binzhou;525;LOATHING LEGALLY;1
Hiroshima;481;JEKYLL FROGMEN;1
Laohekou;143;CHILL LUCK;1
Szkesfehrvr;575;MIDSUMMER GROUNDHOG;1
Bijapur;245;DOUBLE WRATH;1
Ivanovo;387;GUN BONNIE;1
Ueda;408;HEAD STRANGER;1
Tangail;91;BOUND CHEAPER;1
Quilmes;843;STEEL SANTA;1
Trshavn;401;HAROLD FRENCH;1
Ozamis;682;PITTSBURGH HUNCHBACK;1
Zalantun;652;PAJAMA JAWBREAKER;1
Arecibo;796;SIERRA DIVIDE;1
Lilongwe;445;HYDE DOCTOR;1
Kingstown;853;STRANGER STRANGERS;1
Wroclaw;437;HOUSE DYNAMITE;1
El Fuerte;665;PATTON INTERVIEW;1
Pathankot;534;LOUISIANA HARRY;1
Richmond Hill;118;CANYON STOCK;1
Belm;406;HAUNTING PIANIST;1
Ashdod;863;SUN CONFESSIONS;1
Tarsus;969;WEST LION;1
Sirjan;275;EGYPT TENENBAUMS;1
Angra dos Reis;71;BILKO ANONYMOUS;1
Palghat (Palakkad);37;ARIZONA BANG;1
Malm;4;AFFAIR PREJUDICE;1
Stara Zagora;745;ROSES TREASURE;1
Rizhao;300;FALCON VOLUME;1
Athenai;711;RAGING AIRPLANE;1
Kowloon and New Kowloon;227;DETAILS PACKER;1
Olomouc;936;VANISHING ROCKY;1
Changhwa;374;GRAFFITI LOVE;1
Vaduz;633;OCTOBER SUBMARINE;1
Memphis;550;MAGUIRE APACHE;1
Hubli-Dharwad;886;THEORY MERMAID;1
Hino;310;FEVER EMPIRE;1
Inegl;896;TOOTSIE PILOT;1
Tama;294;EXPECATIONS NATURAL;1
Uijongbu;982;WOMEN DORADO;1
Cuautla;947;VISION TORQUE;1
Karnal;803;SLACKER LIAISONS;1
Baybay;429;HONEY TIES;1
Uttarpara-Kotrung;762;SASSY PACKER;1
Jedda;824;SPARTACUS CHEAPER;1
Naju;730;RIDGEMONT SUBMARINE;1
Vitria de Santo Anto;454;IMPACT ALADDIN;1
Hamilton;645;OTHERS SOUP;1
Maracabo;538;LOVERBOY ATTACKS;1
Tambaram;149;CHRISTMAS MOONSHINE;1
guas Lindas de Gois;922;UNDEFEATED DALMATIONS;1
Bhusawal;373;GRADUATE LORD;1
Rustenburg;897;TORQUE BOUND;1
Sultanbeyli;183;CONVERSATION DOWNHILL;1
Valparai;853;STRANGER STRANGERS;1
Myingyan;939;VERTIGO NORTHWEST;1
Udaipur;334;FREDDY STORM;1
Bratislava;851;STRAIGHT HOURS;1
Pathankot;586;MOCKINGBIRD HOLLYWOOD;1
Santa Rosa;425;HOLY TADPOLE;1
Najafabad;843;STEEL SANTA;1
Okayama;5;AFRICAN EGG;1
Hunuco;454;IMPACT ALADDIN;1
San Lorenzo;183;CONVERSATION DOWNHILL;1
Bhilwara;184;CORE SUIT;1
Ziguinchor;29;ANTITRUST TOMATOES;1
NDjamna;556;MALTESE HOPE;1
Avellaneda;761;SANTA PARIS;1
Aurora;760;SAMURAI LION;1
Ashdod;55;BARBARELLA STREETCAR;1
Salzburg;966;WEDDING APOLLO;1
Pudukkottai;398;HANOVER GALAXY;1
Oyo;377;GREASE YOUTH;1
Bandar Seri Begawan;666;PAYCHECK WAIT;1
Kolpino;610;MUSIC BOONDOCK;1
Liepaja;732;RINGS HEARTBREAKERS;1
Osmaniye;67;BERETS AGENT;1
Omdurman;780;SENSIBILITY REAR;1
Mosul;72;BILL OTHERS;1
Qalyub;471;ISLAND EXORCIST;1
Sawhaj;783;SHANE DARKNESS;1
Matsue;590;MONEY HAROLD;1
Brest;358;GILMORE BOILED;1
Shenzhen;355;GHOSTBUSTERS ELF;1
Memphis;395;HANDICAP BOONDOCK;1
Pangkal Pinang;842;STATE WASTELAND;1
Lausanne;593;MONTEREY LABYRINTH;1
Ahmadnagar;559;MARRIED GO;1
Loja;510;LAWLESS VISION;1
Gingoog;489;JUGGLER HARDLY;1
Bijapur;710;RAGE GAMES;1
Najafabad;439;HUNCHBACK IMPOSSIBLE;1
al-Qatif;267;EAGLES PANKY;1
Jos Azueta;469;IRON MOON;1
Kisumu;780;SENSIBILITY REAR;1
Shaoguan;786;SHEPHERD MIDSUMMER;1
Vijayawada;848;STONE FIRE;1
Kamarhati;906;TRAMP OTHERS;1
Vaduz;674;PET HAUNTING;1
El Fuerte;204;DALMATIONS SWEDEN;1
Apeldoorn;512;LEAGUE HELLFIGHTERS;1
Tartu;764;SATURDAY LAMBS;1
Memphis;755;SABRINA MIDNIGHT;1
Davao;636;OLEANDER CLUE;1
Uijongbu;146;CHITTY LOCK;1
Citt del Vaticano;344;FURY MURDER;1
Qomsheh;159;CLOSER BANG;1
Celaya;902;TRADING PINOCCHIO;1
Maring;229;DEVIL DESIRE;1
Merlo;934;VANILLA DAY;1
Hami;266;DYNAMITE TARZAN;1
Stockport;46;AUTUMN CROW;1
Korla;105;BULL SHAWSHANK;1
Vilnius;829;SPINAL ROCKY;1
Newcastle;852;STRANGELOVE DESIRE;1
Jaffna;873;SWEETHEARTS SUSPECTS;1
Naju;961;WASH HEAVENLY;1
Pak Kret;502;KNOCK WARLOCK;1
Nakhon Sawan;679;PILOT HOOSIERS;1
Santa Brbara dOeste;705;PURPLE MOVIE;1
Shikarpur;166;COLOR PHILADELPHIA;1
Amroha;852;STRANGELOVE DESIRE;1
Korla;138;CHARIOTS CONSPIRACY;1
Salamanca;573;MICROCOSMOS PARADISE;1
Changzhou;303;FANTASY TROOPERS;1
Witten;678;PICKUP DRIVING;1
Palghat (Palakkad);206;DANCING FEVER;1
Nezahualcyotl;12;ALASKA PHANTOM;1
Iwakuni;164;COAST RAINBOW;1
Salamanca;143;CHILL LUCK;1
Saint-Denis;301;FAMILY SWEET;1
Dundee;400;HARDLY ROBBERS;1
Escobar;415;HIGH ENCINO;1
Korla;759;SALUTE APOLLO;1
Maikop;143;CHILL LUCK;1
Bellevue;720;REDEMPTION COMFORTS;1
Ziguinchor;831;SPIRITED CASUALTIES;1
La Plata;10;ALADDIN CALENDAR;1
Pudukkottai;43;ATLANTIS CAUSE;1
Chapra;159;CLOSER BANG;1
Szkesfehrvr;309;FEUD FROGMEN;1
Balikesir;154;CLASH FREDDY;1
Ipoh;360;GLASS DYING;1
Mysore;766;SAVANNAH TOWN;1
Robamba;397;HANKY OCTOBER;1
Banjul;704;PURE RUNNER;1
al-Qadarif;277;ELEPHANT TROJAN;1
Chapra;78;BLACKOUT PRIVATE;1
Hunuco;556;MALTESE HOPE;1
Songkhla;818;SOMETHING DUCK;1
Sungai Petani;253;DRIFTER COMMANDMENTS;1
Bandar Seri Begawan;613;MYSTIC TRUMAN;1
Zalantun;850;STORY SIDE;1
Jedda;791;SHOW LORD;1
Ponce;651;PACKER MADIGAN;1
Changhwa;863;SUN CONFESSIONS;1
Mysore;103;BUCKET BROTHERHOOD;1
Shahr-e Kord;480;JEEPERS WEDDING;1
Jaipur;123;CASABLANCA SUPER;1
Miyakonojo;299;FACTORY DRAGON;1
Tarsus;833;SPLENDOR PATTON;1
Pak Kret;985;WONDERLAND CHRISTMAS;1
La Romana;152;CIRCUS YOUTH;1
Goinia;862;SUMMER SCARFACE;1
Pereira;206;DANCING FEVER;1
Ueda;869;SUSPECTS QUILLS;1
Yinchuan;907;TRANSLATION SUMMER;1
Huejutla de Reyes;592;MONSTER SPARTACUS;1
Nha Trang;705;PURPLE MOVIE;1
Satna;501;KISSING DOLLS;1
Botosani;863;SUN CONFESSIONS;1
Kamarhati;725;REQUIEM TYCOON;1
Okayama;50;BAKED CLEOPATRA;1
Hunuco;350;GARDEN ISLAND;1
So Bernardo do Campo;626;NOON PAPI;1
Dundee;693;POTTER CONNECTICUT;1
Guadalajara;589;MODERN DORADO;1
Datong;363;GO PURPLE;1
El Fuerte;447;ICE CROSSING;1
Yaound;208;DARES PLUTO;1
Jalib al-Shuyukh;927;UPRISING UPTOWN;1
Sivas;754;RUSHMORE MERMAID;1
Sivas;415;HIGH ENCINO;1
Liepaja;374;GRAFFITI LOVE;1
Dhule (Dhulia);762;SASSY PACKER;1
Cianjur;262;DUMBO LUST;1
Kanazawa;351;GASLIGHT CRUSADE;1
Davao;571;METAL ARMAGEDDON;1
Daugavpils;890;TIGHTS DAWN;1
Siliguri (Shiliguri);147;CHOCOLAT HARRY;1
Hubli-Dharwad;717;REAR TRADING;1
San Juan Bautista Tuxtepec;8;AIRPORT POLLOCK;1
Niznekamsk;549;MAGNOLIA FORRESTER;1
Berhampore (Baharampur);11;ALAMO VIDEOTAPE;1
Tieli;645;OTHERS SOUP;1
Juazeiro do Norte;1000;ZORRO ARK;1
Cayenne;292;EXCITEMENT EVE;1
Higashiosaka;469;IRON MOON;1
Lilongwe;402;HARPER DYING;1
Rustenburg;675;PHANTOM GLORY;1
Ciparay;654;PANKY SUBMARINE;1
Daugavpils;209;DARKNESS WAR;1
La Paz;676;PHILADELPHIA WIFE;1
Tanauan;998;ZHIVAGO CORE;1
Mardan;948;VOICE PEACH;1
Siegen;329;FORREST SONS;1
Fuzhou;489;JUGGLER HARDLY;1
Enshi;483;JERICHO MULAN;1
Boa Vista;164;COAST RAINBOW;1
Sogamoso;504;KWAI HOMEWARD;1
Jinchang;402;HARPER DYING;1
Santa Rosa;396;HANGING DEEP;1
Hanoi;858;SUBMARINE BED;1
Yaound;295;EXPENDABLE STALLION;1
Miraj;55;BARBARELLA STREETCAR;1
Lima;772;SEA VIRGIN;1
Huixquilucan;115;CAMPUS REMEMBER;1
Onomichi;650;PACIFIC AMISTAD;1
Sterling Heights;17;ALONE TRIP;1
Tanza;927;UPRISING UPTOWN;1
Namibe;572;METROPOLIS COMA;1
Tychy;821;SORORITY QUEEN;1
Lublin;40;ARMY FLINTSTONES;1
Shenzhen;915;TRUMAN CRAZY;1
Lhokseumawe;793;SHRUNK DIVINE;1
Graz;791;SHOW LORD;1
Belm;606;MUMMY CREATURES;1
Datong;162;CLUELESS BUCKET;1
Ozamis;908;TRAP GUYS;1
Kirovo-Tepetsk;618;NECKLACE OUTBREAK;1
Isesaki;623;NEWTON LABYRINTH;1
Charlotte Amalie;468;INVASION CYCLONE;1
Nagaon;317;FIREBALL PHILADELPHIA;1
Kermanshah;897;TORQUE BOUND;1
Cheju;702;PULP BEVERLY;1
San Bernardino;879;TELEGRAPH VOYAGE;1
Yangor;99;BRINGING HYSTERICAL;1
Battambang;274;EGG IGBY;1
Siegen;417;HILLS NEIGHBORS;1
Avellaneda;410;HEAVEN FREEDOM;1
Saint-Denis;552;MAJESTIC FLOATS;1
Etawah;454;IMPACT ALADDIN;1
Ourense (Orense);443;HURRICANE AFFAIR;1
Lincoln;629;NOTORIOUS REUNION;1
Ashqelon;603;MOVIE SHAKESPEARE;1
al-Manama;5;AFRICAN EGG;1
Sanya;837;STAGE WORLD;1
Onomichi;514;LEBOWSKI SOLDIERS;1
Xiangfan;188;CRAZY HOME;1
Akron;735;ROBBERS JOON;1
Hiroshima;623;NEWTON LABYRINTH;1
Etawah;132;CHAINSAW UPTOWN;1
Tambaram;967;WEEKEND PERSONAL;1
Ambattur;24;ANALYZE HOOSIERS;1
Kirovo-Tepetsk;924;UNFORGIVEN ZOOLANDER;1
Probolinggo;900;TOWN ARK;1
Juiz de Fora;383;GROOVE FICTION;1
Batna;559;MARRIED GO;1
Acua;377;GREASE YOUTH;1
Gatineau;941;VIDEOTAPE ARSENIC;1
Salamanca;7;AIRPLANE SIERRA;1
Tabora;282;ENCOUNTERS CURTAIN;1
Santa Brbara dOeste;138;CHARIOTS CONSPIRACY;1
Gandhinagar;30;ANYTHING SAVANNAH;1
Halle/Saale;126;CASUALTIES ENCINO;1
Tianjin;102;BUBBLE GROSSE;1
Ondo;122;CARRIE BUNCH;1
London;890;TIGHTS DAWN;1
Southend-on-Sea;871;SWEDEN SHINING;1
Izumisano;274;EGG IGBY;1
Tarsus;250;DRAGON SQUAD;1
Tongliao;227;DETAILS PACKER;1
Najafabad;49;BADMAN DAWN;1
Masqat;459;INFORMER DOUBLE;1
Omdurman;531;LOSE INCH;1
Gaziantep;806;SLEEPY JAPANESE;1
Skikda;630;NOTTING SPEAKEASY;1
Okinawa;8;AIRPORT POLLOCK;1
s-Hertogenbosch;299;FACTORY DRAGON;1
Songkhla;78;BLACKOUT PRIVATE;1
Coquimbo;260;DUDE BLINDNESS;1
Pachuca de Soto;384;GROSSE WONDERFUL;1
al-Manama;246;DOUBTFIRE LABYRINTH;1
Moscow;594;MONTEZUMA COMMAND;1
Tonghae;776;SECRET GROUNDHOG;1
Munger (Monghyr);945;VIRGINIAN PLUTO;1
Okinawa;31;APACHE DIVINE;1
Saint-Denis;770;SCISSORHANDS SLUMS;1
Santo Andr;979;WITCHES PANIC;1
Sullana;845;STEPMOM DREAM;1
Owo;551;MAIDEN HOME;1
Hino;771;SCORPION APOLLO;1
Lungtan;403;HARRY IDAHO;1
Zhezqazghan;61;BEAUTY GREASE;1
Banjul;127;CAT CONEHEADS;1
Ocumare del Tuy;54;BANGER PINOCCHIO;1
Brindisi;862;SUMMER SCARFACE;1
Erlangen;225;DESTINATION JERK;1
Springs;131;CENTER DINOSAUR;1
Oshawa;897;TORQUE BOUND;1
Citrus Heights;124;CASPER DRAGONFLY;1
Ezeiza;810;SLUMS DUCK;1
Naala-Porto;295;EXPENDABLE STALLION;1
Ashqelon;376;GRAPES FURY;1
Avellaneda;530;LORD ARIZONA;1
Charlotte Amalie;18;ALTER VICTORY;1
Sucre;678;PICKUP DRIVING;1
Ozamis;433;HORN WORKING;1
Springs;473;JACKET FRISCO;1
Tarlac;284;ENEMY ODDS;1
Battambang;732;RINGS HEARTBREAKERS;1
Tandil;598;MOSQUITO ARMAGEDDON;1
al-Qadarif;66;BENEATH RUSH;1
Songkhla;351;GASLIGHT CRUSADE;1
Valencia;176;CONGENIALITY QUEST;1
Avellaneda;565;MATRIX SNOWMAN;1
Pak Kret;77;BIRDS PERDITION;1
Basel;951;VOYAGE LEGALLY;1
Brescia;328;FOREVER CANDIDATE;1
Bilbays;644;OSCAR GOLD;1
Almirante Brown;985;WONDERLAND CHRISTMAS;1
Higashiosaka;681;PIRATES ROXANNE;1
Saarbrcken;869;SUSPECTS QUILLS;1
Bucuresti;688;POLISH BROOKLYN;1
Tel Aviv-Jaffa;842;STATE WASTELAND;1
Tongliao;878;TEEN APOLLO;1
Springs;222;DESERT POSEIDON;1
Gaziantep;578;MILLION ACE;1
Ibirit;889;TIES HUNGER;1
Tokat;852;STRANGELOVE DESIRE;1
Mandaluyong;79;BLADE POLISH;1
Vila Velha;436;HOURS RAGE;1
Sultanbeyli;749;RULES HUMAN;1
Akron;65;BEHAVIOR RUNAWAY;1
Fengshan;95;BREAKFAST GOLDFINGER;1
Guaruj;925;UNITED PILOT;1
Abha;49;BADMAN DAWN;1
Malm;804;SLEEPING SUSPECTS;1
Hohhot;239;DOGMA FAMILY;1
Sunnyvale;437;HOUSE DYNAMITE;1
Pune;793;SHRUNK DIVINE;1
Shaoguan;735;ROBBERS JOON;1
Paarl;661;PAST SUICIDES;1
Kamakura;596;MOONSHINE CABIN;1
Kaliningrad;804;SLEEPING SUSPECTS;1
Ede;749;RULES HUMAN;1
Rizhao;307;FELLOWSHIP AUTUMN;1
Merlo;447;ICE CROSSING;1
Baha Blanca;242;DOOM DANCING;1
Laohekou;302;FANTASIA PARK;1
Southend-on-Sea;939;VERTIGO NORTHWEST;1
Laohekou;397;HANKY OCTOBER;1
Kermanshah;25;ANGELS LIFE;1
Uttarpara-Kotrung;361;GLEAMING JAWBREAKER;1
Sorocaba;738;ROCKETEER MOTHER;1
Robamba;180;CONSPIRACY SPIRIT;1
Donostia-San Sebastin;184;CORE SUIT;1
Ciomas;778;SECRETS PARADISE;1
Witten;578;MILLION ACE;1
Dos Quebradas;988;WORKER TARZAN;1
Saarbrcken;597;MOONWALKER FOOL;1
Citt del Vaticano;616;NATIONAL STORY;1
Santa Brbara dOeste;689;POLLOCK DELIVERANCE;1
Saint-Denis;817;SOLDIERS EVOLUTION;1
Halifax;397;HANKY OCTOBER;1
Amersfoort;615;NASH CHOCOLAT;1
York;467;INTRIGUE WORST;1
Arlington;1000;ZORRO ARK;1
Guadalajara;633;OCTOBER SUBMARINE;1
Cuauhtmoc;28;ANTHEM LUKE;1
Naala-Porto;543;MADIGAN DORADO;1
Jhansi;76;BIRDCAGE CASPER;1
Crdoba;159;CLOSER BANG;1
Tuguegarao;525;LOATHING LEGALLY;1
Mardan;989;WORKING MICROCOSMOS;1
Kamjanets-Podilskyi;142;CHICKEN HELLFIGHTERS;1
Tanauan;832;SPLASH GUMP;1
Salamanca;115;CAMPUS REMEMBER;1
Szkesfehrvr;906;TRAMP OTHERS;1
Ambattur;733;RIVER OUTLAW;1
Bandar Seri Begawan;347;GAMES BOWFINGER;1
Dos Quebradas;10;ALADDIN CALENDAR;1
Lengshuijiang;272;EDGE KISSING;1
Baicheng;782;SHAKESPEARE SADDLE;1
Kolpino;358;GILMORE BOILED;1
Trshavn;651;PACKER MADIGAN;1
al-Qatif;893;TITANS JERK;1
Jaffna;354;GHOST GROUNDHOG;1
Kuwana;980;WIZARD COLDBLOODED;1
Acua;138;CHARIOTS CONSPIRACY;1
Naala-Porto;253;DRIFTER COMMANDMENTS;1
Guaruj;299;FACTORY DRAGON;1
Palghat (Palakkad);592;MONSTER SPARTACUS;1
Jos Azueta;821;SORORITY QUEEN;1
Akron;917;TUXEDO MILE;1
Lilongwe;921;UNCUT SUICIDES;1
Nukualofa;96;BREAKING HOME;1
Ciudad del Este;500;KISS GLORY;1
Patiala;887;THIEF PELICAN;1
Bat Yam;429;HONEY TIES;1
Arlington;827;SPICE SORORITY;1
s-Hertogenbosch;791;SHOW LORD;1
Atinsk;111;CADDYSHACK JEDI;1
Kilis;212;DARN FORRESTER;1
Maikop;89;BORROWERS BEDAZZLED;1
Nha Trang;380;GREEK EVERYONE;1
Arak;677;PIANIST OUTFIELD;1
Yamuna Nagar;630;NOTTING SPEAKEASY;1
Tama;307;FELLOWSHIP AUTUMN;1
Callao;234;DISTURBING SCARFACE;1
Nantou;722;REEF SALUTE;1
Garden Grove;418;HOBBIT ALIEN;1
Malm;564;MASSAGE IMAGE;1
Tegal;393;HALLOWEEN NUTS;1
Omdurman;468;INVASION CYCLONE;1
Liaocheng;304;FARGO GANDHI;1
Syktyvkar;526;LOCK REAR;1
Pavlodar;467;INTRIGUE WORST;1
Patiala;745;ROSES TREASURE;1
Balikesir;173;CONFESSIONS MAGUIRE;1
Jaffna;654;PANKY SUBMARINE;1
Erlangen;228;DETECTIVE VISION;1
Kumbakonam;833;SPLENDOR PATTON;1
Fengshan;483;JERICHO MULAN;1
Pachuca de Soto;514;LEBOWSKI SOLDIERS;1
Santo Andr;500;KISS GLORY;1
Qalyub;836;SQUAD FISH;1
Gijn;877;TAXI KICK;1
Xiangtan;559;MARRIED GO;1
Lincoln;593;MONTEREY LABYRINTH;1
Patras;174;CONFIDENTIAL INTERVIEW;1
Batman;552;MAJESTIC FLOATS;1
Ikerre;634;ODDS BOOGIE;1
Dzerzinsk;341;FROST HEAD;1
Ikerre;408;HEAD STRANGER;1
Namibe;487;JINGLE SAGEBRUSH;1
Duisburg;161;CLUE GRAIL;1
Qalyub;247;DOWNHILL ENOUGH;1
Skikda;765;SATURN NAME;1
Jedda;155;CLEOPATRA DEVIL;1
Ourense (Orense);575;MIDSUMMER GROUNDHOG;1
Pontianak;448;IDAHO LOVE;1
Citrus Heights;168;COMANCHEROS ENEMY;1
Hamilton;216;DAY UNFAITHFUL;1
Abu Dhabi;89;BORROWERS BEDAZZLED;1
Molodetno;733;RIVER OUTLAW;1
Miraj;695;PRESIDENT BANG;1
Nantou;539;LUCK OPUS;1
San Lorenzo;559;MARRIED GO;1
Sousse;566;MAUDE MOD;1
Sungai Petani;813;SMOOCHY CONTROL;1
Salamanca;100;BROOKLYN DESERT;1
Guaruj;968;WEREWOLF LOLA;1
Chiayi;79;BLADE POLISH;1
Isesaki;236;DIVINE RESURRECTION;1
Udaipur;887;THIEF PELICAN;1
Garden Grove;50;BAKED CLEOPATRA;1
Pune;573;MICROCOSMOS PARADISE;1
Salala;613;MYSTIC TRUMAN;1
Santa Rosa;544;MADISON TRAP;1
Ede;696;PRIDE ALAMO;1
Miyakonojo;204;DALMATIONS SWEDEN;1
Bhavnagar;844;STEERS ARMAGEDDON;1
Pemalang;345;GABLES METROPOLIS;1
Rio Claro;483;JERICHO MULAN;1
Shanwei;403;HARRY IDAHO;1
Miraj;586;MOCKINGBIRD HOLLYWOOD;1
Tabora;797;SILENCE KANE;1
Laohekou;376;GRAPES FURY;1
Garland;292;EXCITEMENT EVE;1
Eskisehir;319;FISH OPUS;1
Hami;73;BINGO TALENTED;1
al-Hawiya;12;ALASKA PHANTOM;1
Phnom Penh;526;LOCK REAR;1
Ogbomosho;466;INTOLERABLE INTENTIONS;1
Xiangtan;707;QUEST MUSSOLINI;1
Santiago de los Caballeros;453;IMAGE PRINCESS;1
Zeleznogorsk;245;DOUBLE WRATH;1
Grand Prairie;945;VIRGINIAN PLUTO;1
Tanauan;258;DRUMS DYNAMITE;1
Nagaon;697;PRIMARY GLASS;1
Daxian;243;DOORS PRESIDENT;1
Vancouver;760;SAMURAI LION;1
Kimchon;422;HOLLOW JEOPARDY;1
Escobar;988;WORKER TARZAN;1
Gijn;628;NORTHWEST POLISH;1
Daugavpils;765;SATURN NAME;1
Memphis;891;TIMBERLAND SKY;1
Purnea (Purnia);92;BOWFINGER GABLES;1
Callao;730;RIDGEMONT SUBMARINE;1
La Plata;821;SORORITY QUEEN;1
Korla;504;KWAI HOMEWARD;1
Paarl;349;GANGS PRIDE;1
Lapu-Lapu;160;CLUB GRAFFITI;1
Halifax;887;THIEF PELICAN;1
Allappuzha (Alleppey);381;GRINCH MASSAGE;1
Sumqayit;511;LAWRENCE LOVE;1
Zeleznogorsk;254;DRIVER ANNIE;1
Chandrapur;550;MAGUIRE APACHE;1
Kansas City;477;JAWBREAKER BROOKLYN;1
Ciparay;244;DORADO NOTTING;1
Kaliningrad;657;PARADISE SABRINA;1
Zaoyang;618;NECKLACE OUTBREAK;1
Iligan;376;GRAPES FURY;1
Ivanovo;804;SLEEPING SUSPECTS;1
Sumy;822;SOUP WISDOM;1
Rio Claro;196;CRUELTY UNFORGIVEN;1
Cuauhtmoc;70;BIKINI BORROWERS;1
Angra dos Reis;455;IMPOSSIBLE PREJUDICE;1
Yerevan;51;BALLOON HOMEWARD;1
Paarl;396;HANGING DEEP;1
Ezhou;190;CREEPERS KANE;1
Tokat;855;STREAK RIDGEMONT;1
Binzhou;828;SPIKING ELEMENT;1
Pudukkottai;790;SHOOTIST SUPERFLY;1
Kurgan;147;CHOCOLAT HARRY;1
Santo Andr;912;TROJAN TOMORROW;1
Livorno;345;GABLES METROPOLIS;1
Laohekou;12;ALASKA PHANTOM;1
Mwene-Ditu;975;WILLOW TRACY;1
Fengshan;425;HOLY TADPOLE;1
Shahr-e Kord;78;BLACKOUT PRIVATE;1
Athenai;126;CASUALTIES ENCINO;1
Hiroshima;315;FINDING ANACONDA;1
Arlington;998;ZHIVAGO CORE;1
Etawah;869;SUSPECTS QUILLS;1
Sawhaj;789;SHOCK CABIN;1
Miraj;3;ADAPTATION HOLES;1
Molodetno;478;JAWS HARRY;1
Otsu;972;WHISPERER GIANT;1
El Monte;257;DRUMLINE CYCLONE;1
Kolpino;428;HOMICIDE PEACH;1
Shahr-e Kord;944;VIRGIN DAISY;1
Hubli-Dharwad;448;IDAHO LOVE;1
Warren;827;SPICE SORORITY;1
NDjamna;363;GO PURPLE;1
Czestochowa;851;STRAIGHT HOURS;1
Pangkal Pinang;631;NOVOCAINE FLIGHT;1
Escobar;102;BUBBLE GROSSE;1
Santa Rosa;661;PAST SUICIDES;1
Zapopan;680;PINOCCHIO SIMON;1
Hohhot;928;UPTOWN YOUNG;1
Saint-Denis;708;QUILLS BULL;1
Ilorin;532;LOSER HUSTLER;1
Tongliao;45;ATTRACTION NEWTON;1
Monywa;698;PRINCESS GIANT;1
Guadalajara;371;GOSFORD DONNIE;1
Yamuna Nagar;719;RECORDS ZORRO;1
Shanwei;349;GANGS PRIDE;1
Xinxiang;995;YENTL IDAHO;1
Siegen;849;STORM HAPPINESS;1
Dhaka;510;LAWLESS VISION;1
Cuauhtmoc;735;ROBBERS JOON;1
London;683;PITY BOUND;1
Tabriz;1;ACADEMY DINOSAUR;1
La Paz;288;ESCAPE METROPOLIS;1
Okinawa;121;CAROL TEXAS;1
Anpolis;819;SONG HEDWIG;1
Pachuca de Soto;847;STOCK GLASS;1
Molodetno;709;RACER EGG;1
Akron;122;CARRIE BUNCH;1
Jinzhou;555;MALLRATS UNITED;1
Santa Brbara dOeste;615;NASH CHOCOLAT;1
Boksburg;699;PRIVATE DROP;1
Abha;118;CANYON STOCK;1
Etawah;90;BOULEVARD MOB;1
Fengshan;140;CHEAPER CLYDE;1
San Felipe de Puerto Plata;775;SEATTLE EXPECATIONS;1
Cuernavaca;614;NAME DETECTIVE;1
Toulouse;927;UPRISING UPTOWN;1
Owo;928;UPTOWN YOUNG;1
Rustenburg;843;STEEL SANTA;1
Leshan;232;DIRTY ACE;1
Parbhani;500;KISS GLORY;1
Athenai;717;REAR TRADING;1
Daxian;366;GOLDFINGER SENSIBILITY;1
Tabuk;269;EARRING INSTINCT;1
York;798;SILVERADO GOLDFINGER;1
Cuautla;164;COAST RAINBOW;1
Meixian;378;GREATEST NORTH;1
Halifax;432;HOPE TOOTSIE;1
Aden;870;SWARM GOLD;1
Bhimavaram;167;COMA HEAD;1
Ahmadnagar;160;CLUB GRAFFITI;1
Torren;850;STORY SIDE;1
Sirjan;256;DROP WATERFRONT;1
Monclova;864;SUNDANCE INVASION;1
Haining;350;GARDEN ISLAND;1
Yinchuan;914;TROUBLE DATE;1
Bhimavaram;849;STORM HAPPINESS;1
Lipetsk;649;OZ LIAISONS;1
Cavite;681;PIRATES ROXANNE;1
Jodhpur;334;FREDDY STORM;1
Ipoh;322;FLATLINERS KILLER;1
Callao;321;FLASH WARS;1
Niznekamsk;879;TELEGRAPH VOYAGE;1
Rampur;708;QUILLS BULL;1
Nagaon;127;CAT CONEHEADS;1
Sokoto;190;CREEPERS KANE;1
Fontana;728;REUNION WITCHES;1
Osmaniye;79;BLADE POLISH;1
Stockport;409;HEARTBREAKERS BRIGHT;1
Purnea (Purnia);868;SUPERFLY TRIP;1
Idfu;354;GHOST GROUNDHOG;1
Palghat (Palakkad);247;DOWNHILL ENOUGH;1
Sanya;665;PATTON INTERVIEW;1
Kurgan;994;WYOMING STORM;1
Munger (Monghyr);96;BREAKING HOME;1
Laredo;858;SUBMARINE BED;1
Tanshui;513;LEATHERNECKS DWARFS;1
Cuautla;979;WITCHES PANIC;1
Kakamigahara;265;DYING MAKER;1
Nagareyama;612;MUSSOLINI SPOILERS;1
Mexicali;82;BLOOD ARGONAUTS;1
Cam Ranh;30;ANYTHING SAVANNAH;1
Livorno;583;MISSION ZOOLANDER;1
Niznekamsk;529;LONELY ELEPHANT;1
Ashgabat;46;AUTUMN CROW;1
Omiya;770;SCISSORHANDS SLUMS;1
Tsaotun;775;SEATTLE EXPECATIONS;1
Florencia;527;LOLA AGENT;1
Joliet;739;ROCKY WAR;1
Probolinggo;719;RECORDS ZORRO;1
Hami;570;MERMAID INSECTS;1
Nagaon;985;WONDERLAND CHRISTMAS;1
Eskisehir;326;FLYING HOOK;1
Saint-Denis;606;MUMMY CREATURES;1
Santa Rosa;997;YOUTH KICK;1
Jastrzebie-Zdrj;132;CHAINSAW UPTOWN;1
Baiyin;111;CADDYSHACK JEDI;1
Lublin;374;GRAFFITI LOVE;1
Tanshui;457;INDEPENDENCE HOTEL;1
Shaoguan;560;MARS ROMAN;1
Southend-on-Sea;700;PRIX UNDEFEATED;1
Nagaon;766;SAVANNAH TOWN;1
Graz;927;UPRISING UPTOWN;1
Malm;391;HALF OUTFIELD;1
Santa Rosa;842;STATE WASTELAND;1
Iligan;374;GRAFFITI LOVE;1
Sirjan;18;ALTER VICTORY;1
Nyeri;349;GANGS PRIDE;1
Mahajanga;945;VIRGINIAN PLUTO;1
Tychy;52;BALLROOM MOCKINGBIRD;1
Lima;685;PLATOON INSTINCT;1
Udine;658;PARIS WEEKEND;1
Ilorin;370;GORGEOUS BINGO;1
Plock;162;CLUELESS BUCKET;1
Halle/Saale;597;MOONWALKER FOOL;1
Tanauan;969;WEST LION;1
Sanaa;366;GOLDFINGER SENSIBILITY;1
Zaoyang;524;LION UNCUT;1
ostka;560;MARS ROMAN;1
Atinsk;263;DURHAM PANKY;1
Cavite;694;PREJUDICE OLEANDER;1
Gaziantep;756;SADDLE ANTITRUST;1
Lhokseumawe;416;HIGHBALL POTTER;1
Blumenau;820;SONS INTERVIEW;1
Ciparay;981;WOLVES DESIRE;1
Lilongwe;365;GOLD RIVER;1
Tanza;505;LABYRINTH LEAGUE;1
Nuuk;476;JASON TRAP;1
Kowloon and New Kowloon;361;GLEAMING JAWBREAKER;1
Valencia;42;ARTIST COLDBLOODED;1
Zhoushan;979;WITCHES PANIC;1
Baku;514;LEBOWSKI SOLDIERS;1
Iwakuni;650;PACIFIC AMISTAD;1
Kabul;907;TRANSLATION SUMMER;1
Cape Coral;846;STING PERSONAL;1
Yuncheng;542;LUST LOCK;1
Sharja;418;HOBBIT ALIEN;1
Liepaja;859;SUGAR WONKA;1
Lilongwe;723;REIGN GENTLEMEN;1
Esfahan;16;ALLEY EVOLUTION;1
Bilbays;19;AMADEUS HOLY;1
Yaound;552;MAJESTIC FLOATS;1
Gulbarga;424;HOLOCAUST HIGHBALL;1
Kragujevac;465;INTERVIEW LIAISONS;1
Pyongyang;776;SECRET GROUNDHOG;1
Tieli;869;SUSPECTS QUILLS;1
Funafuti;762;SASSY PACKER;1
Kurgan;146;CHITTY LOCK;1
Uluberia;734;ROAD ROXANNE;1
Nha Trang;72;BILL OTHERS;1
Saarbrcken;880;TELEMARK HEARTBREAKERS;1
Buenaventura;349;GANGS PRIDE;1
Balikesir;862;SUMMER SCARFACE;1
Jinzhou;213;DATE SPEED;1
Chungho;666;PAYCHECK WAIT;1
Amersfoort;902;TRADING PINOCCHIO;1
Dallas;586;MOCKINGBIRD HOLLYWOOD;1
Citrus Heights;591;MONSOON CAUSE;1
Tabriz;55;BARBARELLA STREETCAR;1
Okinawa;980;WIZARD COLDBLOODED;1
Laohekou;504;KWAI HOMEWARD;1
Birgunj;299;FACTORY DRAGON;1
Luzinia;673;PERSONAL LADYBUGS;1
Hanoi;109;BUTTERFLY CHOCOLAT;1
Kanazawa;294;EXPECATIONS NATURAL;1
Yerevan;792;SHREK LICENSE;1
s-Hertogenbosch;7;AIRPLANE SIERRA;1
Lhokseumawe;246;DOUBTFIRE LABYRINTH;1
Jaffna;468;INVASION CYCLONE;1
Santa Brbara dOeste;176;CONGENIALITY QUEST;1
Szkesfehrvr;610;MUSIC BOONDOCK;1
Balurghat;152;CIRCUS YOUTH;1
Saarbrcken;814;SNATCH SLIPPER;1
Novi Sad;809;SLIPPER FIDELITY;1
Skikda;530;LORD ARIZONA;1
Ueda;305;FATAL HAUNTED;1
Bilbays;603;MOVIE SHAKESPEARE;1
Kimchon;703;PUNK DIVORCE;1
Ivanovo;378;GREATEST NORTH;1
Salala;37;ARIZONA BANG;1
Gijn;167;COMA HEAD;1
Alessandria;938;VELVET TERMINATOR;1
Serpuhov;239;DOGMA FAMILY;1
Daugavpils;229;DEVIL DESIRE;1
Amroha;448;IDAHO LOVE;1
Nanyang;806;SLEEPY JAPANESE;1
Tabora;822;SOUP WISDOM;1
Lancaster;780;SENSIBILITY REAR;1
Caracas;982;WOMEN DORADO;1
Richmond Hill;194;CROW GREASE;1
Chapra;177;CONNECTICUT TRAMP;1
Valle de la Pascua;275;EGYPT TENENBAUMS;1
Tanauan;689;POLLOCK DELIVERANCE;1
Tartu;71;BILKO ANONYMOUS;1
Atinsk;369;GOODFELLAS SALUTE;1
Lancaster;901;TRACY CIDER;1
Allende;458;INDIAN LOVE;1
Trshavn;844;STEERS ARMAGEDDON;1
Blumenau;551;MAIDEN HOME;1
Zanzibar;935;VANISHED GARDEN;1
Sumy;588;MODEL FISH;1
Rizhao;896;TOOTSIE PILOT;1
Vinh;692;POTLUCK MIXED;1
Maring;610;MUSIC BOONDOCK;1
Abu Dhabi;863;SUN CONFESSIONS;1
Kuwana;28;ANTHEM LUKE;1
Sorocaba;256;DROP WATERFRONT;1
Mwanza;873;SWEETHEARTS SUSPECTS;1
Ikerre;942;VIETNAM SMOOCHY;1
Nyeri;482;JEOPARDY ENCINO;1
Ciomas;849;STORM HAPPINESS;1
Rio Claro;288;ESCAPE METROPOLIS;1
Vicente Lpez;270;EARTH VISION;1
Surakarta;521;LIES TREATMENT;1
Nuuk;981;WOLVES DESIRE;1
Bhilwara;577;MILE MULAN;1
Binzhou;667;PEACH INNOCENT;1
Effon-Alaiye;572;METROPOLIS COMA;1
Touliu;380;GREEK EVERYONE;1
Sal;117;CANDLES GRAPES;1
Akishima;235;DIVIDE MONSTER;1
Barcelona;315;FINDING ANACONDA;1
Gatineau;129;CAUSE DATE;1
Moscow;31;APACHE DIVINE;1
Kansas City;993;WRONG BEHAVIOR;1
Shivapuri;633;OCTOBER SUBMARINE;1
Cuman;938;VELVET TERMINATOR;1
Jhansi;576;MIGHTY LUCK;1
Baku;614;NAME DETECTIVE;1
Lengshuijiang;143;CHILL LUCK;1
Jos Azueta;185;COWBOY DOOM;1
Mwanza;857;STRICTLY SCARFACE;1
Valparai;428;HOMICIDE PEACH;1
Sirjan;753;RUSH GOODFELLAS;1
Manchester;73;BINGO TALENTED;1
Tanauan;388;GUNFIGHT MOON;1
Xiangfan;43;ATLANTIS CAUSE;1
Citrus Heights;395;HANDICAP BOONDOCK;1
Funafuti;111;CADDYSHACK JEDI;1
Bchar;172;CONEHEADS SMOOCHY;1
Xiangtan;58;BEACH HEARTBREAKERS;1
Pudukkottai;527;LOLA AGENT;1
Atinsk;118;CANYON STOCK;1
Dayton;927;UPRISING UPTOWN;1
Kirovo-Tepetsk;824;SPARTACUS CHEAPER;1
Santo Andr;387;GUN BONNIE;1
Pemalang;865;SUNRISE LEAGUE;1
Avellaneda;120;CARIBBEAN LIBERTY;1
Coquimbo;382;GRIT CLOCKWORK;1
Brindisi;640;OPUS ICE;1
Udine;344;FURY MURDER;1
Kumbakonam;643;ORIENT CLOSER;1
Tallahassee;455;IMPOSSIBLE PREJUDICE;1
Nezahualcyotl;673;PERSONAL LADYBUGS;1
Torren;374;GRAFFITI LOVE;1
Iwaki;465;INTERVIEW LIAISONS;1
Inegl;395;HANDICAP BOONDOCK;1
Patras;891;TIMBERLAND SKY;1
Masqat;219;DEEP CRUSADE;1
Yinchuan;103;BUCKET BROTHERHOOD;1
Usolje-Sibirskoje;88;BORN SPINAL;1
Kaliningrad;48;BACKLASH UNDEFEATED;1
Pathankot;803;SLACKER LIAISONS;1
Nanyang;119;CAPER MOTIONS;1
Siliguri (Shiliguri);853;STRANGER STRANGERS;1
Syrakusa;531;LOSE INCH;1
Sambhal;575;MIDSUMMER GROUNDHOG;1
Nezahualcyotl;414;HELLFIGHTERS SIERRA;1
Fuyu;51;BALLOON HOMEWARD;1
Pontianak;112;CALENDAR GUNFIGHT;1
Tabriz;550;MAGUIRE APACHE;1
Johannesburg;926;UNTOUCHABLES SUNRISE;1
Citt del Vaticano;612;MUSSOLINI SPOILERS;1
al-Manama;662;PATHS CONTROL;1
Toulouse;618;NECKLACE OUTBREAK;1
Oshawa;851;STRAIGHT HOURS;1
Moscow;560;MARS ROMAN;1
Dhaka;956;WANDA CHAMBER;1
Mosul;795;SIEGE MADRE;1
Kabul;855;STREAK RIDGEMONT;1
Bydgoszcz;594;MONTEZUMA COMMAND;1
Talavera;902;TRADING PINOCCHIO;1
Adana;702;PULP BEVERLY;1
Oyo;689;POLLOCK DELIVERANCE;1
Molodetno;220;DEER VIRGINIAN;1
Aparecida de Goinia;646;OUTBREAK DIVINE;1
Arak;68;BETRAYED REAR;1
Vinh;252;DREAM PICKUP;1
Bhavnagar;972;WHISPERER GIANT;1
Okayama;676;PHILADELPHIA WIFE;1
Yingkou;155;CLEOPATRA DEVIL;1
Chungho;151;CINCINATTI WHISPERER;1
Southend-on-Sea;112;CALENDAR GUNFIGHT;1
Karnal;301;FAMILY SWEET;1
Po;611;MUSKETEERS WAIT;1
Hami;652;PAJAMA JAWBREAKER;1
Greensboro;885;TEXAS WATCH;1
Lincoln;304;FARGO GANDHI;1
al-Ayn;772;SEA VIRGIN;1
Akron;374;GRAFFITI LOVE;1
Huaian;450;IDOLS SNATCHERS;1
Erlangen;288;ESCAPE METROPOLIS;1
Changzhou;149;CHRISTMAS MOONSHINE;1
Katihar;414;HELLFIGHTERS SIERRA;1
Abu Dhabi;844;STEERS ARMAGEDDON;1
Kermanshah;155;CLEOPATRA DEVIL;1
Bratislava;771;SCORPION APOLLO;1
Alessandria;86;BOOGIE AMELIE;1
Tallahassee;233;DISCIPLE MOTHER;1
ostka;402;HARPER DYING;1
Hoshiarpur;115;CAMPUS REMEMBER;1
Livorno;751;RUNAWAY TENENBAUMS;1
Dallas;242;DOOM DANCING;1
Cuautla;787;SHINING ROSES;1
Eskisehir;757;SAGEBRUSH CLUELESS;1
Klerksdorp;296;EXPRESS LONELY;1
Cianjur;916;TURN STAR;1
Maracabo;877;TAXI KICK;1
Paarl;676;PHILADELPHIA WIFE;1
Mwene-Ditu;804;SLEEPING SUSPECTS;1
Tanauan;510;LAWLESS VISION;1
Beni-Mellal;525;LOATHING LEGALLY;1
Munger (Monghyr);656;PAPI NECKLACE;1
Daxian;281;ENCINO ELF;1
Kirovo-Tepetsk;579;MINDS TRUMAN;1
Ueda;763;SATISFACTION CONFIDENTIAL;1
Kansas City;644;OSCAR GOLD;1
Pereira;31;APACHE DIVINE;1
Dhaka;273;EFFECT GLADIATOR;1
Portoviejo;583;MISSION ZOOLANDER;1
Pyongyang;331;FORWARD TEMPLE;1
Shimoga;824;SPARTACUS CHEAPER;1
Mexicali;645;OTHERS SOUP;1
Hagonoy;123;CASABLANCA SUPER;1
Chatsworth;503;KRAMER CHOCOLATE;1
Cape Coral;707;QUEST MUSSOLINI;1
Okara;129;CAUSE DATE;1
Brindisi;206;DANCING FEVER;1
Stara Zagora;450;IDOLS SNATCHERS;1
Kurgan;708;QUILLS BULL;1
Liaocheng;797;SILENCE KANE;1
Ipoh;688;POLISH BROOKLYN;1
Ktahya;775;SEATTLE EXPECATIONS;1
Serpuhov;296;EXPRESS LONELY;1
Tabora;216;DAY UNFAITHFUL;1
Acua;242;DOOM DANCING;1
Gandhinagar;413;HEDWIG ALTER;1
Moscow;349;GANGS PRIDE;1
Xinxiang;603;MOVIE SHAKESPEARE;1
Amersfoort;93;BRANNIGAN SUNRISE;1
Malm;538;LOVERBOY ATTACKS;1
Uijongbu;351;GASLIGHT CRUSADE;1
Imus;588;MODEL FISH;1
Zhoushan;286;ENOUGH RAGING;1
Qalyub;494;KARATE MOON;1
Patiala;320;FLAMINGOS CONNECTICUT;1
Yangor;106;BULWORTH COMMANDMENTS;1
Surakarta;258;DRUMS DYNAMITE;1
Iwakuni;96;BREAKING HOME;1
Citt del Vaticano;172;CONEHEADS SMOOCHY;1
Kilis;58;BEACH HEARTBREAKERS;1
El Monte;602;MOURNING PURPLE;1
Liaocheng;664;PATRIOT ROMAN;1
Cuauhtmoc;878;TEEN APOLLO;1
Teboksary;462;INSIDER ARIZONA;1
Bergamo;600;MOTIONS DETAILS;1
Adana;25;ANGELS LIFE;1
Sokoto;545;MADNESS ATTACKS;1
Munger (Monghyr);74;BIRCH ANTITRUST;1
Tambaram;545;MADNESS ATTACKS;1
Lancaster;813;SMOOCHY CONTROL;1
Jhansi;344;FURY MURDER;1
Meixian;11;ALAMO VIDEOTAPE;1
Portoviejo;174;CONFIDENTIAL INTERVIEW;1
Uruapan;215;DAWN POND;1
Halisahar;56;BAREFOOT MANCHURIAN;1
Jurez;403;HARRY IDAHO;1
Nagareyama;783;SHANE DARKNESS;1
Mardan;243;DOORS PRESIDENT;1
Changhwa;914;TROUBLE DATE;1
Antofagasta;265;DYING MAKER;1
s-Hertogenbosch;464;INTENTIONS EMPIRE;1
Monywa;494;KARATE MOON;1
Hsichuh;691;POSEIDON FOREVER;1
Kanchrapara;905;TRAINSPOTTING STRANGERS;1
Purnea (Purnia);791;SHOW LORD;1
Robamba;447;ICE CROSSING;1
Bucuresti;571;METAL ARMAGEDDON;1
Rancagua;4;AFFAIR PREJUDICE;1
Cayenne;118;CANYON STOCK;1
Johannesburg;534;LOUISIANA HARRY;1
Ozamis;443;HURRICANE AFFAIR;1
Oulu;485;JERSEY SASSY;1
Ashdod;317;FIREBALL PHILADELPHIA;1
Pemalang;8;AIRPORT POLLOCK;1
Miyakonojo;714;RANDOM GO;1
Coacalco de Berriozbal;3;ADAPTATION HOLES;1
Springs;314;FIGHT JAWBREAKER;1
Santiago de los Caballeros;936;VANISHING ROCKY;1
Rancagua;15;ALIEN CENTER;1
Donostia-San Sebastin;346;GALAXY SWEETHEARTS;1
Bamenda;112;CALENDAR GUNFIGHT;1
Phnom Penh;690;POND SEATTLE;1
Ciparay;746;ROUGE SQUAD;1
Linz;891;TIMBERLAND SKY;1
Bijapur;463;INSTINCT AIRPORT;1
Sterling Heights;886;THEORY MERMAID;1
Tsuyama;740;ROLLERCOASTER BRINGING;1
Leshan;916;TURN STAR;1
Vicente Lpez;545;MADNESS ATTACKS;1
Kilis;708;QUILLS BULL;1
Santa F;891;TIMBERLAND SKY;1
Mwanza;574;MIDNIGHT WESTWARD;1
Valle de la Pascua;354;GHOST GROUNDHOG;1
Lima;667;PEACH INNOCENT;1
Chatsworth;804;SLEEPING SUSPECTS;1
Mardan;59;BEAR GRACELAND;1
Kumbakonam;305;FATAL HAUNTED;1
Sawhaj;298;EYES DRIVING;1
Shimoga;57;BASIC EASY;1
Phnom Penh;973;WIFE TURN;1
Usak;911;TRIP NEWTON;1
Nezahualcyotl;644;OSCAR GOLD;1
Balaiha;380;GREEK EVERYONE;1
Emmen;695;PRESIDENT BANG;1
Valle de Santiago;326;FLYING HOOK;1
Benguela;115;CAMPUS REMEMBER;1
Bandar Seri Begawan;276;ELEMENT FREDDY;1
Toulouse;441;HUNTER ALTER;1
Athenai;563;MASSACRE USUAL;1
Mannheim;912;TROJAN TOMORROW;1
Ashgabat;716;REAP UNFAITHFUL;1
Donostia-San Sebastin;906;TRAMP OTHERS;1
Brescia;974;WILD APOLLO;1
Bhilwara;453;IMAGE PRINCESS;1
Papeete;570;MERMAID INSECTS;1
Gatineau;531;LOSE INCH;1
Mardan;274;EGG IGBY;1
Trshavn;638;OPERATION OPERATION;1
Taguig;99;BRINGING HYSTERICAL;1
Karnal;240;DOLLS RAGE;1
Mardan;465;INTERVIEW LIAISONS;1
Teboksary;271;EASY GLADIATOR;1
Iwaki;320;FLAMINGOS CONNECTICUT;1
Joliet;390;GUYS FALCON;1
Po;379;GREEDY ROOTS;1
Ciomas;966;WEDDING APOLLO;1
Jalib al-Shuyukh;837;STAGE WORLD;1
Malm;139;CHASING FIGHT;1
Gulbarga;350;GARDEN ISLAND;1
Monywa;299;FACTORY DRAGON;1
Alessandria;72;BILL OTHERS;1
Simferopol;812;SMOKING BARBARELLA;1
Halisahar;938;VELVET TERMINATOR;1
Mannheim;236;DIVINE RESURRECTION;1
Augusta-Richmond County;753;RUSH GOODFELLAS;1
Sasebo;174;CONFIDENTIAL INTERVIEW;1
Banjul;845;STEPMOM DREAM;1
Meixian;74;BIRCH ANTITRUST;1
Davao;668;PEAK FOREVER;1
Laredo;395;HANDICAP BOONDOCK;1
Rae Bareli;736;ROBBERY BRIGHT;1
Lilongwe;244;DORADO NOTTING;1
Shikarpur;744;ROOTS REMEMBER;1
Aurora;6;AGENT TRUMAN;1
Saarbrcken;358;GILMORE BOILED;1
Effon-Alaiye;906;TRAMP OTHERS;1
Santa Rosa;219;DEEP CRUSADE;1
Fuyu;227;DETAILS PACKER;1
Kaliningrad;1;ACADEMY DINOSAUR;1
Rizhao;420;HOLES BRANNIGAN;1
Sivas;716;REAP UNFAITHFUL;1
Chiayi;287;ENTRAPMENT SATISFACTION;1
El Fuerte;31;APACHE DIVINE;1
Hohhot;850;STORY SIDE;1
Varanasi (Benares);162;CLUELESS BUCKET;1
Mandi Bahauddin;260;DUDE BLINDNESS;1
Hagonoy;377;GREASE YOUTH;1
Jurez;234;DISTURBING SCARFACE;1
Hanoi;481;JEKYLL FROGMEN;1
Ogbomosho;907;TRANSLATION SUMMER;1
Roanoke;958;WARDROBE PHANTOM;1
Miraj;917;TUXEDO MILE;1
Changhwa;212;DARN FORRESTER;1
Vijayawada;734;ROAD ROXANNE;1
Tianjin;682;PITTSBURGH HUNCHBACK;1
Sterling Heights;677;PIANIST OUTFIELD;1
Chandrapur;634;ODDS BOOGIE;1
So Leopoldo;331;FORWARD TEMPLE;1
Madiun;922;UNDEFEATED DALMATIONS;1
Namibe;639;OPPOSITE NECKLACE;1
Lublin;902;TRADING PINOCCHIO;1
Donostia-San Sebastin;383;GROOVE FICTION;1
Guadalajara;652;PAJAMA JAWBREAKER;1
Chandrapur;142;CHICKEN HELLFIGHTERS;1
Davao;228;DETECTIVE VISION;1
Nukualofa;738;ROCKETEER MOTHER;1
Jalib al-Shuyukh;828;SPIKING ELEMENT;1
Hohhot;616;NATIONAL STORY;1
Johannesburg;522;LIFE TWISTED;1
Santa Brbara dOeste;870;SWARM GOLD;1
Fuzhou;373;GRADUATE LORD;1
Loja;733;RIVER OUTLAW;1
Vila Velha;891;TIMBERLAND SKY;1
Changzhou;529;LONELY ELEPHANT;1
Coacalco de Berriozbal;28;ANTHEM LUKE;1
Qomsheh;995;YENTL IDAHO;1
Sterling Heights;936;VANISHING ROCKY;1
Sultanbeyli;840;STAMPEDE DISTURBING;1
Imus;174;CONFIDENTIAL INTERVIEW;1
Serpuhov;187;CRANES RESERVOIR;1
Uruapan;636;OLEANDER CLUE;1
Olomouc;181;CONTACT ANONYMOUS;1
Tychy;285;ENGLISH BULWORTH;1
Sullana;354;GHOST GROUNDHOG;1
Compton;606;MUMMY CREATURES;1
Fontana;74;BIRCH ANTITRUST;1
Songkhla;772;SEA VIRGIN;1
Dundee;525;LOATHING LEGALLY;1
Qinhuangdao;131;CENTER DINOSAUR;1
Ipoh;125;CASSIDY WYOMING;1
Coacalco de Berriozbal;204;DALMATIONS SWEDEN;1
Citt del Vaticano;645;OTHERS SOUP;1
Touliu;979;WITCHES PANIC;1
Syrakusa;585;MOB DUFFEL;1
Saint-Denis;4;AFFAIR PREJUDICE;1
Aparecida de Goinia;4;AFFAIR PREJUDICE;1
Quilmes;924;UNFORGIVEN ZOOLANDER;1
Tsuyama;609;MUSCLE BRIGHT;1
Bandar Seri Begawan;609;MUSCLE BRIGHT;1
Guadalajara;56;BAREFOOT MANCHURIAN;1
Ilorin;326;FLYING HOOK;1
Batman;381;GRINCH MASSAGE;1
Adoni;892;TITANIC BOONDOCK;1
Kisumu;894;TOMATOES HELLFIGHTERS;1
Sorocaba;606;MUMMY CREATURES;1
Dayton;964;WATERFRONT DELIVERANCE;1
Ciparay;154;CLASH FREDDY;1
Kakamigahara;663;PATIENT SISTER;1
Baiyin;953;WAIT CIDER;1
Kirovo-Tepetsk;357;GILBERT PELICAN;1
Vilnius;416;HIGHBALL POTTER;1
Otsu;168;COMANCHEROS ENEMY;1
Iwatsuki;953;WAIT CIDER;1
Fontana;486;JET NEIGHBORS;1
Kragujevac;687;POCUS PULP;1
Tafuna;768;SCARFACE BANG;1
Nezahualcyotl;902;TRADING PINOCCHIO;1
Surakarta;251;DRAGONFLY STRANGERS;1
Uijongbu;778;SECRETS PARADISE;1
Greensboro;887;THIEF PELICAN;1
Junan;850;STORY SIDE;1
Loja;893;TITANS JERK;1
Ponce;985;WONDERLAND CHRISTMAS;1
Esfahan;10;ALADDIN CALENDAR;1
Nha Trang;271;EASY GLADIATOR;1
Xiangfan;626;NOON PAPI;1
Tieli;881;TEMPLE ATTRACTION;1
Witten;51;BALLOON HOMEWARD;1
Roanoke;190;CREEPERS KANE;1
Tychy;54;BANGER PINOCCHIO;1
Rancagua;816;SNOWMAN ROLLERCOASTER;1
Phnom Penh;200;CURTAIN VIDEOTAPE;1
Banjul;30;ANYTHING SAVANNAH;1
Zapopan;200;CURTAIN VIDEOTAPE;1
Robamba;57;BASIC EASY;1
Higashiosaka;326;FLYING HOOK;1
Namibe;465;INTERVIEW LIAISONS;1
Naju;983;WON DARES;1
Mandaluyong;443;HURRICANE AFFAIR;1
Johannesburg;7;AIRPLANE SIERRA;1
Kimberley;856;STREETCAR INTENTIONS;1
Cuautla;304;FARGO GANDHI;1
Cuernavaca;490;JUMANJI BLADE;1
Ourense (Orense);200;CURTAIN VIDEOTAPE;1
Beira;724;REMEMBER DIARY;1
Bhimavaram;146;CHITTY LOCK;1
Mosul;139;CHASING FIGHT;1
Changhwa;164;COAST RAINBOW;1
Tabora;936;VANISHING ROCKY;1
Kaliningrad;453;IMAGE PRINCESS;1
Owo;167;COMA HEAD;1
Gingoog;711;RAGING AIRPLANE;1
Ciomas;603;MOVIE SHAKESPEARE;1
Fuyu;784;SHANGHAI TYCOON;1
Cuauhtmoc;956;WANDA CHAMBER;1
Citrus Heights;241;DONNIE ALLEY;1
Gaziantep;255;DRIVING POLISH;1
Kalisz;851;STRAIGHT HOURS;1
Tel Aviv-Jaffa;771;SCORPION APOLLO;1
Varanasi (Benares);799;SIMON NORTH;1
Usak;908;TRAP GUYS;1
Bern;391;HALF OUTFIELD;1
Beni-Mellal;280;EMPIRE MALKOVICH;1
Ezeiza;965;WATERSHIP FRONTIER;1
Yuncheng;55;BARBARELLA STREETCAR;1
Jinzhou;735;ROBBERS JOON;1
Ashdod;748;RUGRATS SHAKESPEARE;1
San Miguel de Tucumn;373;GRADUATE LORD;1
Imus;22;AMISTAD MIDSUMMER;1
Shimonoseki;280;EMPIRE MALKOVICH;1
Niznekamsk;266;DYNAMITE TARZAN;1
Ljubertsy;12;ALASKA PHANTOM;1
Baku;142;CHICKEN HELLFIGHTERS;1
Bydgoszcz;85;BONNIE HOLOCAUST;1
Shimonoseki;226;DESTINY SATURDAY;1
Firozabad;753;RUSH GOODFELLAS;1
Gaziantep;130;CELEBRITY HORN;1
Tongliao;763;SATISFACTION CONFIDENTIAL;1
Chisinau;711;RAGING AIRPLANE;1
Omdurman;434;HORROR REIGN;1
Pune;598;MOSQUITO ARMAGEDDON;1
Lancaster;632;NUTS TIES;1
Okayama;508;LAMBS CINCINATTI;1
Tabora;615;NASH CHOCOLAT;1
Brindisi;743;ROOM ROMAN;1
Huixquilucan;409;HEARTBREAKERS BRIGHT;1
Compton;960;WARS PLUTO;1
Ciudad del Este;395;HANDICAP BOONDOCK;1
Nantou;733;RIVER OUTLAW;1
Valencia;81;BLINDNESS GUN;1
Mahajanga;92;BOWFINGER GABLES;1
Araatuba;200;CURTAIN VIDEOTAPE;1
Bratislava;476;JASON TRAP;1
Brescia;481;JEKYLL FROGMEN;1
Valle de la Pascua;940;VICTORY ACADEMY;1
Zalantun;255;DRIVING POLISH;1
Tandil;776;SECRET GROUNDHOG;1
Battambang;135;CHANCE RESURRECTION;1
Brindisi;551;MAIDEN HOME;1
Gulbarga;303;FANTASY TROOPERS;1
Vaduz;249;DRACULA CRYSTAL;1
Newcastle;117;CANDLES GRAPES;1
Korolev;559;MARRIED GO;1
Gorontalo;926;UNTOUCHABLES SUNRISE;1
Dallas;728;REUNION WITCHES;1
Izumisano;303;FANTASY TROOPERS;1
Baybay;980;WIZARD COLDBLOODED;1
Kimberley;483;JERICHO MULAN;1
Effon-Alaiye;658;PARIS WEEKEND;1
al-Qadarif;790;SHOOTIST SUPERFLY;1
Kursk;176;CONGENIALITY QUEST;1
ostka;476;JASON TRAP;1
Dzerzinsk;492;JUNGLE CLOSER;1
Onomichi;122;CARRIE BUNCH;1
Pereira;446;HYSTERICAL GRAIL;1
Torren;230;DIARY PANIC;1
Kamjanets-Podilskyi;588;MODEL FISH;1
Gingoog;634;ODDS BOOGIE;1
Pereira;252;DREAM PICKUP;1
Siegen;647;OUTFIELD MASSACRE;1
Hino;729;RIDER CADDYSHACK;1
Sumqayit;521;LIES TREATMENT;1
Buenaventura;870;SWARM GOLD;1
Mwanza;963;WATCH TRACY;1
Firozabad;602;MOURNING PURPLE;1
Arak;993;WRONG BEHAVIOR;1
Clarksville;123;CASABLANCA SUPER;1
Mardan;445;HYDE DOCTOR;1
Dayton;892;TITANIC BOONDOCK;1
Akron;852;STRANGELOVE DESIRE;1
York;335;FREEDOM CLEOPATRA;1
Haiphong;601;MOULIN WAKE;1
Benin City;814;SNATCH SLIPPER;1
Matsue;741;ROMAN PUNK;1
Hanoi;638;OPERATION OPERATION;1
Halisahar;135;CHANCE RESURRECTION;1
Junan;395;HANDICAP BOONDOCK;1
Tel Aviv-Jaffa;677;PIANIST OUTFIELD;1
Valle de Santiago;897;TORQUE BOUND;1
Okara;587;MOD SECRETARY;1
Coatzacoalcos;416;HIGHBALL POTTER;1
Bhimavaram;458;INDIAN LOVE;1
Qomsheh;417;HILLS NEIGHBORS;1
Kowloon and New Kowloon;596;MOONSHINE CABIN;1
Sincelejo;361;GLEAMING JAWBREAKER;1
San Felipe del Progreso;78;BLACKOUT PRIVATE;1
Taizz;515;LEGALLY SECRETARY;1
Ahmadnagar;349;GANGS PRIDE;1
Tanza;227;DETAILS PACKER;1
Tanauan;311;FICTION CHRISTMAS;1
Haldia;892;TITANIC BOONDOCK;1
Hiroshima;288;ESCAPE METROPOLIS;1
Zhezqazghan;305;FATAL HAUNTED;1
Batna;873;SWEETHEARTS SUSPECTS;1
Bayugan;662;PATHS CONTROL;1
Jhansi;510;LAWLESS VISION;1
al-Manama;137;CHARADE DUFFEL;1
ostka;293;EXORCIST STING;1
Ede;552;MAJESTIC FLOATS;1
Haiphong;50;BAKED CLEOPATRA;1
Mysore;251;DRAGONFLY STRANGERS;1
Dos Quebradas;976;WIND PHANTOM;1
Cuautla;562;MASKED BUBBLE;1
Charlotte Amalie;962;WASTELAND DIVINE;1
York;755;SABRINA MIDNIGHT;1
Ahmadnagar;681;PIRATES ROXANNE;1
Tete;278;ELF MURDER;1
Pudukkottai;288;ESCAPE METROPOLIS;1
Taguig;897;TORQUE BOUND;1
Tieli;388;GUNFIGHT MOON;1
Hamilton;401;HAROLD FRENCH;1
Rancagua;78;BLACKOUT PRIVATE;1
Fengshan;927;UPRISING UPTOWN;1
guas Lindas de Gois;716;REAP UNFAITHFUL;1
Dallas;286;ENOUGH RAGING;1
Hiroshima;81;BLINDNESS GUN;1
Ourense (Orense);746;ROUGE SQUAD;1
Ciudad del Este;616;NATIONAL STORY;1
Okinawa;878;TEEN APOLLO;1
Zhoushan;946;VIRTUAL SPOILERS;1
Donostia-San Sebastin;288;ESCAPE METROPOLIS;1
Soshanguve;369;GOODFELLAS SALUTE;1
Jaipur;493;KANE EXORCIST;1
Tokat;439;HUNCHBACK IMPOSSIBLE;1
Hamilton;474;JADE BUNCH;1
Nanyang;436;HOURS RAGE;1
Yamuna Nagar;97;BRIDE INTRIGUE;1
Madiun;735;ROBBERS JOON;1
Pangkal Pinang;980;WIZARD COLDBLOODED;1
Blumenau;109;BUTTERFLY CHOCOLAT;1
Sal;239;DOGMA FAMILY;1
Gaziantep;951;VOYAGE LEGALLY;1
Zalantun;7;AIRPLANE SIERRA;1
Tanza;614;NAME DETECTIVE;1
Purnea (Purnia);936;VANISHING ROCKY;1
Oshawa;505;LABYRINTH LEAGUE;1
Loja;875;TALENTED HOMICIDE;1
Loja;702;PULP BEVERLY;1
Brockton;580;MINE TITANS;1
Vinh;460;INNOCENT USUAL;1
Balurghat;300;FALCON VOLUME;1
Juazeiro do Norte;892;TITANIC BOONDOCK;1
Cam Ranh;52;BALLROOM MOCKINGBIRD;1
Po;565;MATRIX SNOWMAN;1
Nador;231;DINOSAUR SECRETARY;1
Aden;414;HELLFIGHTERS SIERRA;1
Santa Brbara dOeste;424;HOLOCAUST HIGHBALL;1
Jinchang;969;WEST LION;1
Simferopol;54;BANGER PINOCCHIO;1
Erlangen;783;SHANE DARKNESS;1
Miyakonojo;22;AMISTAD MIDSUMMER;1
Madiun;869;SUSPECTS QUILLS;1
Tandil;994;WYOMING STORM;1
Richmond Hill;154;CLASH FREDDY;1
Bamenda;845;STEPMOM DREAM;1
Lapu-Lapu;34;ARABIA DOGMA;1
Roanoke;281;ENCINO ELF;1
Hohhot;601;MOULIN WAKE;1
Memphis;843;STEEL SANTA;1
Merlo;829;SPINAL ROCKY;1
Kowloon and New Kowloon;83;BLUES INSTINCT;1
Allappuzha (Alleppey);212;DARN FORRESTER;1
Talavera;545;MADNESS ATTACKS;1
Kolpino;416;HIGHBALL POTTER;1
Siliguri (Shiliguri);812;SMOKING BARBARELLA;1
Changzhou;443;HURRICANE AFFAIR;1
Szkesfehrvr;26;ANNIE IDENTITY;1
Onomichi;336;FRENCH HOLIDAY;1
Sincelejo;951;VOYAGE LEGALLY;1
Simferopol;892;TITANIC BOONDOCK;1
Katihar;160;CLUB GRAFFITI;1
So Leopoldo;889;TIES HUNGER;1
Bag;15;ALIEN CENTER;1
Kuching;509;LANGUAGE COWBOY;1
Baku;921;UNCUT SUICIDES;1
Syktyvkar;484;JERK PAYCHECK;1
Tanauan;77;BIRDS PERDITION;1
Ife;879;TELEGRAPH VOYAGE;1
Nezahualcyotl;714;RANDOM GO;1
Duisburg;932;VALLEY PACKER;1
Moscow;578;MILLION ACE;1
Czestochowa;475;JAPANESE RUN;1
Springs;387;GUN BONNIE;1
Alvorada;462;INSIDER ARIZONA;1
Najafabad;341;FROST HEAD;1
Tsuyama;989;WORKING MICROCOSMOS;1
Nabereznyje Telny;122;CARRIE BUNCH;1
Hubli-Dharwad;897;TORQUE BOUND;1
Olomouc;858;SUBMARINE BED;1
Nuuk;913;TROOPERS METAL;1
Kamakura;660;PARTY KNOCK;1
Otsu;680;PINOCCHIO SIMON;1
Teboksary;437;HOUSE DYNAMITE;1
Junan;619;NEIGHBORS CHARADE;1
al-Qatif;3;ADAPTATION HOLES;1
Zaria;686;PLUTO OLEANDER;1
Dzerzinsk;154;CLASH FREDDY;1
Tanza;609;MUSCLE BRIGHT;1
Greensboro;505;LABYRINTH LEAGUE;1
Matamoros;966;WEDDING APOLLO;1
Shanwei;556;MALTESE HOPE;1
Memphis;563;MASSACRE USUAL;1
Tanauan;849;STORM HAPPINESS;1
Kilis;998;ZHIVAGO CORE;1
Portoviejo;971;WHALE BIKINI;1
Nagaon;810;SLUMS DUCK;1
Botosani;204;DALMATIONS SWEDEN;1
Allende;356;GIANT TROOPERS;1
Aurora;625;NONE SPIKING;1
Graz;552;MAJESTIC FLOATS;1
Tanauan;670;PELICAN COMFORTS;1
Coacalco de Berriozbal;447;ICE CROSSING;1
Ranchi;704;PURE RUNNER;1
Richmond Hill;634;ODDS BOOGIE;1
Aurora;761;SANTA PARIS;1
Usak;106;BULWORTH COMMANDMENTS;1
Taizz;344;FURY MURDER;1
Tanshui;726;RESERVOIR ADAPTATION;1
Yinchuan;676;PHILADELPHIA WIFE;1
Tabora;976;WIND PHANTOM;1
Cavite;782;SHAKESPEARE SADDLE;1
Vancouver;403;HARRY IDAHO;1
Vilnius;93;BRANNIGAN SUNRISE;1
Augusta-Richmond County;93;BRANNIGAN SUNRISE;1
Donostia-San Sebastin;418;HOBBIT ALIEN;1
Malm;979;WITCHES PANIC;1
Tychy;82;BLOOD ARGONAUTS;1
Santa F;447;ICE CROSSING;1
Karnal;533;LOST BIRD;1
Leshan;544;MADISON TRAP;1
Florencia;125;CASSIDY WYOMING;1
Gulbarga;139;CHASING FIGHT;1
Bratislava;868;SUPERFLY TRIP;1
Tokat;203;DAISY MENAGERIE;1
Oulu;358;GILMORE BOILED;1
Almirante Brown;131;CENTER DINOSAUR;1
Tonghae;592;MONSTER SPARTACUS;1
Miraj;480;JEEPERS WEDDING;1
Tabuk;295;EXPENDABLE STALLION;1
Bijapur;524;LION UNCUT;1
Coquimbo;521;LIES TREATMENT;1
Zhezqazghan;438;HUMAN GRAFFITI;1
Baha Blanca;145;CHISUM BEHAVIOR;1
s-Hertogenbosch;728;REUNION WITCHES;1
Probolinggo;572;METROPOLIS COMA;1
Changzhou;28;ANTHEM LUKE;1
Tangail;677;PIANIST OUTFIELD;1
Buenaventura;253;DRIFTER COMMANDMENTS;1
Salala;780;SENSIBILITY REAR;1
Effon-Alaiye;868;SUPERFLY TRIP;1
Jurez;7;AIRPLANE SIERRA;1
Oulu;492;JUNGLE CLOSER;1
Cabuyao;980;WIZARD COLDBLOODED;1
Ezeiza;641;ORANGE GRAPES;1
Batman;518;LIAISONS SWEET;1
Abu Dhabi;81;BLINDNESS GUN;1
Chandrapur;996;YOUNG LANGUAGE;1
Emeishan;54;BANGER PINOCCHIO;1
Rajkot;240;DOLLS RAGE;1
Iwaki;682;PITTSBURGH HUNCHBACK;1
al-Hawiya;175;CONFUSED CANDLES;1
Hanoi;39;ARMAGEDDON LOST;1
Fontana;317;FIREBALL PHILADELPHIA;1
Caracas;288;ESCAPE METROPOLIS;1
Jaipur;133;CHAMBER ITALIAN;1
Hunuco;577;MILE MULAN;1
Lausanne;901;TRACY CIDER;1
Vitria de Santo Anto;233;DISCIPLE MOTHER;1
Kingstown;417;HILLS NEIGHBORS;1
A Corua (La Corua);480;JEEPERS WEDDING;1
Rajkot;721;REDS POCUS;1
Siliguri (Shiliguri);49;BADMAN DAWN;1
Ipoh;307;FELLOWSHIP AUTUMN;1
Bag;478;JAWS HARRY;1
Vaduz;337;FRIDA SLIPPER;1
Paarl;678;PICKUP DRIVING;1
Najafabad;680;PINOCCHIO SIMON;1
Stockport;103;BUCKET BROTHERHOOD;1
Ezhou;865;SUNRISE LEAGUE;1
Zeleznogorsk;777;SECRETARY ROUGE;1
Usolje-Sibirskoje;614;NAME DETECTIVE;1
Richmond Hill;835;SPY MILE;1
Cape Coral;213;DATE SPEED;1
San Felipe de Puerto Plata;63;BEDAZZLED MARRIED;1
Akishima;647;OUTFIELD MASSACRE;1
al-Manama;678;PICKUP DRIVING;1
Akishima;594;MONTEZUMA COMMAND;1
Angra dos Reis;121;CAROL TEXAS;1
Omdurman;286;ENOUGH RAGING;1
Yantai;367;GOLDMINE TYCOON;1
Naju;306;FEATHERS METAL;1
Zhoushan;768;SCARFACE BANG;1
Lengshuijiang;760;SAMURAI LION;1
Dongying;573;MICROCOSMOS PARADISE;1
Kumbakonam;169;COMFORTS RUSH;1
Southport;572;METROPOLIS COMA;1
Mwene-Ditu;307;FELLOWSHIP AUTUMN;1
Ciomas;149;CHRISTMAS MOONSHINE;1
Apeldoorn;690;POND SEATTLE;1
Tel Aviv-Jaffa;467;INTRIGUE WORST;1
Kurgan;425;HOLY TADPOLE;1
al-Qadarif;975;WILLOW TRACY;1
Brockton;921;UNCUT SUICIDES;1
Peoria;945;VIRGINIAN PLUTO;1
Donostia-San Sebastin;172;CONEHEADS SMOOCHY;1
San Bernardino;109;BUTTERFLY CHOCOLAT;1
Rizhao;657;PARADISE SABRINA;1
Tel Aviv-Jaffa;259;DUCK RACER;1
Junan;963;WATCH TRACY;1
Kansas City;358;GILMORE BOILED;1
Kanazawa;610;MUSIC BOONDOCK;1
Valle de la Pascua;140;CHEAPER CLYDE;1
Omdurman;937;VARSITY TRIP;1
Tangail;204;DALMATIONS SWEDEN;1
Yuzhou;313;FIDELITY DEVIL;1
Haining;665;PATTON INTERVIEW;1
Jhansi;91;BOUND CHEAPER;1
Purnea (Purnia);348;GANDHI KWAI;1
Nezahualcyotl;574;MIDNIGHT WESTWARD;1
Nagareyama;756;SADDLE ANTITRUST;1
Miraj;132;CHAINSAW UPTOWN;1
Berhampore (Baharampur);696;PRIDE ALAMO;1
Lilongwe;536;LOVELY JINGLE;1
Vaduz;891;TIMBERLAND SKY;1
Vitria de Santo Anto;94;BRAVEHEART HUMAN;1
Uruapan;641;ORANGE GRAPES;1
San Felipe de Puerto Plata;410;HEAVEN FREEDOM;1
Gandhinagar;408;HEAD STRANGER;1
Ezeiza;735;ROBBERS JOON;1
Santo Andr;761;SANTA PARIS;1
Kuching;871;SWEDEN SHINING;1
Ozamis;290;EVERYONE CRAFT;1
Daugavpils;854;STRANGERS GRAFFITI;1
Johannesburg;870;SWARM GOLD;1
Roanoke;434;HORROR REIGN;1
Koriyama;603;MOVIE SHAKESPEARE;1
Arecibo;396;HANGING DEEP;1
Banjul;728;REUNION WITCHES;1
Poos de Caldas;711;RAGING AIRPLANE;1
Simferopol;676;PHILADELPHIA WIFE;1
Ciparay;512;LEAGUE HELLFIGHTERS;1
Kamakura;664;PATRIOT ROMAN;1
Aden;16;ALLEY EVOLUTION;1
Qinhuangdao;572;METROPOLIS COMA;1
Rio Claro;733;RIVER OUTLAW;1
Greensboro;857;STRICTLY SCARFACE;1
Xiangfan;819;SONG HEDWIG;1
Ipoh;20;AMELIE HELLFIGHTERS;1
Kowloon and New Kowloon;249;DRACULA CRYSTAL;1
Kermanshah;181;CONTACT ANONYMOUS;1
Kuching;263;DURHAM PANKY;1
Okinawa;957;WAR NOTTING;1
Santiago de Compostela;354;GHOST GROUNDHOG;1
Birgunj;159;CLOSER BANG;1
South Hill;993;WRONG BEHAVIOR;1
Balikesir;553;MAKER GABLES;1
Ede;434;HORROR REIGN;1
Zanzibar;616;NATIONAL STORY;1
Vilnius;694;PREJUDICE OLEANDER;1
Zalantun;135;CHANCE RESURRECTION;1
Pune;890;TIGHTS DAWN;1
Greensboro;299;FACTORY DRAGON;1
Hidalgo;839;STALLION SUNDANCE;1
Malm;181;CONTACT ANONYMOUS;1
Soshanguve;912;TROJAN TOMORROW;1
Sanaa;67;BERETS AGENT;1
Hodeida;631;NOVOCAINE FLIGHT;1
Najafabad;690;POND SEATTLE;1
Miraj;354;GHOST GROUNDHOG;1
Probolinggo;68;BETRAYED REAR;1
Yingkou;290;EVERYONE CRAFT;1
Juiz de Fora;919;TYCOON GATHERING;1
Tartu;437;HOUSE DYNAMITE;1
Oyo;347;GAMES BOWFINGER;1
Kursk;650;PACIFIC AMISTAD;1
Nakhon Sawan;269;EARRING INSTINCT;1
Trshavn;138;CHARIOTS CONSPIRACY;1
Witten;353;GENTLEMEN STAGE;1
Balikesir;765;SATURN NAME;1
Sullana;121;CAROL TEXAS;1
Xintai;625;NONE SPIKING;1
Anpolis;677;PIANIST OUTFIELD;1
Balikesir;575;MIDSUMMER GROUNDHOG;1
Angra dos Reis;255;DRIVING POLISH;1
Patras;383;GROOVE FICTION;1
Garland;467;INTRIGUE WORST;1
Pavlodar;946;VIRTUAL SPOILERS;1
Bhilwara;711;RAGING AIRPLANE;1
Anpolis;242;DOOM DANCING;1
Yinchuan;123;CASABLANCA SUPER;1
Toulouse;212;DARN FORRESTER;1
Kowloon and New Kowloon;838;STAGECOACH ARMAGEDDON;1
Ife;457;INDEPENDENCE HOTEL;1
Allappuzha (Alleppey);596;MOONSHINE CABIN;1
Chungho;378;GREATEST NORTH;1
Cuman;489;JUGGLER HARDLY;1
Escobar;572;METROPOLIS COMA;1
Ciparay;995;YENTL IDAHO;1
Liaocheng;201;CYCLONE FAMILY;1
Jaffna;633;OCTOBER SUBMARINE;1
Cam Ranh;31;APACHE DIVINE;1
Lausanne;837;STAGE WORLD;1
Rampur;489;JUGGLER HARDLY;1
Ilorin;154;CLASH FREDDY;1
Jelets;848;STONE FIRE;1
Hunuco;748;RUGRATS SHAKESPEARE;1
Iwatsuki;582;MIRACLE VIRTUAL;1
Rae Bareli;132;CHAINSAW UPTOWN;1
Ahmadnagar;423;HOLLYWOOD ANONYMOUS;1
Oulu;450;IDOLS SNATCHERS;1
Balurghat;553;MAKER GABLES;1
Guadalajara;880;TELEMARK HEARTBREAKERS;1
Belm;211;DARLING BREAKING;1
Songkhla;98;BRIGHT ENCOUNTERS;1
Sorocaba;744;ROOTS REMEMBER;1
Citrus Heights;941;VIDEOTAPE ARSENIC;1
Bhavnagar;845;STEPMOM DREAM;1
Chiayi;189;CREATURES SHAKESPEARE;1
Dos Quebradas;613;MYSTIC TRUMAN;1
Alessandria;682;PITTSBURGH HUNCHBACK;1
Coquimbo;738;ROCKETEER MOTHER;1
Qomsheh;85;BONNIE HOLOCAUST;1
Uttarpara-Kotrung;709;RACER EGG;1
Guadalajara;991;WORST BANGER;1
Syktyvkar;202;DADDY PITTSBURGH;1
Hunuco;923;UNFAITHFUL KILL;1
Yuzhou;40;ARMY FLINTSTONES;1
La Plata;834;SPOILERS HELLFIGHTERS;1
Pemalang;810;SLUMS DUCK;1
Plock;298;EYES DRIVING;1
Birgunj;748;RUGRATS SHAKESPEARE;1
Tangail;690;POND SEATTLE;1
Valle de Santiago;773;SEABISCUIT PUNK;1
Bayugan;284;ENEMY ODDS;1
Nyeri;911;TRIP NEWTON;1
Dundee;169;COMFORTS RUSH;1
Saint-Denis;506;LADY STAGE;1
Ilorin;290;EVERYONE CRAFT;1
Taizz;666;PAYCHECK WAIT;1
Mandaluyong;220;DEER VIRGINIAN;1
Trshavn;893;TITANS JERK;1
Ife;90;BOULEVARD MOB;1
Touliu;531;LOSE INCH;1
Palghat (Palakkad);897;TORQUE BOUND;1
So Leopoldo;643;ORIENT CLOSER;1
Manchester;398;HANOVER GALAXY;1
Bhilwara;883;TEQUILA PAST;1
Mwene-Ditu;310;FEVER EMPIRE;1
Tete;286;ENOUGH RAGING;1
Coquimbo;741;ROMAN PUNK;1
Bucuresti;55;BARBARELLA STREETCAR;1
Erlangen;707;QUEST MUSSOLINI;1
Bratislava;504;KWAI HOMEWARD;1
Santiago de los Caballeros;702;PULP BEVERLY;1
Okara;689;POLLOCK DELIVERANCE;1
Dallas;940;VICTORY ACADEMY;1
Kamjanets-Podilskyi;838;STAGECOACH ARMAGEDDON;1
Arlington;410;HEAVEN FREEDOM;1
Tanza;424;HOLOCAUST HIGHBALL;1
Citrus Heights;24;ANALYZE HOOSIERS;1
Myingyan;837;STAGE WORLD;1
Laohekou;949;VOLCANO TEXAS;1
Zhezqazghan;756;SADDLE ANTITRUST;1
Santiago de los Caballeros;550;MAGUIRE APACHE;1
Mannheim;925;UNITED PILOT;1
Apeldoorn;408;HEAD STRANGER;1
Angra dos Reis;305;FATAL HAUNTED;1
Ahmadnagar;70;BIKINI BORROWERS;1
Dos Quebradas;292;EXCITEMENT EVE;1
Mukateve;991;WORST BANGER;1
Adoni;688;POLISH BROOKLYN;1
Yuncheng;300;FALCON VOLUME;1
Ikerre;32;APOCALYPSE FLAMINGOS;1
Vilnius;376;GRAPES FURY;1
Bratislava;629;NOTORIOUS REUNION;1
Cuernavaca;790;SHOOTIST SUPERFLY;1
Funafuti;541;LUKE MUMMY;1
Tel Aviv-Jaffa;26;ANNIE IDENTITY;1
Usolje-Sibirskoje;402;HARPER DYING;1
al-Qadarif;879;TELEGRAPH VOYAGE;1
Lungtan;493;KANE EXORCIST;1
Caracas;911;TRIP NEWTON;1
Tsaotun;346;GALAXY SWEETHEARTS;1
Stara Zagora;299;FACTORY DRAGON;1
Saarbrcken;755;SABRINA MIDNIGHT;1
Tsaotun;747;ROXANNE REBEL;1
Coacalco de Berriozbal;254;DRIVER ANNIE;1
Sirjan;258;DRUMS DYNAMITE;1
Nador;427;HOMEWARD CIDER;1
Brest;588;MODEL FISH;1
Nezahualcyotl;387;GUN BONNIE;1
Bhopal;300;FALCON VOLUME;1
Kuching;730;RIDGEMONT SUBMARINE;1
Kansas City;566;MAUDE MOD;1
Taizz;621;NETWORK PEAK;1
Vinh;84;BOILED DARES;1
Touliu;355;GHOSTBUSTERS ELF;1
Ourense (Orense);366;GOLDFINGER SENSIBILITY;1
Mogiljov;977;WINDOW SIDE;1
Shanwei;868;SUPERFLY TRIP;1
Pingxiang;282;ENCOUNTERS CURTAIN;1
Southend-on-Sea;764;SATURDAY LAMBS;1
Hoshiarpur;504;KWAI HOMEWARD;1
Abha;299;FACTORY DRAGON;1
Goinia;393;HALLOWEEN NUTS;1
Shahr-e Kord;16;ALLEY EVOLUTION;1
Grand Prairie;409;HEARTBREAKERS BRIGHT;1
Jedda;520;LICENSE WEEKEND;1
al-Ayn;806;SLEEPY JAPANESE;1
Nagareyama;844;STEERS ARMAGEDDON;1
Namibe;911;TRIP NEWTON;1
Junan;413;HEDWIG ALTER;1
Cape Coral;285;ENGLISH BULWORTH;1
Botosani;51;BALLOON HOMEWARD;1
Dundee;795;SIEGE MADRE;1
Ibirit;7;AIRPLANE SIERRA;1
San Miguel de Tucumn;812;SMOKING BARBARELLA;1
Jinchang;595;MOON BUNCH;1
Cheju;918;TWISTED PIRATES;1
Fuyu;453;IMAGE PRINCESS;1
Compton;680;PINOCCHIO SIMON;1
Valparai;894;TOMATOES HELLFIGHTERS;1
Caracas;58;BEACH HEARTBREAKERS;1
Allende;91;BOUND CHEAPER;1
Huixquilucan;173;CONFESSIONS MAGUIRE;1
Almirante Brown;247;DOWNHILL ENOUGH;1
Naju;89;BORROWERS BEDAZZLED;1
Saint-Denis;736;ROBBERY BRIGHT;1
San Juan Bautista Tuxtepec;650;PACIFIC AMISTAD;1
Dhaka;579;MINDS TRUMAN;1
Tartu;24;ANALYZE HOOSIERS;1
Ranchi;542;LUST LOCK;1
Izumisano;358;GILMORE BOILED;1
Dadu;951;VOYAGE LEGALLY;1
Peoria;438;HUMAN GRAFFITI;1
El Fuerte;135;CHANCE RESURRECTION;1
Abu Dhabi;897;TORQUE BOUND;1
Qomsheh;715;RANGE MOONWALKER;1
Syktyvkar;17;ALONE TRIP;1
Bijapur;460;INNOCENT USUAL;1
Oulu;287;ENTRAPMENT SATISFACTION;1
Firozabad;415;HIGH ENCINO;1
Balikesir;704;PURE RUNNER;1
Udine;423;HOLLYWOOD ANONYMOUS;1
Maring;654;PANKY SUBMARINE;1
Dadu;35;ARACHNOPHOBIA ROLLERCOASTER;1
Hanoi;451;IGBY MAKER;1
Juiz de Fora;855;STREAK RIDGEMONT;1
Battambang;427;HOMEWARD CIDER;1
Balurghat;468;INVASION CYCLONE;1
Katihar;487;JINGLE SAGEBRUSH;1
Sasebo;308;FERRIS MOTHER;1
Jinchang;86;BOOGIE AMELIE;1
Salamanca;985;WONDERLAND CHRISTMAS;1
Santiago de Compostela;170;COMMAND DARLING;1
Warren;522;LIFE TWISTED;1
Isesaki;313;FIDELITY DEVIL;1
Saint Louis;702;PULP BEVERLY;1
Vijayawada;29;ANTITRUST TOMATOES;1
Bradford;604;MULAN MOON;1
Coquimbo;358;GILMORE BOILED;1
Halifax;220;DEER VIRGINIAN;1
Eskisehir;351;GASLIGHT CRUSADE;1
Dadu;616;NATIONAL STORY;1
Lengshuijiang;496;KICK SAVANNAH;1
Balurghat;863;SUN CONFESSIONS;1
Binzhou;723;REIGN GENTLEMEN;1
Southampton;619;NEIGHBORS CHARADE;1
Sogamoso;749;RULES HUMAN;1
Pereira;305;FATAL HAUNTED;1
Tongliao;168;COMANCHEROS ENEMY;1
Kamarhati;471;ISLAND EXORCIST;1
Karnal;703;PUNK DIVORCE;1
Tangail;577;MILE MULAN;1
Ktahya;274;EGG IGBY;1
Maring;375;GRAIL FRANKENSTEIN;1
guas Lindas de Gois;37;ARIZONA BANG;1
Changzhou;844;STEERS ARMAGEDDON;1
Garland;983;WON DARES;1
South Hill;983;WON DARES;1
Warren;776;SECRET GROUNDHOG;1
Springs;714;RANDOM GO;1
South Hill;979;WITCHES PANIC;1
Pingxiang;95;BREAKFAST GOLDFINGER;1
Laohekou;57;BASIC EASY;1
Uruapan;765;SATURN NAME;1
Koriyama;395;HANDICAP BOONDOCK;1
Gingoog;109;BUTTERFLY CHOCOLAT;1
Kuching;271;EASY GLADIATOR;1
Denizli;575;MIDSUMMER GROUNDHOG;1
Malm;358;GILMORE BOILED;1
Tianjin;578;MILLION ACE;1
Inegl;879;TELEGRAPH VOYAGE;1
Beira;166;COLOR PHILADELPHIA;1
ostka;457;INDEPENDENCE HOTEL;1
Namibe;188;CRAZY HOME;1
Otsu;572;METROPOLIS COMA;1
Sincelejo;683;PITY BOUND;1
Moscow;644;OSCAR GOLD;1
Sawhaj;795;SIEGE MADRE;1
Po;303;FANTASY TROOPERS;1
Kirovo-Tepetsk;398;HANOVER GALAXY;1
Konotop;912;TROJAN TOMORROW;1
Funafuti;42;ARTIST COLDBLOODED;1
El Monte;697;PRIMARY GLASS;1
Bellevue;715;RANGE MOONWALKER;1
Etawah;194;CROW GREASE;1
Kuching;170;COMMAND DARLING;1
Urawa;827;SPICE SORORITY;1
Qinhuangdao;637;OPEN AFRICAN;1
Baha Blanca;855;STREAK RIDGEMONT;1
Cuauhtmoc;290;EVERYONE CRAFT;1
Tabriz;650;PACIFIC AMISTAD;1
Vaduz;210;DARKO DORADO;1
Lipetsk;279;ELIZABETH SHANE;1
Halle/Saale;849;STORM HAPPINESS;1
Witten;281;ENCINO ELF;1
Baybay;647;OUTFIELD MASSACRE;1
Nabereznyje Telny;911;TRIP NEWTON;1
Grand Prairie;444;HUSTLER PARTY;1
Torren;142;CHICKEN HELLFIGHTERS;1
Apeldoorn;385;GROUNDHOG UNCUT;1
Usak;830;SPIRIT FLINTSTONES;1
Blumenau;444;HUSTLER PARTY;1
Uttarpara-Kotrung;445;HYDE DOCTOR;1
Rustenburg;544;MADISON TRAP;1
Brescia;381;GRINCH MASSAGE;1
Bradford;968;WEREWOLF LOLA;1
Vicente Lpez;769;SCHOOL JACKET;1
Xinxiang;365;GOLD RIVER;1
Callao;70;BIKINI BORROWERS;1
Newcastle;398;HANOVER GALAXY;1
Dayton;130;CELEBRITY HORN;1
Cianjur;51;BALLOON HOMEWARD;1
Ezhou;95;BREAKFAST GOLDFINGER;1
Bern;502;KNOCK WARLOCK;1
Balikesir;964;WATERFRONT DELIVERANCE;1
Purwakarta;971;WHALE BIKINI;1
Stara Zagora;431;HOOSIERS BIRDCAGE;1
Sanya;291;EVOLUTION ALTER;1
San Miguel de Tucumn;341;FROST HEAD;1
Kamyin;596;MOONSHINE CABIN;1
Hidalgo;646;OUTBREAK DIVINE;1
Papeete;348;GANDHI KWAI;1
Benguela;84;BOILED DARES;1
Bellevue;847;STOCK GLASS;1
Maikop;447;ICE CROSSING;1
Jelets;786;SHEPHERD MIDSUMMER;1
Urawa;591;MONSOON CAUSE;1
Aden;413;HEDWIG ALTER;1
Tel Aviv-Jaffa;274;EGG IGBY;1
Yerevan;887;THIEF PELICAN;1
Botshabelo;408;HEAD STRANGER;1
Jaffna;895;TOMORROW HUSTLER;1
Kragujevac;617;NATURAL STOCK;1
Palghat (Palakkad);853;STRANGER STRANGERS;1
Jos Azueta;430;HOOK CHARIOTS;1
Sumy;721;REDS POCUS;1
Salzburg;988;WORKER TARZAN;1
Vaduz;8;AIRPORT POLLOCK;1
Zalantun;649;OZ LIAISONS;1
Uluberia;122;CARRIE BUNCH;1
Kumbakonam;237;DIVORCE SHINING;1
Kumbakonam;753;RUSH GOODFELLAS;1
Ogbomosho;679;PILOT HOOSIERS;1
s-Hertogenbosch;913;TROOPERS METAL;1
Vitria de Santo Anto;23;ANACONDA CONFESSIONS;1
Allende;933;VAMPIRE WHALE;1
Vancouver;814;SNATCH SLIPPER;1
Erlangen;866;SUNSET RACER;1
Sincelejo;243;DOORS PRESIDENT;1
Wroclaw;135;CHANCE RESURRECTION;1
Portoviejo;45;ATTRACTION NEWTON;1
Rustenburg;597;MOONWALKER FOOL;1
Bandar Seri Begawan;600;MOTIONS DETAILS;1
Fuzhou;710;RAGE GAMES;1
Tete;141;CHICAGO NORTH;1
Kumbakonam;308;FERRIS MOTHER;1
Santa F;241;DONNIE ALLEY;1
Almirante Brown;255;DRIVING POLISH;1
Sambhal;666;PAYCHECK WAIT;1
Ipoh;191;CROOKED FROGMEN;1
Madiun;465;INTERVIEW LIAISONS;1
Adoni;686;PLUTO OLEANDER;1
Ikerre;104;BUGSY SONG;1
Deba Habe;865;SUNRISE LEAGUE;1
Zanzibar;968;WEREWOLF LOLA;1
Jhansi;629;NOTORIOUS REUNION;1
Pjatigorsk;468;INVASION CYCLONE;1
Chandrapur;32;APOCALYPSE FLAMINGOS;1
guas Lindas de Gois;526;LOCK REAR;1
Chisinau;999;ZOOLANDER FICTION;1
Kamakura;374;GRAFFITI LOVE;1
Novoterkassk;976;WIND PHANTOM;1
Salzburg;172;CONEHEADS SMOOCHY;1
Springs;1000;ZORRO ARK;1
Apeldoorn;704;PURE RUNNER;1
Fukuyama;8;AIRPORT POLLOCK;1
Halifax;86;BOOGIE AMELIE;1
Huejutla de Reyes;266;DYNAMITE TARZAN;1
Aden;632;NUTS TIES;1
Daxian;687;POCUS PULP;1
Dhaka;209;DARKNESS WAR;1
Rizhao;745;ROSES TREASURE;1
Pavlodar;268;EARLY HOME;1
Haining;862;SUMMER SCARFACE;1
Yuncheng;883;TEQUILA PAST;1
Halifax;230;DIARY PANIC;1
Iwaki;687;POCUS PULP;1
Brescia;993;WRONG BEHAVIOR;1
London;253;DRIFTER COMMANDMENTS;1
al-Hawiya;846;STING PERSONAL;1
Faaa;689;POLLOCK DELIVERANCE;1
Monywa;964;WATERFRONT DELIVERANCE;1
Vaduz;93;BRANNIGAN SUNRISE;1
Aparecida de Goinia;945;VIRGINIAN PLUTO;1
Ashqelon;72;BILL OTHERS;1
Celaya;842;STATE WASTELAND;1
Rae Bareli;327;FOOL MOCKINGBIRD;1
Arak;745;ROSES TREASURE;1
Kilis;623;NEWTON LABYRINTH;1
Celaya;320;FLAMINGOS CONNECTICUT;1
Loja;747;ROXANNE REBEL;1
Tanza;710;RAGE GAMES;1
Korla;451;IGBY MAKER;1
Richmond Hill;5;AFRICAN EGG;1
Zapopan;110;CABIN FLASH;1
Dhule (Dhulia);552;MAJESTIC FLOATS;1
Hagonoy;413;HEDWIG ALTER;1
Salinas;886;THEORY MERMAID;1
Nuuk;292;EXCITEMENT EVE;1
Amroha;283;ENDING CROWDS;1
Chisinau;948;VOICE PEACH;1
Kingstown;810;SLUMS DUCK;1
Callao;21;AMERICAN CIRCUS;1
Siliguri (Shiliguri);326;FLYING HOOK;1
Vaduz;595;MOON BUNCH;1
Joliet;476;JASON TRAP;1
Araatuba;64;BEETHOVEN EXORCIST;1
Szkesfehrvr;305;FATAL HAUNTED;1
South Hill;625;NONE SPIKING;1
Manchester;160;CLUB GRAFFITI;1
Chatsworth;395;HANDICAP BOONDOCK;1
Mukateve;784;SHANGHAI TYCOON;1
Zaoyang;30;ANYTHING SAVANNAH;1
Haining;778;SECRETS PARADISE;1
Korla;892;TITANIC BOONDOCK;1
Arak;910;TREATMENT JEKYLL;1
Poos de Caldas;96;BREAKING HOME;1
Lilongwe;589;MODERN DORADO;1
Poos de Caldas;789;SHOCK CABIN;1
Denizli;765;SATURN NAME;1
Stara Zagora;79;BLADE POLISH;1
Shanwei;327;FOOL MOCKINGBIRD;1
Leshan;850;STORY SIDE;1
Kowloon and New Kowloon;429;HONEY TIES;1
Hodeida;329;FORREST SONS;1
Molodetno;93;BRANNIGAN SUNRISE;1
Vancouver;89;BORROWERS BEDAZZLED;1
Hami;556;MALTESE HOPE;1
Vancouver;759;SALUTE APOLLO;1
Nagareyama;66;BENEATH RUSH;1
Talavera;515;LEGALLY SECRETARY;1
Lungtan;132;CHAINSAW UPTOWN;1
Torren;229;DEVIL DESIRE;1
Changzhou;857;STRICTLY SCARFACE;1
Augusta-Richmond County;249;DRACULA CRYSTAL;1
Purwakarta;873;SWEETHEARTS SUSPECTS;1
Hodeida;314;FIGHT JAWBREAKER;1
Parbhani;172;CONEHEADS SMOOCHY;1
Brindisi;957;WAR NOTTING;1
Juazeiro do Norte;42;ARTIST COLDBLOODED;1
Patiala;462;INSIDER ARIZONA;1
Omdurman;6;AGENT TRUMAN;1
Vancouver;54;BANGER PINOCCHIO;1
Datong;808;SLING LUKE;1
Omdurman;897;TORQUE BOUND;1
Tychy;345;GABLES METROPOLIS;1
Uijongbu;127;CAT CONEHEADS;1
Stara Zagora;433;HORN WORKING;1
Niznekamsk;100;BROOKLYN DESERT;1
NDjamna;683;PITY BOUND;1
Kowloon and New Kowloon;786;SHEPHERD MIDSUMMER;1
Citrus Heights;385;GROUNDHOG UNCUT;1
Abu Dhabi;424;HOLOCAUST HIGHBALL;1
Lengshuijiang;857;STRICTLY SCARFACE;1
Baicheng;898;TOURIST PELICAN;1
Wroclaw;758;SAINTS BRIDE;1
Richmond Hill;979;WITCHES PANIC;1
Ede;551;MAIDEN HOME;1
Ezeiza;369;GOODFELLAS SALUTE;1
Richmond Hill;902;TRADING PINOCCHIO;1
Zaoyang;9;ALABAMA DEVIL;1
Boksburg;295;EXPENDABLE STALLION;1
Saarbrcken;354;GHOST GROUNDHOG;1
Charlotte Amalie;384;GROSSE WONDERFUL;1
Yantai;154;CLASH FREDDY;1
Beira;637;OPEN AFRICAN;1
Aurora;251;DRAGONFLY STRANGERS;1
Daxian;744;ROOTS REMEMBER;1
Changzhou;166;COLOR PHILADELPHIA;1
Davao;376;GRAPES FURY;1
Gaziantep;891;TIMBERLAND SKY;1
Citrus Heights;450;IDOLS SNATCHERS;1
Mahajanga;700;PRIX UNDEFEATED;1
Iwatsuki;750;RUN PACIFIC;1
Kuwana;24;ANALYZE HOOSIERS;1
Pemalang;572;METROPOLIS COMA;1
Paarl;814;SNATCH SLIPPER;1
Phnom Penh;435;HOTEL HAPPINESS;1
Adoni;384;GROSSE WONDERFUL;1
Otsu;9;ALABAMA DEVIL;1
Kamarhati;61;BEAUTY GREASE;1
Sousse;118;CANYON STOCK;1
Sullana;595;MOON BUNCH;1
Korolev;370;GORGEOUS BINGO;1
Jinchang;736;ROBBERY BRIGHT;1
Yuncheng;7;AIRPLANE SIERRA;1
Pak Kret;572;METROPOLIS COMA;1
Laohekou;957;WAR NOTTING;1
Tanauan;958;WARDROBE PHANTOM;1
Zhoushan;767;SCALAWAG DUCK;1
A Corua (La Corua);563;MASSACRE USUAL;1
Kisumu;133;CHAMBER ITALIAN;1
Baicheng;11;ALAMO VIDEOTAPE;1
Uijongbu;48;BACKLASH UNDEFEATED;1
Shahr-e Kord;138;CHARIOTS CONSPIRACY;1
Pavlodar;603;MOVIE SHAKESPEARE;1
Wroclaw;66;BENEATH RUSH;1
Citt del Vaticano;705;PURPLE MOVIE;1
Bandar Seri Begawan;638;OPERATION OPERATION;1
Miraj;414;HELLFIGHTERS SIERRA;1
Jurez;105;BULL SHAWSHANK;1
Sultanbeyli;683;PITY BOUND;1
Pyongyang;158;CLONES PINOCCHIO;1
Ponce;295;EXPENDABLE STALLION;1
Siegen;135;CHANCE RESURRECTION;1
Kolpino;773;SEABISCUIT PUNK;1
Molodetno;706;QUEEN LUKE;1
Huaian;376;GRAPES FURY;1
Mexicali;735;ROBBERS JOON;1
Shanwei;743;ROOM ROMAN;1
Saint Louis;956;WANDA CHAMBER;1
Uluberia;641;ORANGE GRAPES;1
Allappuzha (Alleppey);401;HAROLD FRENCH;1
Talavera;687;POCUS PULP;1
Florencia;174;CONFIDENTIAL INTERVIEW;1
Aden;777;SECRETARY ROUGE;1
Imus;879;TELEGRAPH VOYAGE;1
Carmen;25;ANGELS LIFE;1
Jinchang;704;PURE RUNNER;1
Yinchuan;827;SPICE SORORITY;1
Aurora;981;WOLVES DESIRE;1
Baiyin;90;BOULEVARD MOB;1
Inegl;753;RUSH GOODFELLAS;1
Ciomas;686;PLUTO OLEANDER;1
Shaoguan;790;SHOOTIST SUPERFLY;1
Leshan;277;ELEPHANT TROJAN;1
Tangail;957;WAR NOTTING;1
Springs;347;GAMES BOWFINGER;1
Molodetno;621;NETWORK PEAK;1
Patras;246;DOUBTFIRE LABYRINTH;1
Ivanovo;485;JERSEY SASSY;1
Santo Andr;781;SEVEN SWARM;1
Cam Ranh;564;MASSAGE IMAGE;1
Emeishan;6;AGENT TRUMAN;1
Mysore;513;LEATHERNECKS DWARFS;1
Tanshui;778;SECRETS PARADISE;1
Tongliao;618;NECKLACE OUTBREAK;1
Linz;632;NUTS TIES;1
Kanazawa;767;SCALAWAG DUCK;1
Battambang;488;JOON NORTHWEST;1
Vitria de Santo Anto;459;INFORMER DOUBLE;1
So Leopoldo;377;GREASE YOUTH;1
Tabuk;527;LOLA AGENT;1
Ziguinchor;686;PLUTO OLEANDER;1
Cuautla;793;SHRUNK DIVINE;1
Kowloon and New Kowloon;896;TOOTSIE PILOT;1
Mit Ghamr;590;MONEY HAROLD;1
Kamakura;172;CONEHEADS SMOOCHY;1
Tuguegarao;786;SHEPHERD MIDSUMMER;1
Saint Louis;979;WITCHES PANIC;1
Binzhou;331;FORWARD TEMPLE;1
Ozamis;694;PREJUDICE OLEANDER;1
Kimberley;263;DURHAM PANKY;1
Kamjanets-Podilskyi;132;CHAINSAW UPTOWN;1
Valparai;726;RESERVOIR ADAPTATION;1
Santo Andr;692;POTLUCK MIXED;1
Iwakuni;426;HOME PITY;1
Nagaon;609;MUSCLE BRIGHT;1
s-Hertogenbosch;22;AMISTAD MIDSUMMER;1
Hanoi;363;GO PURPLE;1
Alvorada;618;NECKLACE OUTBREAK;1
Poos de Caldas;561;MASK PEACH;1
Angra dos Reis;275;EGYPT TENENBAUMS;1
Kitwe;844;STEERS ARMAGEDDON;1
Ashqelon;26;ANNIE IDENTITY;1
Ktahya;266;DYNAMITE TARZAN;1
Tafuna;503;KRAMER CHOCOLATE;1
Sullana;342;FUGITIVE MAGUIRE;1
Isesaki;547;MAGIC MALLRATS;1
Goinia;572;METROPOLIS COMA;1
ostka;941;VIDEOTAPE ARSENIC;1
Sousse;119;CAPER MOTIONS;1
Kakamigahara;501;KISSING DOLLS;1
Soshanguve;555;MALLRATS UNITED;1
Baicheng;628;NORTHWEST POLISH;1
Haining;672;PERFECT GROOVE;1
Mosul;155;CLEOPATRA DEVIL;1
Lima;817;SOLDIERS EVOLUTION;1
Changzhou;183;CONVERSATION DOWNHILL;1
Fengshan;935;VANISHED GARDEN;1
Imus;200;CURTAIN VIDEOTAPE;1
Syrakusa;946;VIRTUAL SPOILERS;1
Ilorin;375;GRAIL FRANKENSTEIN;1
Firozabad;220;DEER VIRGINIAN;1
Memphis;620;NEMO CAMPUS;1
Cuautla;114;CAMELOT VACATION;1
Rae Bareli;176;CONGENIALITY QUEST;1
Valencia;984;WONDERFUL DROP;1
Siegen;322;FLATLINERS KILLER;1
Bern;300;FALCON VOLUME;1
Sorocaba;291;EVOLUTION ALTER;1
Halifax;689;POLLOCK DELIVERANCE;1
Kamyin;952;WAGON JAWS;1
Tambaram;382;GRIT CLOCKWORK;1
Apeldoorn;649;OZ LIAISONS;1
Munger (Monghyr);162;CLUELESS BUCKET;1
Ashgabat;872;SWEET BROTHERHOOD;1
Tarlac;83;BLUES INSTINCT;1
Po;130;CELEBRITY HORN;1
Imus;181;CONTACT ANONYMOUS;1
Valencia;406;HAUNTING PIANIST;1
Ashdod;534;LOUISIANA HARRY;1
Sanaa;732;RINGS HEARTBREAKERS;1
Brockton;764;SATURDAY LAMBS;1
Owo;597;MOONWALKER FOOL;1
Nha Trang;706;QUEEN LUKE;1
Purwakarta;660;PARTY KNOCK;1
Sharja;486;JET NEIGHBORS;1
al-Ayn;322;FLATLINERS KILLER;1
Merlo;960;WARS PLUTO;1
Lancaster;814;SNATCH SLIPPER;1
Taizz;732;RINGS HEARTBREAKERS;1
Compton;119;CAPER MOTIONS;1
Loja;242;DOOM DANCING;1
Probolinggo;232;DIRTY ACE;1
Bag;542;LUST LOCK;1
Halifax;336;FRENCH HOLIDAY;1
Kalisz;339;FROGMEN BREAKING;1
Lausanne;376;GRAPES FURY;1
Baybay;823;SOUTH WAIT;1
Daxian;333;FREAKY POCUS;1
Huixquilucan;6;AGENT TRUMAN;1
Tarsus;565;MATRIX SNOWMAN;1
Tianjin;1000;ZORRO ARK;1
Compton;331;FORWARD TEMPLE;1
Juiz de Fora;227;DETAILS PACKER;1
Almirante Brown;58;BEACH HEARTBREAKERS;1
San Juan Bautista Tuxtepec;412;HEAVYWEIGHTS BEAST;1
Toulon;748;RUGRATS SHAKESPEARE;1
Benguela;295;EXPENDABLE STALLION;1
Baicheng;678;PICKUP DRIVING;1
Kaduna;953;WAIT CIDER;1
Xiangtan;286;ENOUGH RAGING;1
Datong;260;DUDE BLINDNESS;1
Trshavn;326;FLYING HOOK;1
Sterling Heights;800;SINNERS ATLANTIS;1
Sumy;364;GODFATHER DIARY;1
Iwakuni;131;CENTER DINOSAUR;1
Angra dos Reis;770;SCISSORHANDS SLUMS;1
Paarl;220;DEER VIRGINIAN;1
Clarksville;73;BINGO TALENTED;1
Akishima;673;PERSONAL LADYBUGS;1
ostka;435;HOTEL HAPPINESS;1
Miyakonojo;565;MATRIX SNOWMAN;1
Koriyama;641;ORANGE GRAPES;1
Emmen;364;GODFATHER DIARY;1
Santiago de Compostela;452;ILLUSION AMELIE;1
Gingoog;519;LIBERTY MAGNIFICENT;1
Poos de Caldas;19;AMADEUS HOLY;1
Uruapan;731;RIGHT CRANES;1
Okinawa;745;ROSES TREASURE;1
Kursk;142;CHICKEN HELLFIGHTERS;1
Anpolis;102;BUBBLE GROSSE;1
Uruapan;27;ANONYMOUS HUMAN;1
Uttarpara-Kotrung;450;IDOLS SNATCHERS;1
Citt del Vaticano;408;HEAD STRANGER;1
Kermanshah;231;DINOSAUR SECRETARY;1
Izumisano;714;RANDOM GO;1
A Corua (La Corua);538;LOVERBOY ATTACKS;1
London;477;JAWBREAKER BROOKLYN;1
Sullana;421;HOLIDAY GAMES;1
Pangkal Pinang;91;BOUND CHEAPER;1
Pune;244;DORADO NOTTING;1
Sanya;908;TRAP GUYS;1
Smolensk;930;VACATION BOONDOCK;1
Taguig;8;AIRPORT POLLOCK;1
Ikerre;970;WESTWARD SEABISCUIT;1
Ocumare del Tuy;938;VELVET TERMINATOR;1
Berhampore (Baharampur);624;NIGHTMARE CHILL;1
Bilbays;832;SPLASH GUMP;1
Kamjanets-Podilskyi;761;SANTA PARIS;1
Batna;568;MEMENTO ZOOLANDER;1
Monclova;254;DRIVER ANNIE;1
Batman;57;BASIC EASY;1
NDjamna;227;DETAILS PACKER;1
Vinh;600;MOTIONS DETAILS;1
Meixian;816;SNOWMAN ROLLERCOASTER;1
So Leopoldo;510;LAWLESS VISION;1
Sanya;775;SEATTLE EXPECATIONS;1
Najafabad;223;DESIRE ALIEN;1
Tanza;645;OTHERS SOUP;1
Saint-Denis;680;PINOCCHIO SIMON;1
Beira;117;CANDLES GRAPES;1
Poos de Caldas;551;MAIDEN HOME;1
Hubli-Dharwad;329;FORREST SONS;1
Tychy;605;MULHOLLAND BEAST;1
Luzinia;39;ARMAGEDDON LOST;1
Phnom Penh;376;GRAPES FURY;1
Compton;843;STEEL SANTA;1
Patiala;741;ROMAN PUNK;1
Ezeiza;595;MOON BUNCH;1
Dhaka;749;RULES HUMAN;1
Brescia;418;HOBBIT ALIEN;1
Korolev;725;REQUIEM TYCOON;1
Bilbays;628;NORTHWEST POLISH;1
Banjul;604;MULAN MOON;1
Sharja;25;ANGELS LIFE;1
Portoviejo;682;PITTSBURGH HUNCHBACK;1
Sharja;611;MUSKETEERS WAIT;1
Vancouver;916;TURN STAR;1
Shikarpur;16;ALLEY EVOLUTION;1
Loja;683;PITY BOUND;1
London;698;PRINCESS GIANT;1
Changhwa;542;LUST LOCK;1
So Leopoldo;160;CLUB GRAFFITI;1
Jastrzebie-Zdrj;260;DUDE BLINDNESS;1
Bucuresti;558;MANNEQUIN WORST;1
Ede;606;MUMMY CREATURES;1
Namibe;636;OLEANDER CLUE;1
Tangail;100;BROOKLYN DESERT;1
Akishima;505;LABYRINTH LEAGUE;1
Xinxiang;293;EXORCIST STING;1
Laiwu;229;DEVIL DESIRE;1
Pereira;296;EXPRESS LONELY;1
Sucre;166;COLOR PHILADELPHIA;1
Memphis;403;HARRY IDAHO;1
Berhampore (Baharampur);301;FAMILY SWEET;1
Chisinau;265;DYING MAKER;1
Citt del Vaticano;142;CHICKEN HELLFIGHTERS;1
Haiphong;134;CHAMPION FLATLINERS;1
Urawa;244;DORADO NOTTING;1
Pereira;722;REEF SALUTE;1
Sumy;44;ATTACKS HATE;1
Iwaki;243;DOORS PRESIDENT;1
Compton;269;EARRING INSTINCT;1
Sivas;888;THIN SAGEBRUSH;1
Buenaventura;824;SPARTACUS CHEAPER;1
Nam Dinh;767;SCALAWAG DUCK;1
Kamjanets-Podilskyi;434;HORROR REIGN;1
Compton;177;CONNECTICUT TRAMP;1
El Monte;899;TOWERS HURRICANE;1
Olomouc;322;FLATLINERS KILLER;1
Dhaka;595;MOON BUNCH;1
Amroha;370;GORGEOUS BINGO;1
Balurghat;395;HANDICAP BOONDOCK;1
Cabuyao;644;OSCAR GOLD;1
Baku;394;HAMLET WISDOM;1
Lhokseumawe;205;DANCES NONE;1
Xiangfan;524;LION UNCUT;1
Ruse;249;DRACULA CRYSTAL;1
Vinh;962;WASTELAND DIVINE;1
Aurora;426;HOME PITY;1
Santiago de los Caballeros;176;CONGENIALITY QUEST;1
Shenzhen;143;CHILL LUCK;1
Santa Brbara dOeste;694;PREJUDICE OLEANDER;1
Tanauan;815;SNATCHERS MONTEZUMA;1
Braslia;150;CIDER DESIRE;1
Sogamoso;489;JUGGLER HARDLY;1
Bamenda;31;APACHE DIVINE;1
Salinas;3;ADAPTATION HOLES;1
Toulon;767;SCALAWAG DUCK;1
Tandil;590;MONEY HAROLD;1
A Corua (La Corua);468;INVASION CYCLONE;1
Belm;873;SWEETHEARTS SUSPECTS;1
Purwakarta;512;LEAGUE HELLFIGHTERS;1
Luzinia;960;WARS PLUTO;1
Springs;660;PARTY KNOCK;1
Ciparay;341;FROST HEAD;1
Batman;367;GOLDMINE TYCOON;1
Sucre;920;UNBREAKABLE KARATE;1
Otsu;698;PRINCESS GIANT;1
Zhezqazghan;764;SATURDAY LAMBS;1
Uluberia;512;LEAGUE HELLFIGHTERS;1
Apeldoorn;101;BROTHERHOOD BLANKET;1
El Monte;814;SNATCH SLIPPER;1
Nezahualcyotl;512;LEAGUE HELLFIGHTERS;1
Kitwe;392;HALL CASSIDY;1
Oshawa;875;TALENTED HOMICIDE;1
Bhopal;525;LOATHING LEGALLY;1
London;82;BLOOD ARGONAUTS;1
Huaian;843;STEEL SANTA;1
Parbhani;252;DREAM PICKUP;1
Lengshuijiang;993;WRONG BEHAVIOR;1
Lima;800;SINNERS ATLANTIS;1
La Plata;777;SECRETARY ROUGE;1
Almirante Brown;254;DRIVER ANNIE;1
Angra dos Reis;898;TOURIST PELICAN;1
Qinhuangdao;852;STRANGELOVE DESIRE;1
Urawa;31;APACHE DIVINE;1
Haining;57;BASIC EASY;1
Santo Andr;62;BED HIGHBALL;1
Santiago de los Caballeros;460;INNOCENT USUAL;1
Poos de Caldas;722;REEF SALUTE;1
Mukateve;879;TELEGRAPH VOYAGE;1
San Miguel de Tucumn;852;STRANGELOVE DESIRE;1
Bhimavaram;110;CABIN FLASH;1
Pathankot;864;SUNDANCE INVASION;1
Hagonoy;365;GOLD RIVER;1
Binzhou;462;INSIDER ARIZONA;1
Kamyin;920;UNBREAKABLE KARATE;1
Vaduz;762;SASSY PACKER;1
Gijn;594;MONTEZUMA COMMAND;1
Ede;253;DRIFTER COMMANDMENTS;1
Halle/Saale;233;DISCIPLE MOTHER;1
Haldia;898;TOURIST PELICAN;1
Tama;277;ELEPHANT TROJAN;1
Halle/Saale;770;SCISSORHANDS SLUMS;1
Udaipur;726;RESERVOIR ADAPTATION;1
Sumy;130;CELEBRITY HORN;1
Namibe;752;RUNNER MADIGAN;1
Almirante Brown;418;HOBBIT ALIEN;1
Luzinia;145;CHISUM BEHAVIOR;1
Zhezqazghan;805;SLEEPLESS MONSOON;1
Mwanza;281;ENCINO ELF;1
Crdoba;143;CHILL LUCK;1
Southend-on-Sea;875;TALENTED HOMICIDE;1
Ipoh;331;FORWARD TEMPLE;1
Kakamigahara;205;DANCES NONE;1
Maikop;114;CAMELOT VACATION;1
Xiangfan;614;NAME DETECTIVE;1
Aparecida de Goinia;784;SHANGHAI TYCOON;1
Kitwe;233;DISCIPLE MOTHER;1
Deba Habe;151;CINCINATTI WHISPERER;1
Bat Yam;114;CAMELOT VACATION;1
Rustenburg;218;DECEIVER BETRAYED;1
Brest;283;ENDING CROWDS;1
Esfahan;942;VIETNAM SMOOCHY;1
Xinxiang;685;PLATOON INSTINCT;1
Hanoi;498;KILLER INNOCENT;1
Ziguinchor;227;DETAILS PACKER;1
Compton;752;RUNNER MADIGAN;1
Ueda;235;DIVIDE MONSTER;1
Omdurman;165;COLDBLOODED DARLING;1
Vinh;17;ALONE TRIP;1
Tabuk;544;MADISON TRAP;1
Purwakarta;96;BREAKING HOME;1
Nantou;266;DYNAMITE TARZAN;1
Yaound;782;SHAKESPEARE SADDLE;1
Uttarpara-Kotrung;276;ELEMENT FREDDY;1
Grand Prairie;779;SENSE GREEK;1
Uttarpara-Kotrung;470;ISHTAR ROCKETEER;1
Cavite;146;CHITTY LOCK;1
Nyeri;964;WATERFRONT DELIVERANCE;1
Toulouse;572;METROPOLIS COMA;1
Zaoyang;179;CONQUERER NUTS;1
Siliguri (Shiliguri);177;CONNECTICUT TRAMP;1
Oshawa;480;JEEPERS WEDDING;1
Lincoln;785;SHAWSHANK BUBBLE;1
Southport;91;BOUND CHEAPER;1
Davao;226;DESTINY SATURDAY;1
Pyongyang;945;VIRGINIAN PLUTO;1
Chungho;239;DOGMA FAMILY;1
Xiangfan;812;SMOKING BARBARELLA;1
Nyeri;608;MURDER ANTITRUST;1
Juiz de Fora;580;MINE TITANS;1
Bydgoszcz;415;HIGH ENCINO;1
Cuautla;928;UPTOWN YOUNG;1
Zhoushan;243;DOORS PRESIDENT;1
Valparai;450;IDOLS SNATCHERS;1
Batna;720;REDEMPTION COMFORTS;1
Laiwu;274;EGG IGBY;1
Sterling Heights;804;SLEEPING SUSPECTS;1
Tongliao;644;OSCAR GOLD;1
Syrakusa;618;NECKLACE OUTBREAK;1
Taizz;53;BANG KWAI;1
Kermanshah;567;MEET CHOCOLATE;1
Quilmes;621;NETWORK PEAK;1
Joliet;237;DIVORCE SHINING;1
Ciparay;666;PAYCHECK WAIT;1
Tel Aviv-Jaffa;334;FREDDY STORM;1
Ozamis;807;SLEUTH ORIENT;1
Acua;231;DINOSAUR SECRETARY;1
Dos Quebradas;767;SCALAWAG DUCK;1
Le Mans;56;BAREFOOT MANCHURIAN;1
Barcelona;775;SEATTLE EXPECATIONS;1
Bandar Seri Begawan;735;ROBBERS JOON;1
Katihar;130;CELEBRITY HORN;1
Nukualofa;197;CRUSADE HONEY;1
Onomichi;342;FUGITIVE MAGUIRE;1
Nyeri;856;STREETCAR INTENTIONS;1
Lancaster;876;TARZAN VIDEOTAPE;1
Lausanne;523;LIGHTS DEER;1
Baku;941;VIDEOTAPE ARSENIC;1
La Paz;366;GOLDFINGER SENSIBILITY;1
Monywa;897;TORQUE BOUND;1
Sterling Heights;20;AMELIE HELLFIGHTERS;1
La Plata;131;CENTER DINOSAUR;1
Donostia-San Sebastin;941;VIDEOTAPE ARSENIC;1
Bhusawal;753;RUSH GOODFELLAS;1
Salamanca;913;TROOPERS METAL;1
Santiago de Compostela;468;INVASION CYCLONE;1
Aden;361;GLEAMING JAWBREAKER;1
Balikesir;567;MEET CHOCOLATE;1
York;71;BILKO ANONYMOUS;1
Hagonoy;353;GENTLEMEN STAGE;1
Greensboro;665;PATTON INTERVIEW;1
Inegl;349;GANGS PRIDE;1
Pontianak;873;SWEETHEARTS SUSPECTS;1
Rockford;504;KWAI HOMEWARD;1
Rockford;998;ZHIVAGO CORE;1
Lubumbashi;558;MANNEQUIN WORST;1
Fuyu;29;ANTITRUST TOMATOES;1
Shimonoseki;354;GHOST GROUNDHOG;1
Yamuna Nagar;672;PERFECT GROOVE;1
Shenzhen;828;SPIKING ELEMENT;1
Lipetsk;247;DOWNHILL ENOUGH;1
Abu Dhabi;366;GOLDFINGER SENSIBILITY;1
Ahmadnagar;186;CRAFT OUTFIELD;1
Izumisano;644;OSCAR GOLD;1
Nuuk;619;NEIGHBORS CHARADE;1
Akron;589;MODERN DORADO;1
Manchester;538;LOVERBOY ATTACKS;1
Tychy;283;ENDING CROWDS;1
Tegal;554;MALKOVICH PET;1
Miyakonojo;170;COMMAND DARLING;1
Sungai Petani;351;GASLIGHT CRUSADE;1
Miraj;735;ROBBERS JOON;1
Lancaster;227;DETAILS PACKER;1
Hagonoy;743;ROOM ROMAN;1
Pudukkottai;451;IGBY MAKER;1
Mandaluyong;398;HANOVER GALAXY;1
Vicente Lpez;893;TITANS JERK;1
Tsaotun;772;SEA VIRGIN;1
Valencia;789;SHOCK CABIN;1
Ambattur;764;SATURDAY LAMBS;1
Antofagasta;174;CONFIDENTIAL INTERVIEW;1
Ocumare del Tuy;466;INTOLERABLE INTENTIONS;1
Bucuresti;127;CAT CONEHEADS;1
Purnea (Purnia);876;TARZAN VIDEOTAPE;1
Sousse;576;MIGHTY LUCK;1
Bratislava;831;SPIRITED CASUALTIES;1
Hanoi;760;SAMURAI LION;1
Jalib al-Shuyukh;986;WONKA SEA;1
Mandaluyong;460;INNOCENT USUAL;1
Ourense (Orense);314;FIGHT JAWBREAKER;1
Jhansi;995;YENTL IDAHO;1
Hsichuh;130;CELEBRITY HORN;1
Athenai;77;BIRDS PERDITION;1
Sawhaj;113;CALIFORNIA BIRDS;1
Duisburg;287;ENTRAPMENT SATISFACTION;1
Maring;48;BACKLASH UNDEFEATED;1
Aurora;673;PERSONAL LADYBUGS;1
Effon-Alaiye;791;SHOW LORD;1
So Bernardo do Campo;919;TYCOON GATHERING;1
Sumqayit;813;SMOOCHY CONTROL;1
Valle de la Pascua;574;MIDNIGHT WESTWARD;1
Wroclaw;769;SCHOOL JACKET;1
Bern;510;LAWLESS VISION;1
Korolev;761;SANTA PARIS;1
Simferopol;412;HEAVYWEIGHTS BEAST;1
Batman;218;DECEIVER BETRAYED;1
Shimonoseki;473;JACKET FRISCO;1
Tokat;410;HEAVEN FREEDOM;1
Toulouse;748;RUGRATS SHAKESPEARE;1
Myingyan;219;DEEP CRUSADE;1
Ikerre;295;EXPENDABLE STALLION;1
Satna;813;SMOOCHY CONTROL;1
Buenaventura;986;WONKA SEA;1
Jaffna;835;SPY MILE;1
Smolensk;333;FREAKY POCUS;1
Asuncin;621;NETWORK PEAK;1
Yinchuan;772;SEA VIRGIN;1
Novoterkassk;847;STOCK GLASS;1
Allappuzha (Alleppey);538;LOVERBOY ATTACKS;1
Lipetsk;240;DOLLS RAGE;1
Tabora;83;BLUES INSTINCT;1
Alvorada;49;BADMAN DAWN;1
Bern;483;JERICHO MULAN;1
San Felipe de Puerto Plata;635;OKLAHOMA JUMANJI;1
Masqat;856;STREETCAR INTENTIONS;1
Sumy;951;VOYAGE LEGALLY;1
Moscow;331;FORWARD TEMPLE;1
Binzhou;745;ROSES TREASURE;1
Erlangen;462;INSIDER ARIZONA;1
Meixian;78;BLACKOUT PRIVATE;1
Bratislava;534;LOUISIANA HARRY;1
Tiefa;691;POSEIDON FOREVER;1
Baha Blanca;785;SHAWSHANK BUBBLE;1
Sanya;881;TEMPLE ATTRACTION;1
Qomsheh;167;COMA HEAD;1
Alessandria;378;GREATEST NORTH;1
Syktyvkar;684;PIZZA JUMANJI;1
Cape Coral;99;BRINGING HYSTERICAL;1
Kirovo-Tepetsk;617;NATURAL STOCK;1
Suihua;84;BOILED DARES;1
Bchar;382;GRIT CLOCKWORK;1
Usak;694;PREJUDICE OLEANDER;1
Balikesir;323;FLIGHT LIES;1
Stockport;239;DOGMA FAMILY;1
Aurora;593;MONTEREY LABYRINTH;1
Tarsus;23;ANACONDA CONFESSIONS;1
Coacalco de Berriozbal;219;DEEP CRUSADE;1
Pangkal Pinang;702;PULP BEVERLY;1
Ktahya;987;WORDS HUNTER;1
Mandaluyong;777;SECRETARY ROUGE;1
Konotop;259;DUCK RACER;1
Ede;26;ANNIE IDENTITY;1
Sunnyvale;9;ALABAMA DEVIL;1
Mandaluyong;258;DRUMS DYNAMITE;1
Ponce;387;GUN BONNIE;1
Effon-Alaiye;363;GO PURPLE;1
Ashgabat;841;STAR OPERATION;1
Deba Habe;314;FIGHT JAWBREAKER;1
Tokat;301;FAMILY SWEET;1
Siliguri (Shiliguri);773;SEABISCUIT PUNK;1
Santa F;473;JACKET FRISCO;1
Haiphong;519;LIBERTY MAGNIFICENT;1
Kansas City;672;PERFECT GROOVE;1
Datong;534;LOUISIANA HARRY;1
Nyeri;382;GRIT CLOCKWORK;1
Rockford;721;REDS POCUS;1
Akishima;572;METROPOLIS COMA;1
Davao;260;DUDE BLINDNESS;1
Qalyub;800;SINNERS ATLANTIS;1
Leshan;330;FORRESTER COMANCHEROS;1
Jinchang;479;JEDI BENEATH;1
Daxian;85;BONNIE HOLOCAUST;1
Salala;378;GREATEST NORTH;1
Greensboro;98;BRIGHT ENCOUNTERS;1
Memphis;175;CONFUSED CANDLES;1
Ozamis;174;CONFIDENTIAL INTERVIEW;1
Rae Bareli;135;CHANCE RESURRECTION;1
Funafuti;672;PERFECT GROOVE;1
Sal;735;ROBBERS JOON;1
Torren;630;NOTTING SPEAKEASY;1
Usak;789;SHOCK CABIN;1
Fengshan;553;MAKER GABLES;1
Huixquilucan;580;MINE TITANS;1
Yamuna Nagar;697;PRIMARY GLASS;1
Zhoushan;145;CHISUM BEHAVIOR;1
Nagaon;525;LOATHING LEGALLY;1
Santo Andr;274;EGG IGBY;1
Kabul;706;QUEEN LUKE;1
Usak;445;HYDE DOCTOR;1
Patras;634;ODDS BOOGIE;1
Szkesfehrvr;915;TRUMAN CRAZY;1
Amroha;980;WIZARD COLDBLOODED;1
Hoshiarpur;871;SWEDEN SHINING;1
Chandrapur;715;RANGE MOONWALKER;1
Pak Kret;800;SINNERS ATLANTIS;1
Davao;855;STREAK RIDGEMONT;1
Udine;281;ENCINO ELF;1
Charlotte Amalie;555;MALLRATS UNITED;1
Guadalajara;845;STEPMOM DREAM;1
London;596;MOONSHINE CABIN;1
Songkhla;527;LOLA AGENT;1
Rae Bareli;494;KARATE MOON;1
Liepaja;651;PACKER MADIGAN;1
Palghat (Palakkad);4;AFFAIR PREJUDICE;1
Kisumu;141;CHICAGO NORTH;1
Maikop;556;MALTESE HOPE;1
Ashdod;271;EASY GLADIATOR;1
Xiangfan;948;VOICE PEACH;1
Hiroshima;429;HONEY TIES;1
Omiya;267;EAGLES PANKY;1
Mahajanga;475;JAPANESE RUN;1
Sal;861;SUIT WALLS;1
Sasebo;579;MINDS TRUMAN;1
El Fuerte;403;HARRY IDAHO;1
Ondo;329;FORREST SONS;1
San Juan Bautista Tuxtepec;958;WARDROBE PHANTOM;1
Kamjanets-Podilskyi;815;SNATCHERS MONTEZUMA;1
Nyeri;858;SUBMARINE BED;1
Peoria;176;CONGENIALITY QUEST;1
Masqat;897;TORQUE BOUND;1
Namibe;859;SUGAR WONKA;1
Kisumu;939;VERTIGO NORTHWEST;1
Athenai;855;STREAK RIDGEMONT;1
Varanasi (Benares);168;COMANCHEROS ENEMY;1
Carmen;834;SPOILERS HELLFIGHTERS;1
Haldia;119;CAPER MOTIONS;1
Jedda;710;RAGE GAMES;1
Karnal;439;HUNCHBACK IMPOSSIBLE;1
Jaroslavl;127;CAT CONEHEADS;1
Tartu;795;SIEGE MADRE;1
Huaian;411;HEAVENLY GUN;1
Botshabelo;149;CHRISTMAS MOONSHINE;1
Jinchang;285;ENGLISH BULWORTH;1
Masqat;604;MULAN MOON;1
San Felipe de Puerto Plata;4;AFFAIR PREJUDICE;1
South Hill;967;WEEKEND PERSONAL;1
Shimonoseki;18;ALTER VICTORY;1
Okinawa;179;CONQUERER NUTS;1
Gatineau;934;VANILLA DAY;1
Okayama;340;FRONTIER CABIN;1
Daxian;309;FEUD FROGMEN;1
Mit Ghamr;805;SLEEPLESS MONSOON;1
Onomichi;253;DRIFTER COMMANDMENTS;1
Sal;394;HAMLET WISDOM;1
Salzburg;772;SEA VIRGIN;1
Tanauan;563;MASSACRE USUAL;1
Baiyin;834;SPOILERS HELLFIGHTERS;1
Tanza;694;PREJUDICE OLEANDER;1
Zaria;734;ROAD ROXANNE;1
Changzhou;849;STORM HAPPINESS;1
Usolje-Sibirskoje;745;ROSES TREASURE;1
Jamalpur;901;TRACY CIDER;1
Beni-Mellal;666;PAYCHECK WAIT;1
Effon-Alaiye;351;GASLIGHT CRUSADE;1
Barcelona;535;LOVE SUICIDES;1
Ranchi;774;SEARCHERS WAIT;1
Gingoog;73;BINGO TALENTED;1
Naala-Porto;387;GUN BONNIE;1
Binzhou;704;PURE RUNNER;1
Sincelejo;791;SHOW LORD;1
Portoviejo;535;LOVE SUICIDES;1
Denizli;948;VOICE PEACH;1
ostka;331;FORWARD TEMPLE;1
Skikda;603;MOVIE SHAKESPEARE;1
Kakamigahara;512;LEAGUE HELLFIGHTERS;1
Ashqelon;421;HOLIDAY GAMES;1
Junan;827;SPICE SORORITY;1
Avellaneda;586;MOCKINGBIRD HOLLYWOOD;1
Witten;506;LADY STAGE;1
Duisburg;915;TRUMAN CRAZY;1
Molodetno;327;FOOL MOCKINGBIRD;1
Tabora;804;SLEEPING SUSPECTS;1
San Lorenzo;92;BOWFINGER GABLES;1
London;48;BACKLASH UNDEFEATED;1
Akron;800;SINNERS ATLANTIS;1
Shimonoseki;519;LIBERTY MAGNIFICENT;1
Paarl;260;DUDE BLINDNESS;1
Dhule (Dhulia);395;HANDICAP BOONDOCK;1
Alessandria;18;ALTER VICTORY;1
Robamba;450;IDOLS SNATCHERS;1
Ezhou;789;SHOCK CABIN;1
Tabriz;484;JERK PAYCHECK;1
Bradford;416;HIGHBALL POTTER;1
Botosani;190;CREEPERS KANE;1
Masqat;166;COLOR PHILADELPHIA;1
Memphis;710;RAGE GAMES;1
Cabuyao;785;SHAWSHANK BUBBLE;1
Arak;864;SUNDANCE INVASION;1
Rockford;188;CRAZY HOME;1
Surakarta;101;BROTHERHOOD BLANKET;1
Sanya;915;TRUMAN CRAZY;1
South Hill;167;COMA HEAD;1
Jelets;437;HOUSE DYNAMITE;1
Springs;661;PAST SUICIDES;1
Tonghae;16;ALLEY EVOLUTION;1
Crdoba;916;TURN STAR;1
Yantai;620;NEMO CAMPUS;1
Duisburg;68;BETRAYED REAR;1
Ponce;617;NATURAL STOCK;1
Dongying;529;LONELY ELEPHANT;1
Augusta-Richmond County;654;PANKY SUBMARINE;1
Lubumbashi;976;WIND PHANTOM;1
Meixian;753;RUSH GOODFELLAS;1
Toulouse;363;GO PURPLE;1
Nukualofa;100;BROOKLYN DESERT;1
Santo Andr;531;LOSE INCH;1
Allappuzha (Alleppey);429;HONEY TIES;1
Gulbarga;508;LAMBS CINCINATTI;1
San Juan Bautista Tuxtepec;703;PUNK DIVORCE;1
Olomouc;304;FARGO GANDHI;1
Mardan;581;MINORITY KISS;1
Vaduz;575;MIDSUMMER GROUNDHOG;1
Funafuti;560;MARS ROMAN;1
Ktahya;698;PRINCESS GIANT;1
Tabora;138;CHARIOTS CONSPIRACY;1
Tanshui;162;CLUELESS BUCKET;1
Maracabo;905;TRAINSPOTTING STRANGERS;1
Songkhla;276;ELEMENT FREDDY;1
Tandil;412;HEAVYWEIGHTS BEAST;1
Yantai;560;MARS ROMAN;1
Erlangen;638;OPERATION OPERATION;1
Dundee;370;GORGEOUS BINGO;1
Rio Claro;496;KICK SAVANNAH;1
Dzerzinsk;727;RESURRECTION SILVERADO;1
Zhoushan;269;EARRING INSTINCT;1
South Hill;226;DESTINY SATURDAY;1
Zaoyang;960;WARS PLUTO;1
Mit Ghamr;841;STAR OPERATION;1
Benin City;535;LOVE SUICIDES;1
Shivapuri;599;MOTHER OLEANDER;1
Antofagasta;949;VOLCANO TEXAS;1
Kurashiki;525;LOATHING LEGALLY;1
Kaduna;173;CONFESSIONS MAGUIRE;1
Ambattur;936;VANISHING ROCKY;1
Suihua;763;SATISFACTION CONFIDENTIAL;1
Dhaka;835;SPY MILE;1
Almirante Brown;790;SHOOTIST SUPERFLY;1
Ede;488;JOON NORTHWEST;1
Brockton;135;CHANCE RESURRECTION;1
Gulbarga;250;DRAGON SQUAD;1
Cuautla;875;TALENTED HOMICIDE;1
Nezahualcyotl;486;JET NEIGHBORS;1
Iwaki;363;GO PURPLE;1
Ilorin;439;HUNCHBACK IMPOSSIBLE;1
Arlington;946;VIRTUAL SPOILERS;1
Naala-Porto;313;FIDELITY DEVIL;1
Dayton;388;GUNFIGHT MOON;1
Warren;966;WEDDING APOLLO;1
Maracabo;84;BOILED DARES;1
Varanasi (Benares);95;BREAKFAST GOLDFINGER;1
Uruapan;888;THIN SAGEBRUSH;1
Lengshuijiang;285;ENGLISH BULWORTH;1
Weifang;301;FAMILY SWEET;1
Kitwe;189;CREATURES SHAKESPEARE;1
Augusta-Richmond County;8;AIRPORT POLLOCK;1
Sagamihara;174;CONFIDENTIAL INTERVIEW;1
Tsaotun;898;TOURIST PELICAN;1
Rockford;361;GLEAMING JAWBREAKER;1
Yinchuan;474;JADE BUNCH;1
Valle de Santiago;442;HUNTING MUSKETEERS;1
Izumisano;451;IGBY MAKER;1
Cheju;39;ARMAGEDDON LOST;1
Dhaka;27;ANONYMOUS HUMAN;1
Stara Zagora;205;DANCES NONE;1
Fengshan;892;TITANIC BOONDOCK;1
Emmen;105;BULL SHAWSHANK;1
Fengshan;436;HOURS RAGE;1
Chiayi;608;MURDER ANTITRUST;1
Masqat;545;MADNESS ATTACKS;1
Ondo;313;FIDELITY DEVIL;1
Sullana;457;INDEPENDENCE HOTEL;1
Zhoushan;715;RANGE MOONWALKER;1
Fengshan;666;PAYCHECK WAIT;1
Boksburg;667;PEACH INNOCENT;1
Cam Ranh;748;RUGRATS SHAKESPEARE;1
Cabuyao;361;GLEAMING JAWBREAKER;1
Namibe;127;CAT CONEHEADS;1
Citt del Vaticano;641;ORANGE GRAPES;1
El Fuerte;169;COMFORTS RUSH;1
Barcelona;333;FREAKY POCUS;1
Lima;822;SOUP WISDOM;1
Zaria;639;OPPOSITE NECKLACE;1
Cuautla;193;CROSSROADS CASUALTIES;1
Changzhou;178;CONNECTION MICROCOSMOS;1
Ibirit;661;PAST SUICIDES;1
Santa F;26;ANNIE IDENTITY;1
Nador;334;FREDDY STORM;1
Korolev;258;DRUMS DYNAMITE;1
Beni-Mellal;375;GRAIL FRANKENSTEIN;1
Nakhon Sawan;302;FANTASIA PARK;1
Gaziantep;233;DISCIPLE MOTHER;1
Adoni;170;COMMAND DARLING;1
Myingyan;895;TOMORROW HUSTLER;1
Kirovo-Tepetsk;170;COMMAND DARLING;1
Jinchang;440;HUNGER ROOF;1
Apeldoorn;601;MOULIN WAKE;1
Tanshui;602;MOURNING PURPLE;1
Tambaram;847;STOCK GLASS;1
Livorno;247;DOWNHILL ENOUGH;1
Fengshan;1000;ZORRO ARK;1
Halifax;998;ZHIVAGO CORE;1
Maikop;640;OPUS ICE;1
Cuernavaca;585;MOB DUFFEL;1
London;493;KANE EXORCIST;1
Kamakura;27;ANONYMOUS HUMAN;1
Yinchuan;101;BROTHERHOOD BLANKET;1
Dhaka;385;GROUNDHOG UNCUT;1
Southampton;227;DETAILS PACKER;1
Basel;56;BAREFOOT MANCHURIAN;1
Adana;775;SEATTLE EXPECATIONS;1
Jinchang;264;DWARFS ALTER;1
Merlo;390;GUYS FALCON;1
Salamanca;847;STOCK GLASS;1
Rio Claro;35;ARACHNOPHOBIA ROLLERCOASTER;1
Huixquilucan;378;GREATEST NORTH;1
Wroclaw;119;CAPER MOTIONS;1
Robamba;697;PRIMARY GLASS;1
Avellaneda;810;SLUMS DUCK;1
Saint-Denis;21;AMERICAN CIRCUS;1
Quilmes;734;ROAD ROXANNE;1
Salinas;897;TORQUE BOUND;1
Dadu;650;PACIFIC AMISTAD;1
Vila Velha;350;GARDEN ISLAND;1
Satna;945;VIRGINIAN PLUTO;1
Tychy;154;CLASH FREDDY;1
Batman;154;CLASH FREDDY;1
Zaria;373;GRADUATE LORD;1
Phnom Penh;360;GLASS DYING;1
Bratislava;702;PULP BEVERLY;1
Sunnyvale;862;SUMMER SCARFACE;1
Songkhla;577;MILE MULAN;1
Xintai;112;CALENDAR GUNFIGHT;1
Varanasi (Benares);213;DATE SPEED;1
Lengshuijiang;676;PHILADELPHIA WIFE;1
Clarksville;839;STALLION SUNDANCE;1
Celaya;640;OPUS ICE;1
Kolpino;521;LIES TREATMENT;1
Sanya;479;JEDI BENEATH;1
Shahr-e Kord;744;ROOTS REMEMBER;1
Brescia;688;POLISH BROOKLYN;1
Vaduz;130;CELEBRITY HORN;1
Lipetsk;89;BORROWERS BEDAZZLED;1
Jedda;541;LUKE MUMMY;1
South Hill;382;GRIT CLOCKWORK;1
Patras;628;NORTHWEST POLISH;1
Shubra al-Khayma;608;MURDER ANTITRUST;1
Leshan;826;SPEED SUIT;1
Sagamihara;129;CAUSE DATE;1
Gatineau;598;MOSQUITO ARMAGEDDON;1
Papeete;575;MIDSUMMER GROUNDHOG;1
Nagareyama;554;MALKOVICH PET;1
Rancagua;502;KNOCK WARLOCK;1
Zhezqazghan;159;CLOSER BANG;1
Graz;557;MANCHURIAN CURTAIN;1
Bellevue;373;GRADUATE LORD;1
Kuwana;7;AIRPLANE SIERRA;1
Hoshiarpur;423;HOLLYWOOD ANONYMOUS;1
Nador;791;SHOW LORD;1
Chiayi;626;NOON PAPI;1
Mukateve;612;MUSSOLINI SPOILERS;1
Nador;738;ROCKETEER MOTHER;1
Sunnyvale;535;LOVE SUICIDES;1
Changzhou;168;COMANCHEROS ENEMY;1
Newcastle;211;DARLING BREAKING;1
Bijapur;58;BEACH HEARTBREAKERS;1
Batna;132;CHAINSAW UPTOWN;1
Barcelona;975;WILLOW TRACY;1
Jalib al-Shuyukh;908;TRAP GUYS;1
Arlington;885;TEXAS WATCH;1
Bchar;326;FLYING HOOK;1
Suihua;553;MAKER GABLES;1
Balaiha;463;INSTINCT AIRPORT;1
Phnom Penh;537;LOVER TRUMAN;1
York;518;LIAISONS SWEET;1
London;322;FLATLINERS KILLER;1
Molodetno;391;HALF OUTFIELD;1
Rae Bareli;354;GHOST GROUNDHOG;1
Brescia;734;ROAD ROXANNE;1
Bhopal;59;BEAR GRACELAND;1
Citrus Heights;904;TRAIN BUNCH;1
Bhimavaram;155;CLEOPATRA DEVIL;1
Mukateve;552;MAJESTIC FLOATS;1
Kaliningrad;525;LOATHING LEGALLY;1
Ciomas;4;AFFAIR PREJUDICE;1
Pjatigorsk;19;AMADEUS HOLY;1
Bern;44;ATTACKS HATE;1
Quilmes;112;CALENDAR GUNFIGHT;1
Probolinggo;608;MURDER ANTITRUST;1
Huixquilucan;155;CLEOPATRA DEVIL;1
Qalyub;307;FELLOWSHIP AUTUMN;1
Probolinggo;687;POCUS PULP;1
Sucre;536;LOVELY JINGLE;1
San Felipe de Puerto Plata;867;SUPER WYOMING;1
Malm;698;PRINCESS GIANT;1
Kolpino;104;BUGSY SONG;1
Ciomas;510;LAWLESS VISION;1
Maracabo;960;WARS PLUTO;1
Sincelejo;327;FOOL MOCKINGBIRD;1
Yuncheng;26;ANNIE IDENTITY;1
Hoshiarpur;826;SPEED SUIT;1
Tarsus;476;JASON TRAP;1
Bhavnagar;358;GILMORE BOILED;1
Monywa;105;BULL SHAWSHANK;1
Cuman;979;WITCHES PANIC;1
Tafuna;940;VICTORY ACADEMY;1
Coatzacoalcos;65;BEHAVIOR RUNAWAY;1
Koriyama;160;CLUB GRAFFITI;1
Usolje-Sibirskoje;131;CENTER DINOSAUR;1
Loja;239;DOGMA FAMILY;1
Batna;354;GHOST GROUNDHOG;1
A Corua (La Corua);280;EMPIRE MALKOVICH;1
Moscow;730;RIDGEMONT SUBMARINE;1
Baybay;63;BEDAZZLED MARRIED;1
Kuwana;424;HOLOCAUST HIGHBALL;1
Namibe;416;HIGHBALL POTTER;1
Akishima;958;WARDROBE PHANTOM;1
Surakarta;394;HAMLET WISDOM;1
Sorocaba;945;VIRGINIAN PLUTO;1
Songkhla;519;LIBERTY MAGNIFICENT;1
Lancaster;295;EXPENDABLE STALLION;1
Esfahan;629;NOTORIOUS REUNION;1
Nukualofa;367;GOLDMINE TYCOON;1
Warren;126;CASUALTIES ENCINO;1
s-Hertogenbosch;43;ATLANTIS CAUSE;1
Laiwu;911;TRIP NEWTON;1
Esfahan;344;FURY MURDER;1
Bijapur;290;EVERYONE CRAFT;1
Tama;989;WORKING MICROCOSMOS;1
Jining;389;GUNFIGHTER MUSSOLINI;1
Bergamo;381;GRINCH MASSAGE;1
Uluberia;953;WAIT CIDER;1
Southport;429;HONEY TIES;1
Gulbarga;425;HOLY TADPOLE;1
Chiayi;486;JET NEIGHBORS;1
Munger (Monghyr);218;DECEIVER BETRAYED;1
Valparai;506;LADY STAGE;1
Ashdod;316;FIRE WOLVES;1
Pemalang;933;VAMPIRE WHALE;1
Angra dos Reis;948;VOICE PEACH;1
Ashqelon;360;GLASS DYING;1
Korla;341;FROST HEAD;1
Mit Ghamr;81;BLINDNESS GUN;1
Jining;902;TRADING PINOCCHIO;1
Cuernavaca;918;TWISTED PIRATES;1
Ife;464;INTENTIONS EMPIRE;1
Birgunj;562;MASKED BUBBLE;1
Allende;964;WATERFRONT DELIVERANCE;1
al-Hawiya;619;NEIGHBORS CHARADE;1
Malm;486;JET NEIGHBORS;1
Sungai Petani;991;WORST BANGER;1
Linz;641;ORANGE GRAPES;1
Cape Coral;597;MOONWALKER FOOL;1
Salinas;745;ROSES TREASURE;1
Tanshui;723;REIGN GENTLEMEN;1
Maring;731;RIGHT CRANES;1
Jaipur;488;JOON NORTHWEST;1
Papeete;179;CONQUERER NUTS;1
Rockford;134;CHAMPION FLATLINERS;1
Jamalpur;228;DETECTIVE VISION;1
Mwene-Ditu;998;ZHIVAGO CORE;1
Addis Abeba;827;SPICE SORORITY;1
El Alto;267;EAGLES PANKY;1
Sultanbeyli;134;CHAMPION FLATLINERS;1
Pemalang;320;FLAMINGOS CONNECTICUT;1
Cuman;557;MANCHURIAN CURTAIN;1
Zanzibar;428;HOMICIDE PEACH;1
Okinawa;768;SCARFACE BANG;1
Naju;451;IGBY MAKER;1
Yuzhou;494;KARATE MOON;1
Duisburg;230;DIARY PANIC;1
Kaduna;54;BANGER PINOCCHIO;1
Mosul;460;INNOCENT USUAL;1
Cape Coral;658;PARIS WEEKEND;1
San Felipe del Progreso;242;DOOM DANCING;1
Oulu;609;MUSCLE BRIGHT;1
Buenaventura;650;PACIFIC AMISTAD;1
Lima;81;BLINDNESS GUN;1
Rio Claro;208;DARES PLUTO;1
Kanazawa;222;DESERT POSEIDON;1
Pontianak;56;BAREFOOT MANCHURIAN;1
Sumqayit;965;WATERSHIP FRONTIER;1
Osmaniye;681;PIRATES ROXANNE;1
Iwaki;307;FELLOWSHIP AUTUMN;1
Tuguegarao;17;ALONE TRIP;1
Cheju;729;RIDER CADDYSHACK;1
Sal;715;RANGE MOONWALKER;1
Liaocheng;62;BED HIGHBALL;1
Tartu;794;SIDE ARK;1
Tandil;234;DISTURBING SCARFACE;1
San Juan Bautista Tuxtepec;894;TOMATOES HELLFIGHTERS;1
Ikerre;478;JAWS HARRY;1
Kansas City;320;FLAMINGOS CONNECTICUT;1
Jining;352;GATHERING CALENDAR;1
Klerksdorp;973;WIFE TURN;1
Arecibo;429;HONEY TIES;1
Jinchang;706;QUEEN LUKE;1
Nha Trang;989;WORKING MICROCOSMOS;1
Saint-Denis;857;STRICTLY SCARFACE;1
Tongliao;559;MARRIED GO;1
Warren;932;VALLEY PACKER;1
Chisinau;301;FAMILY SWEET;1
Jining;253;DRIFTER COMMANDMENTS;1
Daxian;403;HARRY IDAHO;1
Vilnius;970;WESTWARD SEABISCUIT;1
Tokat;292;EXCITEMENT EVE;1
Duisburg;380;GREEK EVERYONE;1
Gingoog;69;BEVERLY OUTLAW;1
Anpolis;383;GROOVE FICTION;1
Shimoga;172;CONEHEADS SMOOCHY;1
Urawa;956;WANDA CHAMBER;1
Effon-Alaiye;274;EGG IGBY;1
Rajkot;875;TALENTED HOMICIDE;1
Lublin;876;TARZAN VIDEOTAPE;1
Kalisz;887;THIEF PELICAN;1
Patras;103;BUCKET BROTHERHOOD;1
Akron;423;HOLLYWOOD ANONYMOUS;1
Ljubertsy;706;QUEEN LUKE;1
Teboksary;461;INSECTS STONE;1
Owo;565;MATRIX SNOWMAN;1
Bhavnagar;776;SECRET GROUNDHOG;1
Sullana;573;MICROCOSMOS PARADISE;1
Toulon;953;WAIT CIDER;1
York;778;SECRETS PARADISE;1
Sincelejo;524;LION UNCUT;1
Owo;706;QUEEN LUKE;1
Kitwe;417;HILLS NEIGHBORS;1
Esfahan;645;OTHERS SOUP;1
Varanasi (Benares);890;TIGHTS DAWN;1
al-Qatif;932;VALLEY PACKER;1
Tabora;964;WATERFRONT DELIVERANCE;1
Rampur;67;BERETS AGENT;1
al-Manama;869;SUSPECTS QUILLS;1
Liaocheng;263;DURHAM PANKY;1
Sogamoso;573;MICROCOSMOS PARADISE;1
Siegen;189;CREATURES SHAKESPEARE;1
Manchester;873;SWEETHEARTS SUSPECTS;1
Vilnius;896;TOOTSIE PILOT;1
Oyo;880;TELEMARK HEARTBREAKERS;1
Ciudad del Este;384;GROSSE WONDERFUL;1
Iwaki;573;MICROCOSMOS PARADISE;1
Ezhou;859;SUGAR WONKA;1
Datong;449;IDENTITY LOVER;1
Saint-Denis;422;HOLLOW JEOPARDY;1
Cavite;664;PATRIOT ROMAN;1
Dallas;711;RAGING AIRPLANE;1
Pathankot;652;PAJAMA JAWBREAKER;1
Portoviejo;8;AIRPORT POLLOCK;1
Ambattur;478;JAWS HARRY;1
Sumqayit;636;OLEANDER CLUE;1
El Fuerte;222;DESERT POSEIDON;1
Dzerzinsk;906;TRAMP OTHERS;1
Athenai;725;REQUIEM TYCOON;1
Korolev;378;GREATEST NORTH;1
Sirjan;284;ENEMY ODDS;1
Ziguinchor;181;CONTACT ANONYMOUS;1
Nanyang;200;CURTAIN VIDEOTAPE;1
Ruse;798;SILVERADO GOLDFINGER;1
Adana;743;ROOM ROMAN;1
So Leopoldo;527;LOLA AGENT;1
Pontianak;812;SMOKING BARBARELLA;1
Matamoros;608;MURDER ANTITRUST;1
Nanyang;863;SUN CONFESSIONS;1
Ambattur;614;NAME DETECTIVE;1
Jining;453;IMAGE PRINCESS;1
San Miguel de Tucumn;546;MADRE GABLES;1
Mogiljov;121;CAROL TEXAS;1
Almirante Brown;993;WRONG BEHAVIOR;1
Nantou;408;HEAD STRANGER;1
Molodetno;853;STRANGER STRANGERS;1
Arak;363;GO PURPLE;1
Joliet;957;WAR NOTTING;1
Akron;893;TITANS JERK;1
Satna;897;TORQUE BOUND;1
Nha Trang;932;VALLEY PACKER;1
Fukuyama;84;BOILED DARES;1
Lengshuijiang;28;ANTHEM LUKE;1
Hidalgo;609;MUSCLE BRIGHT;1
Shivapuri;746;ROUGE SQUAD;1
Purnea (Purnia);622;NEWSIES STORY;1
Hubli-Dharwad;484;JERK PAYCHECK;1
Jamalpur;378;GREATEST NORTH;1
Escobar;57;BASIC EASY;1
Uluberia;280;EMPIRE MALKOVICH;1
Stara Zagora;601;MOULIN WAKE;1
Jurez;421;HOLIDAY GAMES;1
Laohekou;737;ROCK INSTINCT;1
Sanaa;681;PIRATES ROXANNE;1
Aden;244;DORADO NOTTING;1
Kolpino;933;VAMPIRE WHALE;1
Chiayi;550;MAGUIRE APACHE;1
Tallahassee;452;ILLUSION AMELIE;1
Vicente Lpez;54;BANGER PINOCCHIO;1
Sullana;663;PATIENT SISTER;1
Hsichuh;741;ROMAN PUNK;1
Yuncheng;24;ANALYZE HOOSIERS;1
Jaroslavl;517;LESSON CLEOPATRA;1
Huejutla de Reyes;343;FULL FLATLINERS;1
Braslia;686;PLUTO OLEANDER;1
Chatsworth;103;BUCKET BROTHERHOOD;1
Okayama;348;GANDHI KWAI;1
Atinsk;79;BLADE POLISH;1
Novoterkassk;54;BANGER PINOCCHIO;1
Ashdod;110;CABIN FLASH;1
Nanyang;164;COAST RAINBOW;1
Ibirit;239;DOGMA FAMILY;1
Phnom Penh;918;TWISTED PIRATES;1
Tegal;595;MOON BUNCH;1
Tangail;602;MOURNING PURPLE;1
Mahajanga;313;FIDELITY DEVIL;1
Tonghae;334;FREDDY STORM;1
Tanza;265;DYING MAKER;1
Toulouse;287;ENTRAPMENT SATISFACTION;1
Bergamo;330;FORRESTER COMANCHEROS;1
Asuncin;201;CYCLONE FAMILY;1
Laiwu;504;KWAI HOMEWARD;1
Nam Dinh;514;LEBOWSKI SOLDIERS;1
Aurora;272;EDGE KISSING;1
London;901;TRACY CIDER;1
Newcastle;778;SECRETS PARADISE;1
La Plata;253;DRIFTER COMMANDMENTS;1
Ourense (Orense);845;STEPMOM DREAM;1
Pingxiang;431;HOOSIERS BIRDCAGE;1
Pak Kret;360;GLASS DYING;1
Davao;75;BIRD INDEPENDENCE;1
Chandrapur;697;PRIMARY GLASS;1
Ede;747;ROXANNE REBEL;1
Springs;338;FRISCO FORREST;1
Dos Quebradas;932;VALLEY PACKER;1
Bchar;463;INSTINCT AIRPORT;1
Ciomas;158;CLONES PINOCCHIO;1
Dadu;598;MOSQUITO ARMAGEDDON;1
Sincelejo;7;AIRPLANE SIERRA;1
Boksburg;255;DRIVING POLISH;1
Ikerre;206;DANCING FEVER;1
Haldia;455;IMPOSSIBLE PREJUDICE;1
Donostia-San Sebastin;938;VELVET TERMINATOR;1
Phnom Penh;951;VOYAGE LEGALLY;1
Fuyu;391;HALF OUTFIELD;1
Zeleznogorsk;264;DWARFS ALTER;1
Lungtan;790;SHOOTIST SUPERFLY;1
Arlington;708;QUILLS BULL;1
Baicheng;559;MARRIED GO;1
Myingyan;653;PANIC CLUB;1
Nam Dinh;530;LORD ARIZONA;1
Kragujevac;683;PITY BOUND;1
Kakamigahara;820;SONS INTERVIEW;1
Hodeida;697;PRIMARY GLASS;1
Pjatigorsk;200;CURTAIN VIDEOTAPE;1
Isesaki;270;EARTH VISION;1
Kurgan;720;REDEMPTION COMFORTS;1
Parbhani;767;SCALAWAG DUCK;1
Duisburg;162;CLUELESS BUCKET;1
Duisburg;43;ATLANTIS CAUSE;1
Anpolis;696;PRIDE ALAMO;1
Xintai;747;ROXANNE REBEL;1
San Lorenzo;1;ACADEMY DINOSAUR;1
Oshawa;355;GHOSTBUSTERS ELF;1
La Plata;964;WATERFRONT DELIVERANCE;1
San Miguel de Tucumn;62;BED HIGHBALL;1
Birgunj;397;HANKY OCTOBER;1
Gatineau;985;WONDERLAND CHRISTMAS;1
Akishima;706;QUEEN LUKE;1
Liaocheng;408;HEAD STRANGER;1
Effon-Alaiye;282;ENCOUNTERS CURTAIN;1
Myingyan;728;REUNION WITCHES;1
Yuzhou;146;CHITTY LOCK;1
Kitwe;479;JEDI BENEATH;1
Higashiosaka;880;TELEMARK HEARTBREAKERS;1
Apeldoorn;468;INVASION CYCLONE;1
Stockport;71;BILKO ANONYMOUS;1
Brockton;847;STOCK GLASS;1
Pathankot;663;PATIENT SISTER;1
Plock;51;BALLOON HOMEWARD;1
Baiyin;356;GIANT TROOPERS;1
Compton;597;MOONWALKER FOOL;1
Munger (Monghyr);514;LEBOWSKI SOLDIERS;1
Szkesfehrvr;273;EFFECT GLADIATOR;1
Bijapur;212;DARN FORRESTER;1
Rustenburg;493;KANE EXORCIST;1
Battambang;727;RESURRECTION SILVERADO;1
Coatzacoalcos;637;OPEN AFRICAN;1
El Monte;278;ELF MURDER;1
Nha Trang;864;SUNDANCE INVASION;1
Bydgoszcz;670;PELICAN COMFORTS;1
Siegen;269;EARRING INSTINCT;1
Bhavnagar;871;SWEDEN SHINING;1
San Bernardino;136;CHAPLIN LICENSE;1
Najafabad;595;MOON BUNCH;1
Jining;760;SAMURAI LION;1
Smolensk;545;MADNESS ATTACKS;1
Halifax;377;GREASE YOUTH;1
Chiayi;778;SECRETS PARADISE;1
Lima;561;MASK PEACH;1
Ashdod;518;LIAISONS SWEET;1
Compton;832;SPLASH GUMP;1
Pathankot;437;HOUSE DYNAMITE;1
Sucre;608;MURDER ANTITRUST;1
Mit Ghamr;396;HANGING DEEP;1
Callao;872;SWEET BROTHERHOOD;1
Junan;609;MUSCLE BRIGHT;1
Akishima;45;ATTRACTION NEWTON;1
Jinchang;861;SUIT WALLS;1
Kakamigahara;389;GUNFIGHTER MUSSOLINI;1
Purwakarta;805;SLEEPLESS MONSOON;1
Rizhao;91;BOUND CHEAPER;1
Huejutla de Reyes;641;ORANGE GRAPES;1
Yaound;911;TRIP NEWTON;1
Patras;574;MIDNIGHT WESTWARD;1
Gorontalo;473;JACKET FRISCO;1
Shubra al-Khayma;733;RIVER OUTLAW;1
Lapu-Lapu;413;HEDWIG ALTER;1
Bhavnagar;657;PARADISE SABRINA;1
A Corua (La Corua);150;CIDER DESIRE;1
Luzinia;69;BEVERLY OUTLAW;1
Liaocheng;432;HOPE TOOTSIE;1
Donostia-San Sebastin;902;TRADING PINOCCHIO;1
Nabereznyje Telny;267;EAGLES PANKY;1
Tongliao;205;DANCES NONE;1
Tonghae;493;KANE EXORCIST;1
Nagareyama;25;ANGELS LIFE;1
Okara;656;PAPI NECKLACE;1
Hohhot;604;MULAN MOON;1
Eskisehir;305;FATAL HAUNTED;1
Valparai;650;PACIFIC AMISTAD;1
Halle/Saale;129;CAUSE DATE;1
Surakarta;263;DURHAM PANKY;1
Santa Rosa;50;BAKED CLEOPATRA;1
Ife;782;SHAKESPEARE SADDLE;1
Pachuca de Soto;140;CHEAPER CLYDE;1
Bayugan;334;FREDDY STORM;1
Tanza;806;SLEEPY JAPANESE;1
San Felipe de Puerto Plata;123;CASABLANCA SUPER;1
Kuwana;777;SECRETARY ROUGE;1
Cuernavaca;277;ELEPHANT TROJAN;1
Shubra al-Khayma;855;STREAK RIDGEMONT;1
Goinia;920;UNBREAKABLE KARATE;1
Celaya;270;EARTH VISION;1
Pingxiang;694;PREJUDICE OLEANDER;1
Vijayawada;946;VIRTUAL SPOILERS;1
Lublin;392;HALL CASSIDY;1
Akron;777;SECRETARY ROUGE;1
Merlo;729;RIDER CADDYSHACK;1
Shikarpur;892;TITANIC BOONDOCK;1
Tegal;276;ELEMENT FREDDY;1
Halifax;9;ALABAMA DEVIL;1
Tafuna;42;ARTIST COLDBLOODED;1
Sullana;140;CHEAPER CLYDE;1
Boa Vista;396;HANGING DEEP;1
Callao;863;SUN CONFESSIONS;1
Jastrzebie-Zdrj;22;AMISTAD MIDSUMMER;1
Linz;90;BOULEVARD MOB;1
Gorontalo;897;TORQUE BOUND;1
Boa Vista;504;KWAI HOMEWARD;1
Baku;374;GRAFFITI LOVE;1
Beira;911;TRIP NEWTON;1
Parbhani;809;SLIPPER FIDELITY;1
Najafabad;760;SAMURAI LION;1
Boa Vista;53;BANG KWAI;1
Mandaluyong;234;DISTURBING SCARFACE;1
Rizhao;643;ORIENT CLOSER;1
Ashdod;44;ATTACKS HATE;1
Coacalco de Berriozbal;10;ALADDIN CALENDAR;1
Valparai;114;CAMELOT VACATION;1
Kragujevac;854;STRANGERS GRAFFITI;1
Ocumare del Tuy;245;DOUBLE WRATH;1
Konotop;728;REUNION WITCHES;1
Zhoushan;785;SHAWSHANK BUBBLE;1
Denizli;997;YOUTH KICK;1
San Bernardino;518;LIAISONS SWEET;1
Okayama;938;VELVET TERMINATOR;1
Hiroshima;416;HIGHBALL POTTER;1
Sokoto;74;BIRCH ANTITRUST;1
al-Manama;131;CENTER DINOSAUR;1
Dallas;949;VOLCANO TEXAS;1
Adana;928;UPTOWN YOUNG;1
Iwakuni;27;ANONYMOUS HUMAN;1
Shivapuri;468;INVASION CYCLONE;1
Boa Vista;449;IDENTITY LOVER;1
Hohhot;86;BOOGIE AMELIE;1
Cuernavaca;769;SCHOOL JACKET;1
Botshabelo;135;CHANCE RESURRECTION;1
Jaroslavl;206;DANCING FEVER;1
Rampur;348;GANDHI KWAI;1
Yerevan;175;CONFUSED CANDLES;1
Fontana;979;WITCHES PANIC;1
Braslia;226;DESTINY SATURDAY;1
al-Ayn;907;TRANSLATION SUMMER;1
Bandar Seri Begawan;523;LIGHTS DEER;1
Arecibo;915;TRUMAN CRAZY;1
Davao;199;CUPBOARD SINNERS;1
Zhezqazghan;525;LOATHING LEGALLY;1
Donostia-San Sebastin;420;HOLES BRANNIGAN;1
Klerksdorp;740;ROLLERCOASTER BRINGING;1
Braslia;341;FROST HEAD;1
Onomichi;402;HARPER DYING;1
Omiya;474;JADE BUNCH;1
Brest;907;TRANSLATION SUMMER;1
Garden Grove;395;HANDICAP BOONDOCK;1
Halisahar;251;DRAGONFLY STRANGERS;1
Jinchang;54;BANGER PINOCCHIO;1
Yuzhou;997;YOUTH KICK;1
Liepaja;608;MURDER ANTITRUST;1
Santa Rosa;424;HOLOCAUST HIGHBALL;1
Dallas;980;WIZARD COLDBLOODED;1
ostka;375;GRAIL FRANKENSTEIN;1
Hodeida;330;FORRESTER COMANCHEROS;1
Nam Dinh;536;LOVELY JINGLE;1
Shimonoseki;118;CANYON STOCK;1
Maracabo;595;MOON BUNCH;1
Lengshuijiang;1000;ZORRO ARK;1
Caracas;707;QUEST MUSSOLINI;1
al-Qatif;915;TRUMAN CRAZY;1
Lipetsk;356;GIANT TROOPERS;1
Crdoba;698;PRINCESS GIANT;1
Tartu;169;COMFORTS RUSH;1
Osmaniye;771;SCORPION APOLLO;1
Botosani;760;SAMURAI LION;1
Kursk;363;GO PURPLE;1
Aurora;576;MIGHTY LUCK;1
Arak;239;DOGMA FAMILY;1
Fukuyama;473;JACKET FRISCO;1
Livorno;995;YENTL IDAHO;1
Mandaluyong;96;BREAKING HOME;1
Sambhal;911;TRIP NEWTON;1
Xinxiang;115;CAMPUS REMEMBER;1
Tychy;958;WARDROBE PHANTOM;1
Dhule (Dhulia);170;COMMAND DARLING;1
Poos de Caldas;387;GUN BONNIE;1
Sultanbeyli;856;STREETCAR INTENTIONS;1
Novoterkassk;688;POLISH BROOKLYN;1
Hagonoy;786;SHEPHERD MIDSUMMER;1
Ezeiza;858;SUBMARINE BED;1
Hunuco;551;MAIDEN HOME;1
Laohekou;560;MARS ROMAN;1
Garland;649;OZ LIAISONS;1
Cabuyao;455;IMPOSSIBLE PREJUDICE;1
Tel Aviv-Jaffa;174;CONFIDENTIAL INTERVIEW;1
Hidalgo;248;DOZEN LION;1
Poos de Caldas;205;DANCES NONE;1
Chisinau;616;NATIONAL STORY;1
Trshavn;621;NETWORK PEAK;1
Okinawa;10;ALADDIN CALENDAR;1
Probolinggo;387;GUN BONNIE;1
Richmond Hill;370;GORGEOUS BINGO;1
Ivanovo;432;HOPE TOOTSIE;1
El Fuerte;140;CHEAPER CLYDE;1
Hoshiarpur;303;FANTASY TROOPERS;1
Hsichuh;945;VIRGINIAN PLUTO;1
Hami;190;CREEPERS KANE;1
Shenzhen;655;PANTHER REDS;1
Lhokseumawe;556;MALTESE HOPE;1
Akron;638;OPERATION OPERATION;1
Belm;75;BIRD INDEPENDENCE;1
Rockford;502;KNOCK WARLOCK;1
Tartu;528;LOLITA WORLD;1
Rae Bareli;40;ARMY FLINTSTONES;1
Qomsheh;55;BARBARELLA STREETCAR;1
Lhokseumawe;965;WATERSHIP FRONTIER;1
Ivanovo;938;VELVET TERMINATOR;1
Salamanca;916;TURN STAR;1
Ilorin;736;ROBBERY BRIGHT;1
Carmen;112;CALENDAR GUNFIGHT;1
Najafabad;755;SABRINA MIDNIGHT;1
Sumqayit;516;LEGEND JEDI;1
Fengshan;305;FATAL HAUNTED;1
Ourense (Orense);270;EARTH VISION;1
Lubumbashi;295;EXPENDABLE STALLION;1
Kumbakonam;326;FLYING HOOK;1
La Plata;951;VOYAGE LEGALLY;1
Lengshuijiang;40;ARMY FLINTSTONES;1
Syktyvkar;664;PATRIOT ROMAN;1
Chatsworth;467;INTRIGUE WORST;1
Le Mans;859;SUGAR WONKA;1
Nanyang;410;HEAVEN FREEDOM;1
Maracabo;86;BOOGIE AMELIE;1
Rizhao;977;WINDOW SIDE;1
Lancaster;935;VANISHED GARDEN;1
Varanasi (Benares);933;VAMPIRE WHALE;1
Kabul;88;BORN SPINAL;1
Xiangfan;356;GIANT TROOPERS;1
Smolensk;688;POLISH BROOKLYN;1
Aden;937;VARSITY TRIP;1
Parbhani;412;HEAVYWEIGHTS BEAST;1
Okara;532;LOSER HUSTLER;1
Araatuba;299;FACTORY DRAGON;1
Yerevan;621;NETWORK PEAK;1
Valle de la Pascua;242;DOOM DANCING;1
Lubumbashi;34;ARABIA DOGMA;1
Amersfoort;227;DETAILS PACKER;1
ostka;510;LAWLESS VISION;1
Richmond Hill;479;JEDI BENEATH;1
Ikerre;792;SHREK LICENSE;1
Paarl;780;SENSIBILITY REAR;1
Touliu;483;JERICHO MULAN;1
Bhilwara;588;MODEL FISH;1
Zaria;586;MOCKINGBIRD HOLLYWOOD;1
Ezhou;549;MAGNOLIA FORRESTER;1
Ashqelon;157;CLOCKWORK PARADISE;1
Peoria;753;RUSH GOODFELLAS;1
Sagamihara;86;BOOGIE AMELIE;1
Mogiljov;453;IMAGE PRINCESS;1
Satna;288;ESCAPE METROPOLIS;1
Oyo;311;FICTION CHRISTMAS;1
Vicente Lpez;442;HUNTING MUSKETEERS;1
Leshan;803;SLACKER LIAISONS;1
Bergamo;122;CARRIE BUNCH;1
Newcastle;966;WEDDING APOLLO;1
Balaiha;510;LAWLESS VISION;1
Inegl;269;EARRING INSTINCT;1
Trshavn;759;SALUTE APOLLO;1
Jakarta;650;PACIFIC AMISTAD;1
Merlo;100;BROOKLYN DESERT;1
Gijn;329;FORREST SONS;1
Osmaniye;286;ENOUGH RAGING;1
Yerevan;154;CLASH FREDDY;1
Johannesburg;942;VIETNAM SMOOCHY;1
Kaduna;200;CURTAIN VIDEOTAPE;1
Po;117;CANDLES GRAPES;1
Bhopal;764;SATURDAY LAMBS;1
Dadu;67;BERETS AGENT;1
Allende;307;FELLOWSHIP AUTUMN;1
Adoni;494;KARATE MOON;1
Shivapuri;766;SAVANNAH TOWN;1
Nantou;345;GABLES METROPOLIS;1
Graz;321;FLASH WARS;1
Lungtan;578;MILLION ACE;1
Ljubertsy;901;TRACY CIDER;1
Vijayawada;397;HANKY OCTOBER;1
Nabereznyje Telny;89;BORROWERS BEDAZZLED;1
Szkesfehrvr;785;SHAWSHANK BUBBLE;1
Charlotte Amalie;510;LAWLESS VISION;1
Malm;220;DEER VIRGINIAN;1
Dos Quebradas;898;TOURIST PELICAN;1
London;203;DAISY MENAGERIE;1
Sambhal;989;WORKING MICROCOSMOS;1
Hubli-Dharwad;673;PERSONAL LADYBUGS;1
Songkhla;220;DEER VIRGINIAN;1
Nyeri;930;VACATION BOONDOCK;1
Konotop;272;EDGE KISSING;1
Braslia;464;INTENTIONS EMPIRE;1
Jedda;807;SLEUTH ORIENT;1
Vitria de Santo Anto;438;HUMAN GRAFFITI;1
Okara;740;ROLLERCOASTER BRINGING;1
Korolev;944;VIRGIN DAISY;1
Benin City;620;NEMO CAMPUS;1
Kimchon;821;SORORITY QUEEN;1
Jaroslavl;560;MARS ROMAN;1
Deba Habe;183;CONVERSATION DOWNHILL;1
Valparai;724;REMEMBER DIARY;1
La Paz;406;HAUNTING PIANIST;1
Karnal;862;SUMMER SCARFACE;1
Nha Trang;42;ARTIST COLDBLOODED;1
Greensboro;1000;ZORRO ARK;1
Sambhal;447;ICE CROSSING;1
Vaduz;717;REAR TRADING;1
Molodetno;233;DISCIPLE MOTHER;1
Garden Grove;109;BUTTERFLY CHOCOLAT;1
Mexicali;715;RANGE MOONWALKER;1
Sorocaba;491;JUMPING WRATH;1
Dadu;204;DALMATIONS SWEDEN;1
Owo;267;EAGLES PANKY;1
Zapopan;245;DOUBLE WRATH;1
Shanwei;558;MANNEQUIN WORST;1
Cuman;760;SAMURAI LION;1
Qinhuangdao;297;EXTRAORDINARY CONQUERER;1
Stockport;10;ALADDIN CALENDAR;1
Moscow;55;BARBARELLA STREETCAR;1
Changhwa;309;FEUD FROGMEN;1
Ruse;32;APOCALYPSE FLAMINGOS;1
Ilorin;668;PEAK FOREVER;1
Gorontalo;434;HORROR REIGN;1
Jos Azueta;16;ALLEY EVOLUTION;1
Akron;341;FROST HEAD;1
Toulouse;970;WESTWARD SEABISCUIT;1
Ruse;637;OPEN AFRICAN;1
Syrakusa;204;DALMATIONS SWEDEN;1
Boksburg;429;HONEY TIES;1
Garland;313;FIDELITY DEVIL;1
Roanoke;681;PIRATES ROXANNE;1
Bislig;901;TRACY CIDER;1
Rustenburg;322;FLATLINERS KILLER;1
Vancouver;110;CABIN FLASH;1
Qomsheh;97;BRIDE INTRIGUE;1
Almirante Brown;835;SPY MILE;1
Emeishan;422;HOLLOW JEOPARDY;1
Nezahualcyotl;191;CROOKED FROGMEN;1
al-Hawiya;463;INSTINCT AIRPORT;1
Maikop;724;REMEMBER DIARY;1
Bilbays;349;GANGS PRIDE;1
Oulu;556;MALTESE HOPE;1
Witten;704;PURE RUNNER;1
Soshanguve;823;SOUTH WAIT;1
Alessandria;90;BOULEVARD MOB;1
Bergamo;578;MILLION ACE;1
Firozabad;821;SORORITY QUEEN;1
Cheju;767;SCALAWAG DUCK;1
Siliguri (Shiliguri);456;INCH JET;1
Santo Andr;991;WORST BANGER;1
San Juan Bautista Tuxtepec;931;VALENTINE VANISHING;1
Santiago de los Caballeros;739;ROCKY WAR;1
Le Mans;131;CENTER DINOSAUR;1
York;272;EDGE KISSING;1
Tel Aviv-Jaffa;665;PATTON INTERVIEW;1
Duisburg;104;BUGSY SONG;1
Tabriz;450;IDOLS SNATCHERS;1
Jaipur;773;SEABISCUIT PUNK;1
Nezahualcyotl;775;SEATTLE EXPECATIONS;1
Botosani;253;DRIFTER COMMANDMENTS;1
Springs;263;DURHAM PANKY;1
Nuuk;593;MONTEREY LABYRINTH;1
Kuching;973;WIFE TURN;1
Otsu;23;ANACONDA CONFESSIONS;1
Czestochowa;651;PACKER MADIGAN;1
Monclova;974;WILD APOLLO;1
Roanoke;724;REMEMBER DIARY;1
Aparecida de Goinia;46;AUTUMN CROW;1
San Bernardino;891;TIMBERLAND SKY;1
Sullana;710;RAGE GAMES;1
So Bernardo do Campo;323;FLIGHT LIES;1
Masqat;830;SPIRIT FLINTSTONES;1
Weifang;248;DOZEN LION;1
Botosani;67;BERETS AGENT;1
Joliet;569;MENAGERIE RUSHMORE;1
Niznekamsk;545;MADNESS ATTACKS;1
Gandhinagar;496;KICK SAVANNAH;1
Papeete;357;GILBERT PELICAN;1
Tuguegarao;857;STRICTLY SCARFACE;1
Stara Zagora;460;INNOCENT USUAL;1
San Bernardino;471;ISLAND EXORCIST;1
Uruapan;388;GUNFIGHT MOON;1
Charlotte Amalie;814;SNATCH SLIPPER;1
Karnal;974;WILD APOLLO;1
Olomouc;167;COMA HEAD;1
Alvorada;226;DESTINY SATURDAY;1
Mysore;262;DUMBO LUST;1
Denizli;779;SENSE GREEK;1
Benin City;67;BERETS AGENT;1
Bamenda;352;GATHERING CALENDAR;1
Okara;738;ROCKETEER MOTHER;1
Vancouver;444;HUSTLER PARTY;1
Bandar Seri Begawan;228;DETECTIVE VISION;1
Tanza;769;SCHOOL JACKET;1
Addis Abeba;609;MUSCLE BRIGHT;1
Abu Dhabi;481;JEKYLL FROGMEN;1
Kurgan;842;STATE WASTELAND;1
Yerevan;680;PINOCCHIO SIMON;1
Salamanca;350;GARDEN ISLAND;1
Najafabad;16;ALLEY EVOLUTION;1
Yerevan;483;JERICHO MULAN;1
Bhusawal;924;UNFORGIVEN ZOOLANDER;1
South Hill;153;CITIZEN SHREK;1
Batman;23;ANACONDA CONFESSIONS;1
Maring;12;ALASKA PHANTOM;1
Tarlac;147;CHOCOLAT HARRY;1
Valparai;611;MUSKETEERS WAIT;1
Compton;463;INSTINCT AIRPORT;1
Arak;808;SLING LUKE;1
Baku;744;ROOTS REMEMBER;1
Hohhot;917;TUXEDO MILE;1
Yuzhou;735;ROBBERS JOON;1
Sungai Petani;244;DORADO NOTTING;1
Klerksdorp;93;BRANNIGAN SUNRISE;1
Munger (Monghyr);69;BEVERLY OUTLAW;1
Ikerre;55;BARBARELLA STREETCAR;1
Nakhon Sawan;704;PURE RUNNER;1
Gatineau;648;OUTLAW HANKY;1
Laiwu;756;SADDLE ANTITRUST;1
Pjatigorsk;611;MUSKETEERS WAIT;1
Kanazawa;635;OKLAHOMA JUMANJI;1
Tongliao;705;PURPLE MOVIE;1
Monclova;334;FREDDY STORM;1
Hidalgo;989;WORKING MICROCOSMOS;1
Probolinggo;825;SPEAKEASY DATE;1
Meixian;893;TITANS JERK;1
Belm;963;WATCH TRACY;1
Fontana;376;GRAPES FURY;1
Mannheim;964;WATERFRONT DELIVERANCE;1
Hohhot;80;BLANKET BEVERLY;1
Mandaluyong;557;MANCHURIAN CURTAIN;1
Tandil;546;MADRE GABLES;1
Ipoh;475;JAPANESE RUN;1
Rae Bareli;489;JUGGLER HARDLY;1
Le Mans;619;NEIGHBORS CHARADE;1
Szkesfehrvr;151;CINCINATTI WHISPERER;1
Vilnius;524;LION UNCUT;1
Mukateve;882;TENENBAUMS COMMAND;1
Mexicali;850;STORY SIDE;1
Laiwu;208;DARES PLUTO;1
Guaruj;356;GIANT TROOPERS;1
Kakamigahara;920;UNBREAKABLE KARATE;1
Matamoros;677;PIANIST OUTFIELD;1
Olomouc;25;ANGELS LIFE;1
Kragujevac;424;HOLOCAUST HIGHBALL;1
San Bernardino;142;CHICKEN HELLFIGHTERS;1
Jodhpur;78;BLACKOUT PRIVATE;1
Carmen;122;CARRIE BUNCH;1
Shimoga;894;TOMATOES HELLFIGHTERS;1
Ueda;246;DOUBTFIRE LABYRINTH;1
Mwanza;869;SUSPECTS QUILLS;1
Vitria de Santo Anto;191;CROOKED FROGMEN;1
Pontianak;433;HORN WORKING;1
Patiala;263;DURHAM PANKY;1
Inegl;680;PINOCCHIO SIMON;1
Citt del Vaticano;758;SAINTS BRIDE;1
Kaduna;174;CONFIDENTIAL INTERVIEW;1
Leshan;411;HEAVENLY GUN;1
Xiangfan;765;SATURN NAME;1
Nanyang;60;BEAST HUNCHBACK;1
Sasebo;709;RACER EGG;1
Nagareyama;595;MOON BUNCH;1
Jhansi;526;LOCK REAR;1
Peoria;213;DATE SPEED;1
Kurashiki;579;MINDS TRUMAN;1
Celaya;85;BONNIE HOLOCAUST;1
Springs;482;JEOPARDY ENCINO;1
Zhoushan;551;MAIDEN HOME;1
Yingkou;254;DRIVER ANNIE;1
al-Hawiya;647;OUTFIELD MASSACRE;1
Tuguegarao;4;AFFAIR PREJUDICE;1
Mandi Bahauddin;665;PATTON INTERVIEW;1
Mandi Bahauddin;586;MOCKINGBIRD HOLLYWOOD;1
Usak;509;LANGUAGE COWBOY;1
Toulouse;623;NEWTON LABYRINTH;1
Masqat;196;CRUELTY UNFORGIVEN;1
Chandrapur;255;DRIVING POLISH;1
Lungtan;989;WORKING MICROCOSMOS;1
Esfahan;486;JET NEIGHBORS;1
Liaocheng;967;WEEKEND PERSONAL;1
Onomichi;273;EFFECT GLADIATOR;1
Crdoba;4;AFFAIR PREJUDICE;1
Moscow;551;MAIDEN HOME;1
London;911;TRIP NEWTON;1
Omdurman;864;SUNDANCE INVASION;1
Satna;531;LOSE INCH;1
Phnom Penh;317;FIREBALL PHILADELPHIA;1
Songkhla;346;GALAXY SWEETHEARTS;1
El Fuerte;745;ROSES TREASURE;1
Toulouse;34;ARABIA DOGMA;1
Cabuyao;21;AMERICAN CIRCUS;1
Cape Coral;709;RACER EGG;1
Uttarpara-Kotrung;415;HIGH ENCINO;1
Tabora;123;CASABLANCA SUPER;1
Bratislava;532;LOSER HUSTLER;1
Allappuzha (Alleppey);825;SPEAKEASY DATE;1
Goinia;370;GORGEOUS BINGO;1
Zanzibar;832;SPLASH GUMP;1
Lima;494;KARATE MOON;1
Tel Aviv-Jaffa;689;POLLOCK DELIVERANCE;1
Elista;889;TIES HUNGER;1
Barcelona;162;CLUELESS BUCKET;1
Kingstown;415;HIGH ENCINO;1
Purnea (Purnia);252;DREAM PICKUP;1
Kaliningrad;973;WIFE TURN;1
London;339;FROGMEN BREAKING;1
Datong;395;HANDICAP BOONDOCK;1
Ponce;757;SAGEBRUSH CLUELESS;1
Rae Bareli;119;CAPER MOTIONS;1
Bilbays;487;JINGLE SAGEBRUSH;1
Bratislava;101;BROTHERHOOD BLANKET;1
Mogiljov;140;CHEAPER CLYDE;1
Molodetno;281;ENCINO ELF;1
Halifax;249;DRACULA CRYSTAL;1
Kermanshah;119;CAPER MOTIONS;1
Xinxiang;389;GUNFIGHTER MUSSOLINI;1
Beni-Mellal;423;HOLLYWOOD ANONYMOUS;1
Iwatsuki;225;DESTINATION JERK;1
Tychy;951;VOYAGE LEGALLY;1
Clarksville;167;COMA HEAD;1
Kakamigahara;219;DEEP CRUSADE;1
Mosul;189;CREATURES SHAKESPEARE;1
Santiago de los Caballeros;199;CUPBOARD SINNERS;1
Shimonoseki;680;PINOCCHIO SIMON;1
Jelets;474;JADE BUNCH;1
Bag;977;WINDOW SIDE;1
Tambaram;154;CLASH FREDDY;1
Skikda;931;VALENTINE VANISHING;1
La Plata;176;CONGENIALITY QUEST;1
Haldia;303;FANTASY TROOPERS;1
Molodetno;561;MASK PEACH;1
Karnal;103;BUCKET BROTHERHOOD;1
Mwanza;442;HUNTING MUSKETEERS;1
Bhusawal;356;GIANT TROOPERS;1
Tandil;436;HOURS RAGE;1
Sogamoso;134;CHAMPION FLATLINERS;1
El Fuerte;548;MAGNIFICENT CHITTY;1
Pontianak;724;REMEMBER DIARY;1
Qomsheh;951;VOYAGE LEGALLY;1
Peoria;115;CAMPUS REMEMBER;1
Salinas;86;BOOGIE AMELIE;1
Pangkal Pinang;247;DOWNHILL ENOUGH;1
Salzburg;51;BALLOON HOMEWARD;1
Jhansi;330;FORRESTER COMANCHEROS;1
Lancaster;324;FLINTSTONES HAPPINESS;1
Iwaki;418;HOBBIT ALIEN;1
Monywa;45;ATTRACTION NEWTON;1
Sharja;64;BEETHOVEN EXORCIST;1
Suihua;850;STORY SIDE;1
Elista;619;NEIGHBORS CHARADE;1
Ranchi;474;JADE BUNCH;1
Jaipur;191;CROOKED FROGMEN;1
Chiayi;78;BLACKOUT PRIVATE;1
York;25;ANGELS LIFE;1
Esfahan;840;STAMPEDE DISTURBING;1
Sorocaba;984;WONDERFUL DROP;1
Sunnyvale;473;JACKET FRISCO;1
Uttarpara-Kotrung;101;BROTHERHOOD BLANKET;1
Dzerzinsk;760;SAMURAI LION;1
Ede;98;BRIGHT ENCOUNTERS;1
Santa Brbara dOeste;203;DAISY MENAGERIE;1
Sorocaba;992;WRATH MILE;1
Faaa;937;VARSITY TRIP;1
Clarksville;329;FORREST SONS;1
Cuautla;915;TRUMAN CRAZY;1
Zeleznogorsk;197;CRUSADE HONEY;1
El Fuerte;15;ALIEN CENTER;1
Funafuti;580;MINE TITANS;1
Springs;231;DINOSAUR SECRETARY;1
Kurashiki;756;SADDLE ANTITRUST;1
s-Hertogenbosch;673;PERSONAL LADYBUGS;1
Cape Coral;201;CYCLONE FAMILY;1
Pangkal Pinang;222;DESERT POSEIDON;1
Munger (Monghyr);447;ICE CROSSING;1
Cayenne;3;ADAPTATION HOLES;1
Lhokseumawe;738;ROCKETEER MOTHER;1
Boksburg;427;HOMEWARD CIDER;1
Almirante Brown;810;SLUMS DUCK;1
Kuwana;255;DRIVING POLISH;1
Celaya;958;WARDROBE PHANTOM;1
Araatuba;599;MOTHER OLEANDER;1
Bislig;718;REBEL AIRPORT;1
Ruse;158;CLONES PINOCCHIO;1
Kaliningrad;805;SLEEPLESS MONSOON;1
Ciomas;571;METAL ARMAGEDDON;1
Jining;466;INTOLERABLE INTENTIONS;1
Bydgoszcz;933;VAMPIRE WHALE;1
Florencia;749;RULES HUMAN;1
Korolev;410;HEAVEN FREEDOM;1
Munger (Monghyr);841;STAR OPERATION;1
Patras;181;CONTACT ANONYMOUS;1
Chatsworth;247;DOWNHILL ENOUGH;1
Goinia;265;DYING MAKER;1
Batman;991;WORST BANGER;1
London;280;EMPIRE MALKOVICH;1
Shimoga;518;LIAISONS SWEET;1
Kirovo-Tepetsk;584;MIXED DOORS;1
Santa Brbara dOeste;313;FIDELITY DEVIL;1
Yinchuan;356;GIANT TROOPERS;1
Loja;770;SCISSORHANDS SLUMS;1
Juiz de Fora;711;RAGING AIRPLANE;1
Livorno;503;KRAMER CHOCOLATE;1
Tsuyama;968;WEREWOLF LOLA;1
Boa Vista;91;BOUND CHEAPER;1
Rockford;155;CLEOPATRA DEVIL;1
Tychy;552;MAJESTIC FLOATS;1
Coatzacoalcos;889;TIES HUNGER;1
Osmaniye;216;DAY UNFAITHFUL;1
Sultanbeyli;116;CANDIDATE PERDITION;1
Benguela;675;PHANTOM GLORY;1
Benguela;401;HAROLD FRENCH;1
Iwakuni;71;BILKO ANONYMOUS;1
Valparai;968;WEREWOLF LOLA;1
Bhilwara;357;GILBERT PELICAN;1
Novoterkassk;101;BROTHERHOOD BLANKET;1
Vancouver;434;HORROR REIGN;1
Carmen;423;HOLLYWOOD ANONYMOUS;1
Rae Bareli;456;INCH JET;1
Lengshuijiang;727;RESURRECTION SILVERADO;1
Botosani;657;PARADISE SABRINA;1
Xintai;345;GABLES METROPOLIS;1
Santa F;576;MIGHTY LUCK;1
Lancaster;342;FUGITIVE MAGUIRE;1
Changhwa;424;HOLOCAUST HIGHBALL;1
Mosul;870;SWARM GOLD;1
Klerksdorp;797;SILENCE KANE;1
Nyeri;585;MOB DUFFEL;1
Salala;757;SAGEBRUSH CLUELESS;1
Hanoi;934;VANILLA DAY;1
Mannheim;183;CONVERSATION DOWNHILL;1
Jinchang;614;NAME DETECTIVE;1
Parbhani;311;FICTION CHRISTMAS;1
Lengshuijiang;15;ALIEN CENTER;1
Valle de la Pascua;649;OZ LIAISONS;1
Katihar;463;INSTINCT AIRPORT;1
Esfahan;678;PICKUP DRIVING;1
Fontana;300;FALCON VOLUME;1
Mwene-Ditu;244;DORADO NOTTING;1
Soshanguve;872;SWEET BROTHERHOOD;1
Merlo;668;PEAK FOREVER;1
San Lorenzo;296;EXPRESS LONELY;1
Sunnyvale;410;HEAVEN FREEDOM;1
Fukuyama;328;FOREVER CANDIDATE;1
Vilnius;877;TAXI KICK;1
Plock;884;TERMINATOR CLUB;1
Mukateve;45;ATTRACTION NEWTON;1
Jaipur;827;SPICE SORORITY;1
Rustenburg;971;WHALE BIKINI;1
Torren;165;COLDBLOODED DARLING;1
Shivapuri;445;HYDE DOCTOR;1
NDjamna;322;FLATLINERS KILLER;1
Ashgabat;28;ANTHEM LUKE;1
Brescia;932;VALLEY PACKER;1
Shaoguan;556;MALTESE HOPE;1
Sambhal;707;QUEST MUSSOLINI;1
Sagamihara;740;ROLLERCOASTER BRINGING;1
Arlington;203;DAISY MENAGERIE;1
Banjul;226;DESTINY SATURDAY;1
Daugavpils;841;STAR OPERATION;1
Tychy;748;RUGRATS SHAKESPEARE;1
Taguig;717;REAR TRADING;1
Nakhon Sawan;59;BEAR GRACELAND;1
Yuzhou;563;MASSACRE USUAL;1
Kragujevac;664;PATRIOT ROMAN;1
Fuyu;592;MONSTER SPARTACUS;1
Jurez;706;QUEEN LUKE;1
Sal;256;DROP WATERFRONT;1
Bratislava;396;HANGING DEEP;1
Dzerzinsk;901;TRACY CIDER;1
Okara;554;MALKOVICH PET;1
Mit Ghamr;786;SHEPHERD MIDSUMMER;1
Higashiosaka;672;PERFECT GROOVE;1
Le Mans;898;TOURIST PELICAN;1
Bag;337;FRIDA SLIPPER;1
Dhule (Dhulia);968;WEREWOLF LOLA;1
Changzhou;963;WATCH TRACY;1
Blumenau;506;LADY STAGE;1
Hodeida;182;CONTROL ANTHEM;1
Saarbrcken;183;CONVERSATION DOWNHILL;1
Toulon;606;MUMMY CREATURES;1
Yangor;104;BUGSY SONG;1
Johannesburg;846;STING PERSONAL;1
Jalib al-Shuyukh;920;UNBREAKABLE KARATE;1
La Plata;307;FELLOWSHIP AUTUMN;1
Shikarpur;209;DARKNESS WAR;1
Belm;822;SOUP WISDOM;1
Fengshan;470;ISHTAR ROCKETEER;1
Mandaluyong;222;DESERT POSEIDON;1
Jinzhou;645;OTHERS SOUP;1
York;289;EVE RESURRECTION;1
Ashgabat;230;DIARY PANIC;1
Alessandria;519;LIBERTY MAGNIFICENT;1
Battambang;961;WASH HEAVENLY;1
Jaipur;646;OUTBREAK DIVINE;1
Isesaki;775;SEATTLE EXPECATIONS;1
Guadalajara;502;KNOCK WARLOCK;1
Ashgabat;295;EXPENDABLE STALLION;1
Bellevue;291;EVOLUTION ALTER;1
Uruapan;749;RULES HUMAN;1
Benin City;804;SLEEPING SUSPECTS;1
Saint-Denis;37;ARIZONA BANG;1
Lengshuijiang;369;GOODFELLAS SALUTE;1
Boa Vista;336;FRENCH HOLIDAY;1
Ciudad del Este;976;WIND PHANTOM;1
Sal;779;SENSE GREEK;1
Yingkou;730;RIDGEMONT SUBMARINE;1
Battambang;924;UNFORGIVEN ZOOLANDER;1
Bergamo;445;HYDE DOCTOR;1
Kansas City;949;VOLCANO TEXAS;1
Iligan;738;ROCKETEER MOTHER;1
Rustenburg;920;UNBREAKABLE KARATE;1
Omdurman;953;WAIT CIDER;1
Chisinau;304;FARGO GANDHI;1
Malm;546;MADRE GABLES;1
Davao;609;MUSCLE BRIGHT;1
Saint-Denis;231;DINOSAUR SECRETARY;1
Rampur;934;VANILLA DAY;1
Songkhla;343;FULL FLATLINERS;1
Ife;11;ALAMO VIDEOTAPE;1
Surakarta;172;CONEHEADS SMOOCHY;1
Cape Coral;68;BETRAYED REAR;1
Xintai;341;FROST HEAD;1
Fukuyama;373;GRADUATE LORD;1
Maikop;319;FISH OPUS;1
Kamarhati;805;SLEEPLESS MONSOON;1
Vicente Lpez;555;MALLRATS UNITED;1
Baiyin;715;RANGE MOONWALKER;1
Hohhot;377;GREASE YOUTH;1
al-Qadarif;766;SAVANNAH TOWN;1
Changhwa;265;DYING MAKER;1
Tabriz;234;DISTURBING SCARFACE;1
Gijn;105;BULL SHAWSHANK;1
Korla;652;PAJAMA JAWBREAKER;1
Newcastle;624;NIGHTMARE CHILL;1
Ashdod;99;BRINGING HYSTERICAL;1
Shanwei;815;SNATCHERS MONTEZUMA;1
Rustenburg;953;WAIT CIDER;1
Avellaneda;289;EVE RESURRECTION;1
Karnal;412;HEAVYWEIGHTS BEAST;1
Tongliao;254;DRIVER ANNIE;1
Changzhou;983;WON DARES;1
Santa Brbara dOeste;895;TOMORROW HUSTLER;1
Yamuna Nagar;357;GILBERT PELICAN;1
Kaliningrad;426;HOME PITY;1
Zalantun;697;PRIMARY GLASS;1
Kisumu;560;MARS ROMAN;1
Jurez;789;SHOCK CABIN;1
Laredo;160;CLUB GRAFFITI;1
Hiroshima;521;LIES TREATMENT;1
Monywa;646;OUTBREAK DIVINE;1
Changzhou;423;HOLLYWOOD ANONYMOUS;1
Purnea (Purnia);490;JUMANJI BLADE;1
Matamoros;804;SLEEPING SUSPECTS;1
Elista;48;BACKLASH UNDEFEATED;1
Sivas;774;SEARCHERS WAIT;1
Vila Velha;50;BAKED CLEOPATRA;1
Nagareyama;771;SCORPION APOLLO;1
Zaoyang;167;COMA HEAD;1
Lima;308;FERRIS MOTHER;1
Rampur;521;LIES TREATMENT;1
Rajkot;226;DESTINY SATURDAY;1
Vitria de Santo Anto;83;BLUES INSTINCT;1
Yantai;366;GOLDFINGER SENSIBILITY;1
Pingxiang;301;FAMILY SWEET;1
Salamanca;67;BERETS AGENT;1
Amersfoort;833;SPLENDOR PATTON;1
Boa Vista;139;CHASING FIGHT;1
Manchester;412;HEAVYWEIGHTS BEAST;1
Simferopol;852;STRANGELOVE DESIRE;1
Bag;741;ROMAN PUNK;1
Tuguegarao;224;DESPERATE TRAINSPOTTING;1
Ahmadnagar;306;FEATHERS METAL;1
Vijayawada;375;GRAIL FRANKENSTEIN;1
Jelets;829;SPINAL ROCKY;1
Chatsworth;67;BERETS AGENT;1
Siliguri (Shiliguri);846;STING PERSONAL;1
Johannesburg;453;IMAGE PRINCESS;1
Kansas City;377;GREASE YOUTH;1
Valle de la Pascua;835;SPY MILE;1
Jinzhou;641;ORANGE GRAPES;1
Meixian;406;HAUNTING PIANIST;1
Salzburg;403;HARRY IDAHO;1
Namibe;109;BUTTERFLY CHOCOLAT;1
Idfu;98;BRIGHT ENCOUNTERS;1
Avellaneda;615;NASH CHOCOLAT;1
Cavite;942;VIETNAM SMOOCHY;1
Bchar;976;WIND PHANTOM;1
Yantai;969;WEST LION;1
Chandrapur;504;KWAI HOMEWARD;1
Hamilton;521;LIES TREATMENT;1
Laredo;626;NOON PAPI;1
Lengshuijiang;421;HOLIDAY GAMES;1
Memphis;601;MOULIN WAKE;1
Malm;578;MILLION ACE;1
Brindisi;970;WESTWARD SEABISCUIT;1
Ziguinchor;546;MADRE GABLES;1
Bhimavaram;648;OUTLAW HANKY;1
Toulouse;658;PARIS WEEKEND;1
Kamjanets-Podilskyi;373;GRADUATE LORD;1
Satna;199;CUPBOARD SINNERS;1
Tama;792;SHREK LICENSE;1
Changhwa;806;SLEEPY JAPANESE;1
Beira;901;TRACY CIDER;1
Uijongbu;735;ROBBERS JOON;1
Nantou;870;SWARM GOLD;1
Kragujevac;15;ALIEN CENTER;1
Mukateve;322;FLATLINERS KILLER;1
Kurashiki;331;FORWARD TEMPLE;1
Skikda;239;DOGMA FAMILY;1
Emeishan;990;WORLD LEATHERNECKS;1
Ogbomosho;871;SWEDEN SHINING;1
Lungtan;625;NONE SPIKING;1
Almirante Brown;103;BUCKET BROTHERHOOD;1
Aparecida de Goinia;538;LOVERBOY ATTACKS;1
Tandil;821;SORORITY QUEEN;1
Nantou;941;VIDEOTAPE ARSENIC;1
Sanya;913;TROOPERS METAL;1
Zanzibar;502;KNOCK WARLOCK;1
Ahmadnagar;172;CONEHEADS SMOOCHY;1
Dzerzinsk;931;VALENTINE VANISHING;1
Bayugan;464;INTENTIONS EMPIRE;1
Akishima;782;SHAKESPEARE SADDLE;1
Dhaka;484;JERK PAYCHECK;1
Czestochowa;229;DEVIL DESIRE;1
Varanasi (Benares);512;LEAGUE HELLFIGHTERS;1
Halisahar;991;WORST BANGER;1
Nagaon;255;DRIVING POLISH;1
Saint-Denis;831;SPIRITED CASUALTIES;1
Mandi Bahauddin;472;ITALIAN AFRICAN;1
Inegl;327;FOOL MOCKINGBIRD;1
Jalib al-Shuyukh;970;WESTWARD SEABISCUIT;1
Omiya;952;WAGON JAWS;1
Southport;522;LIFE TWISTED;1
Patras;923;UNFAITHFUL KILL;1
Akishima;328;FOREVER CANDIDATE;1
Aden;768;SCARFACE BANG;1
San Felipe del Progreso;376;GRAPES FURY;1
Tabriz;111;CADDYSHACK JEDI;1
Caracas;281;ENCINO ELF;1
Ife;443;HURRICANE AFFAIR;1
Omdurman;870;SWARM GOLD;1
Dos Quebradas;299;FACTORY DRAGON;1
Haining;811;SMILE EARRING;1
Southampton;706;QUEEN LUKE;1
Liaocheng;496;KICK SAVANNAH;1
Elista;460;INNOCENT USUAL;1
Ilorin;848;STONE FIRE;1
Jos Azueta;462;INSIDER ARIZONA;1
Aurora;773;SEABISCUIT PUNK;1
Saint Louis;140;CHEAPER CLYDE;1
Haiphong;75;BIRD INDEPENDENCE;1
Kuching;434;HORROR REIGN;1
Halle/Saale;649;OZ LIAISONS;1
Kowloon and New Kowloon;376;GRAPES FURY;1
Oulu;245;DOUBLE WRATH;1
Crdoba;951;VOYAGE LEGALLY;1
Olomouc;469;IRON MOON;1
Kamyin;18;ALTER VICTORY;1
Tarsus;52;BALLROOM MOCKINGBIRD;1
Xiangtan;408;HEAD STRANGER;1
Lhokseumawe;12;ALASKA PHANTOM;1
Gingoog;508;LAMBS CINCINATTI;1
Coacalco de Berriozbal;554;MALKOVICH PET;1
Yerevan;567;MEET CHOCOLATE;1
Kowloon and New Kowloon;27;ANONYMOUS HUMAN;1
Vitria de Santo Anto;603;MOVIE SHAKESPEARE;1
Hamilton;882;TENENBAUMS COMMAND;1
Firozabad;691;POSEIDON FOREVER;1
Ueda;814;SNATCH SLIPPER;1
Liepaja;109;BUTTERFLY CHOCOLAT;1
Sogamoso;624;NIGHTMARE CHILL;1
Ciomas;748;RUGRATS SHAKESPEARE;1
Suihua;135;CHANCE RESURRECTION;1
Cabuyao;602;MOURNING PURPLE;1
Pavlodar;64;BEETHOVEN EXORCIST;1
Haiphong;685;PLATOON INSTINCT;1
Bhilwara;776;SECRET GROUNDHOG;1
Eskisehir;322;FLATLINERS KILLER;1
Ezeiza;382;GRIT CLOCKWORK;1
Birgunj;648;OUTLAW HANKY;1
Chisinau;491;JUMPING WRATH;1
Smolensk;645;OTHERS SOUP;1
Angra dos Reis;63;BEDAZZLED MARRIED;1
Surakarta;810;SLUMS DUCK;1
Nanyang;150;CIDER DESIRE;1
Nakhon Sawan;854;STRANGERS GRAFFITI;1
Ponce;800;SINNERS ATLANTIS;1
Charlotte Amalie;364;GODFATHER DIARY;1
Trshavn;73;BINGO TALENTED;1
Omdurman;683;PITY BOUND;1
Le Mans;370;GORGEOUS BINGO;1
Hanoi;218;DECEIVER BETRAYED;1
Owo;193;CROSSROADS CASUALTIES;1
guas Lindas de Gois;760;SAMURAI LION;1
Bucuresti;292;EXCITEMENT EVE;1
Salzburg;603;MOVIE SHAKESPEARE;1
Bucuresti;363;GO PURPLE;1
Bergamo;753;RUSH GOODFELLAS;1
Banjul;648;OUTLAW HANKY;1
Addis Abeba;18;ALTER VICTORY;1
Simferopol;82;BLOOD ARGONAUTS;1
Sagamihara;370;GORGEOUS BINGO;1
Ueda;620;NEMO CAMPUS;1
Tartu;191;CROOKED FROGMEN;1
Jining;106;BULWORTH COMMANDMENTS;1
Rancagua;527;LOLA AGENT;1
Barcelona;129;CAUSE DATE;1
Miyakonojo;409;HEARTBREAKERS BRIGHT;1
Yinchuan;90;BOULEVARD MOB;1
Bucuresti;821;SORORITY QUEEN;1
Daugavpils;158;CLONES PINOCCHIO;1
Ocumare del Tuy;627;NORTH TEQUILA;1
Ciparay;382;GRIT CLOCKWORK;1
Daxian;320;FLAMINGOS CONNECTICUT;1
Laiwu;594;MONTEZUMA COMMAND;1
Sasebo;924;UNFORGIVEN ZOOLANDER;1
al-Qadarif;529;LONELY ELEPHANT;1
Guaruj;150;CIDER DESIRE;1
Cuautla;485;JERSEY SASSY;1
Batna;85;BONNIE HOLOCAUST;1
Cayenne;717;REAR TRADING;1
Patras;378;GREATEST NORTH;1
Udine;890;TIGHTS DAWN;1
Soshanguve;901;TRACY CIDER;1
Jastrzebie-Zdrj;452;ILLUSION AMELIE;1
Erlangen;365;GOLD RIVER;1
Changhwa;121;CAROL TEXAS;1
Ziguinchor;422;HOLLOW JEOPARDY;1
Birgunj;680;PINOCCHIO SIMON;1
Kamakura;843;STEEL SANTA;1
Arecibo;746;ROUGE SQUAD;1
Lhokseumawe;396;HANGING DEEP;1
Soshanguve;193;CROSSROADS CASUALTIES;1
Kolpino;688;POLISH BROOKLYN;1
Nuuk;681;PIRATES ROXANNE;1
Akron;854;STRANGERS GRAFFITI;1
Uttarpara-Kotrung;791;SHOW LORD;1
Osmaniye;135;CHANCE RESURRECTION;1
Okara;773;SEABISCUIT PUNK;1
Kragujevac;953;WAIT CIDER;1
Mexicali;30;ANYTHING SAVANNAH;1
Saint-Denis;694;PREJUDICE OLEANDER;1
Yamuna Nagar;735;ROBBERS JOON;1
Batman;838;STAGECOACH ARMAGEDDON;1
Vaduz;377;GREASE YOUTH;1
Changhwa;691;POSEIDON FOREVER;1
Shahr-e Kord;681;PIRATES ROXANNE;1
Arecibo;949;VOLCANO TEXAS;1
Baicheng;329;FORREST SONS;1
Escobar;336;FRENCH HOLIDAY;1
Tabuk;938;VELVET TERMINATOR;1
Sambhal;114;CAMELOT VACATION;1
El Fuerte;21;AMERICAN CIRCUS;1
Jos Azueta;105;BULL SHAWSHANK;1
Malm;618;NECKLACE OUTBREAK;1
Santa Rosa;972;WHISPERER GIANT;1
Nantou;22;AMISTAD MIDSUMMER;1
Boa Vista;877;TAXI KICK;1
Lilongwe;8;AIRPORT POLLOCK;1
Juazeiro do Norte;947;VISION TORQUE;1
Nakhon Sawan;329;FORREST SONS;1
Tete;650;PACIFIC AMISTAD;1
Botshabelo;595;MOON BUNCH;1
Southampton;606;MUMMY CREATURES;1
Chapra;346;GALAXY SWEETHEARTS;1
Ondo;878;TEEN APOLLO;1
Ponce;590;MONEY HAROLD;1
Bern;292;EXCITEMENT EVE;1
Uluberia;303;FANTASY TROOPERS;1
Botshabelo;137;CHARADE DUFFEL;1
Tartu;236;DIVINE RESURRECTION;1
Yuncheng;219;DEEP CRUSADE;1
Emeishan;694;PREJUDICE OLEANDER;1
Abu Dhabi;797;SILENCE KANE;1
Pangkal Pinang;124;CASPER DRAGONFLY;1
Bydgoszcz;806;SLEEPY JAPANESE;1
Funafuti;864;SUNDANCE INVASION;1
Robamba;31;APACHE DIVINE;1
Emeishan;502;KNOCK WARLOCK;1
Kolpino;190;CREEPERS KANE;1
Effon-Alaiye;79;BLADE POLISH;1
Bhusawal;402;HARPER DYING;1
San Miguel de Tucumn;111;CADDYSHACK JEDI;1
Brockton;999;ZOOLANDER FICTION;1
Brest;210;DARKO DORADO;1
Kowloon and New Kowloon;486;JET NEIGHBORS;1
Adoni;828;SPIKING ELEMENT;1
Amroha;922;UNDEFEATED DALMATIONS;1
Cuautla;368;GONE TROUBLE;1
Pyongyang;650;PACIFIC AMISTAD;1
Surakarta;921;UNCUT SUICIDES;1
Urawa;960;WARS PLUTO;1
Ezeiza;286;ENOUGH RAGING;1
Imus;508;LAMBS CINCINATTI;1
Luzinia;949;VOLCANO TEXAS;1
Erlangen;609;MUSCLE BRIGHT;1
Tiefa;169;COMFORTS RUSH;1
Kamakura;527;LOLA AGENT;1
San Lorenzo;193;CROSSROADS CASUALTIES;1
Katihar;138;CHARIOTS CONSPIRACY;1
Usak;94;BRAVEHEART HUMAN;1
Tsaotun;569;MENAGERIE RUSHMORE;1
Santa F;872;SWEET BROTHERHOOD;1
Ziguinchor;923;UNFAITHFUL KILL;1
Soshanguve;49;BADMAN DAWN;1
Acua;508;LAMBS CINCINATTI;1
Jastrzebie-Zdrj;723;REIGN GENTLEMEN;1
Kaliningrad;275;EGYPT TENENBAUMS;1
Hagonoy;223;DESIRE ALIEN;1
Denizli;863;SUN CONFESSIONS;1
Atinsk;748;RUGRATS SHAKESPEARE;1
Kitwe;859;SUGAR WONKA;1
Ivanovo;320;FLAMINGOS CONNECTICUT;1
Emmen;912;TROJAN TOMORROW;1
Papeete;989;WORKING MICROCOSMOS;1
Southampton;717;REAR TRADING;1
Graz;55;BARBARELLA STREETCAR;1
Najafabad;596;MOONSHINE CABIN;1
Hsichuh;232;DIRTY ACE;1
Ogbomosho;763;SATISFACTION CONFIDENTIAL;1
Mandaluyong;648;OUTLAW HANKY;1
Banjul;184;CORE SUIT;1
Tanza;175;CONFUSED CANDLES;1
Sanaa;180;CONSPIRACY SPIRIT;1
Sasebo;539;LUCK OPUS;1
Yaound;275;EGYPT TENENBAUMS;1
Probolinggo;200;CURTAIN VIDEOTAPE;1
Kanchrapara;341;FROST HEAD;1
Toulouse;628;NORTHWEST POLISH;1
Kumbakonam;486;JET NEIGHBORS;1
La Plata;117;CANDLES GRAPES;1
Zaria;784;SHANGHAI TYCOON;1
Balikesir;752;RUNNER MADIGAN;1
Sokoto;287;ENTRAPMENT SATISFACTION;1
Daxian;942;VIETNAM SMOOCHY;1
Allende;233;DISCIPLE MOTHER;1
Salinas;870;SWARM GOLD;1
guas Lindas de Gois;200;CURTAIN VIDEOTAPE;1
al-Hawiya;930;VACATION BOONDOCK;1
Gandhinagar;55;BARBARELLA STREETCAR;1
Battambang;244;DORADO NOTTING;1
Nyeri;938;VELVET TERMINATOR;1
Kaduna;206;DANCING FEVER;1
Ahmadnagar;247;DOWNHILL ENOUGH;1
Akron;416;HIGHBALL POTTER;1
Caracas;916;TURN STAR;1
Dadu;203;DAISY MENAGERIE;1
Charlotte Amalie;1;ACADEMY DINOSAUR;1
Laredo;841;STAR OPERATION;1
Tafuna;6;AGENT TRUMAN;1
Parbhani;788;SHIP WONDERLAND;1
Naju;626;NOON PAPI;1
Effon-Alaiye;836;SQUAD FISH;1
Trshavn;644;OSCAR GOLD;1
San Bernardino;637;OPEN AFRICAN;1
Zapopan;201;CYCLONE FAMILY;1
Leshan;228;DETECTIVE VISION;1
Bhilwara;869;SUSPECTS QUILLS;1
Salala;25;ANGELS LIFE;1
Stara Zagora;554;MALKOVICH PET;1
Imus;334;FREDDY STORM;1
Changzhou;84;BOILED DARES;1
Tianjin;153;CITIZEN SHREK;1
Lengshuijiang;141;CHICAGO NORTH;1
Kalisz;720;REDEMPTION COMFORTS;1
Tychy;153;CITIZEN SHREK;1
Ambattur;244;DORADO NOTTING;1
Hiroshima;910;TREATMENT JEKYLL;1
Qinhuangdao;118;CANYON STOCK;1
Junan;891;TIMBERLAND SKY;1
Balaiha;638;OPERATION OPERATION;1
Ciudad del Este;78;BLACKOUT PRIVATE;1
Higashiosaka;625;NONE SPIKING;1
Bhimavaram;694;PREJUDICE OLEANDER;1
Valencia;676;PHILADELPHIA WIFE;1
Apeldoorn;208;DARES PLUTO;1
Citt del Vaticano;277;ELEPHANT TROJAN;1
Esfahan;563;MASSACRE USUAL;1
Gijn;670;PELICAN COMFORTS;1
Valle de la Pascua;560;MARS ROMAN;1
Binzhou;241;DONNIE ALLEY;1
Taizz;31;APACHE DIVINE;1
Tete;45;ATTRACTION NEWTON;1
Amroha;158;CLONES PINOCCHIO;1
Aurora;191;CROOKED FROGMEN;1
Xintai;101;BROTHERHOOD BLANKET;1
Korla;427;HOMEWARD CIDER;1
Satna;724;REMEMBER DIARY;1
Ponce;779;SENSE GREEK;1
Funafuti;117;CANDLES GRAPES;1
Lincoln;367;GOLDMINE TYCOON;1
Ambattur;588;MODEL FISH;1
Mosul;429;HONEY TIES;1
Uruapan;347;GAMES BOWFINGER;1
Oshawa;416;HIGHBALL POTTER;1
Nabereznyje Telny;473;JACKET FRISCO;1
Dadu;383;GROOVE FICTION;1
Sterling Heights;805;SLEEPLESS MONSOON;1
Sogamoso;566;MAUDE MOD;1
Valparai;989;WORKING MICROCOSMOS;1
Sasebo;316;FIRE WOLVES;1
Kamakura;840;STAMPEDE DISTURBING;1
Springs;816;SNOWMAN ROLLERCOASTER;1
Tegal;697;PRIMARY GLASS;1
Palghat (Palakkad);891;TIMBERLAND SKY;1
Bern;434;HORROR REIGN;1
Jining;418;HOBBIT ALIEN;1
Lungtan;849;STORM HAPPINESS;1
Jastrzebie-Zdrj;300;FALCON VOLUME;1
Allappuzha (Alleppey);341;FROST HEAD;1
Springs;37;ARIZONA BANG;1
Shimonoseki;468;INVASION CYCLONE;1
Novi Sad;831;SPIRITED CASUALTIES;1
Dallas;725;REQUIEM TYCOON;1
Fukuyama;882;TENENBAUMS COMMAND;1
Mit Ghamr;151;CINCINATTI WHISPERER;1
Pontianak;662;PATHS CONTROL;1
Okayama;100;BROOKLYN DESERT;1
Liepaja;902;TRADING PINOCCHIO;1
Jinzhou;740;ROLLERCOASTER BRINGING;1
Lima;631;NOVOCAINE FLIGHT;1
Bhimavaram;882;TENENBAUMS COMMAND;1
Adana;672;PERFECT GROOVE;1
Owo;367;GOLDMINE TYCOON;1
Ciudad del Este;388;GUNFIGHT MOON;1
Ozamis;838;STAGECOACH ARMAGEDDON;1
Qinhuangdao;973;WIFE TURN;1
Songkhla;971;WHALE BIKINI;1
Blumenau;892;TITANIC BOONDOCK;1
Botshabelo;265;DYING MAKER;1
Okara;504;KWAI HOMEWARD;1
Cheju;399;HAPPINESS UNITED;1
Shimonoseki;22;AMISTAD MIDSUMMER;1
Jinchang;730;RIDGEMONT SUBMARINE;1
Jakarta;117;CANDLES GRAPES;1
Najafabad;853;STRANGER STRANGERS;1
Hodeida;785;SHAWSHANK BUBBLE;1
Coatzacoalcos;442;HUNTING MUSKETEERS;1
Pak Kret;687;POCUS PULP;1
Parbhani;213;DATE SPEED;1
Dayton;689;POLLOCK DELIVERANCE;1
Jhansi;127;CAT CONEHEADS;1
Moscow;702;PULP BEVERLY;1
Bern;70;BIKINI BORROWERS;1
Dadu;449;IDENTITY LOVER;1
Etawah;509;LANGUAGE COWBOY;1
Maikop;517;LESSON CLEOPATRA;1
Mit Ghamr;99;BRINGING HYSTERICAL;1
Novoterkassk;956;WANDA CHAMBER;1
Braslia;177;CONNECTICUT TRAMP;1
Baiyin;819;SONG HEDWIG;1
Amroha;228;DETECTIVE VISION;1
San Felipe de Puerto Plata;933;VAMPIRE WHALE;1
Xiangfan;96;BREAKING HOME;1
Trshavn;272;EDGE KISSING;1
Sucre;679;PILOT HOOSIERS;1
Augusta-Richmond County;476;JASON TRAP;1
Balurghat;765;SATURN NAME;1
Salamanca;863;SUN CONFESSIONS;1
Lhokseumawe;255;DRIVING POLISH;1
Carmen;31;APACHE DIVINE;1
Brest;957;WAR NOTTING;1
Usak;563;MASSACRE USUAL;1
Celaya;284;ENEMY ODDS;1
Usak;127;CAT CONEHEADS;1
Luzinia;356;GIANT TROOPERS;1
Boa Vista;239;DOGMA FAMILY;1
Kalisz;351;GASLIGHT CRUSADE;1
Addis Abeba;970;WESTWARD SEABISCUIT;1
Donostia-San Sebastin;356;GIANT TROOPERS;1
Addis Abeba;59;BEAR GRACELAND;1
Tieli;646;OUTBREAK DIVINE;1
Shaoguan;302;FANTASIA PARK;1
Bijapur;408;HEAD STRANGER;1
Bhusawal;946;VIRTUAL SPOILERS;1
Springs;77;BIRDS PERDITION;1
Shikarpur;754;RUSHMORE MERMAID;1
San Lorenzo;276;ELEMENT FREDDY;1
Brockton;385;GROUNDHOG UNCUT;1
Cape Coral;262;DUMBO LUST;1
Yuzhou;651;PACKER MADIGAN;1
Aden;40;ARMY FLINTSTONES;1
Fontana;123;CASABLANCA SUPER;1
Tama;281;ENCINO ELF;1
Serpuhov;683;PITY BOUND;1
Erlangen;179;CONQUERER NUTS;1
Hsichuh;244;DORADO NOTTING;1
Nador;200;CURTAIN VIDEOTAPE;1
Ife;191;CROOKED FROGMEN;1
Funafuti;181;CONTACT ANONYMOUS;1
Bhopal;875;TALENTED HOMICIDE;1
El Alto;298;EYES DRIVING;1
Nuuk;976;WIND PHANTOM;1
Liepaja;804;SLEEPING SUSPECTS;1
Huaian;902;TRADING PINOCCHIO;1
Paarl;945;VIRGINIAN PLUTO;1
Emmen;745;ROSES TREASURE;1
Nakhon Sawan;307;FELLOWSHIP AUTUMN;1
Dzerzinsk;938;VELVET TERMINATOR;1
Lengshuijiang;618;NECKLACE OUTBREAK;1
Bandar Seri Begawan;577;MILE MULAN;1
Kragujevac;631;NOVOCAINE FLIGHT;1
Ambattur;403;HARRY IDAHO;1
Hodeida;73;BINGO TALENTED;1
Dos Quebradas;211;DARLING BREAKING;1
Xiangtan;412;HEAVYWEIGHTS BEAST;1
Adana;95;BREAKFAST GOLDFINGER;1
Shubra al-Khayma;969;WEST LION;1
Nanyang;562;MASKED BUBBLE;1
Tychy;982;WOMEN DORADO;1
Dhule (Dhulia);805;SLEEPLESS MONSOON;1
Dallas;80;BLANKET BEVERLY;1
Kanazawa;857;STRICTLY SCARFACE;1
Sunnyvale;40;ARMY FLINTSTONES;1
Namibe;611;MUSKETEERS WAIT;1
Olomouc;506;LADY STAGE;1
Arak;568;MEMENTO ZOOLANDER;1
Witten;634;ODDS BOOGIE;1
Namibe;378;GREATEST NORTH;1
Duisburg;452;ILLUSION AMELIE;1
Sullana;333;FREAKY POCUS;1
Kamarhati;139;CHASING FIGHT;1
Baha Blanca;286;ENOUGH RAGING;1
Kitwe;880;TELEMARK HEARTBREAKERS;1
Jhansi;235;DIVIDE MONSTER;1
Ruse;532;LOSER HUSTLER;1
Matsue;596;MOONSHINE CABIN;1
London;941;VIDEOTAPE ARSENIC;1
Tangail;113;CALIFORNIA BIRDS;1
Serpuhov;90;BOULEVARD MOB;1
Baiyin;319;FISH OPUS;1
Yinchuan;527;LOLA AGENT;1
Vijayawada;525;LOATHING LEGALLY;1
Yaound;574;MIDNIGHT WESTWARD;1
Dos Quebradas;823;SOUTH WAIT;1
Linz;977;WINDOW SIDE;1
Acua;110;CABIN FLASH;1
So Bernardo do Campo;274;EGG IGBY;1
Valencia;291;EVOLUTION ALTER;1
Augusta-Richmond County;782;SHAKESPEARE SADDLE;1
Fuyu;919;TYCOON GATHERING;1
Lincoln;436;HOURS RAGE;1
Enshi;739;ROCKY WAR;1
York;320;FLAMINGOS CONNECTICUT;1
Sanya;126;CASUALTIES ENCINO;1
Zaoyang;775;SEATTLE EXPECATIONS;1
Sunnyvale;193;CROSSROADS CASUALTIES;1
Dundee;101;BROTHERHOOD BLANKET;1
Papeete;759;SALUTE APOLLO;1
Belm;525;LOATHING LEGALLY;1
Uruapan;245;DOUBLE WRATH;1
A Corua (La Corua);721;REDS POCUS;1
Xiangtan;838;STAGECOACH ARMAGEDDON;1
Celaya;1;ACADEMY DINOSAUR;1
Coquimbo;872;SWEET BROTHERHOOD;1
Sirjan;432;HOPE TOOTSIE;1
Dhaka;270;EARTH VISION;1
Sungai Petani;286;ENOUGH RAGING;1
Ciomas;927;UPRISING UPTOWN;1
s-Hertogenbosch;949;VOLCANO TEXAS;1
Sousse;424;HOLOCAUST HIGHBALL;1
s-Hertogenbosch;917;TUXEDO MILE;1
Enshi;936;VANISHING ROCKY;1
Alvorada;535;LOVE SUICIDES;1
Mysore;599;MOTHER OLEANDER;1
Bislig;727;RESURRECTION SILVERADO;1
Omdurman;575;MIDSUMMER GROUNDHOG;1
Okayama;556;MALTESE HOPE;1
El Alto;99;BRINGING HYSTERICAL;1
guas Lindas de Gois;845;STEPMOM DREAM;1
Phnom Penh;589;MODERN DORADO;1
Halisahar;643;ORIENT CLOSER;1
Rockford;771;SCORPION APOLLO;1
Batman;573;MICROCOSMOS PARADISE;1
Shaoguan;771;SCORPION APOLLO;1
Belm;488;JOON NORTHWEST;1
Baha Blanca;112;CALENDAR GUNFIGHT;1
Dos Quebradas;21;AMERICAN CIRCUS;1
Tonghae;936;VANISHING ROCKY;1
Richmond Hill;723;REIGN GENTLEMEN;1
Botshabelo;696;PRIDE ALAMO;1
Jinzhou;97;BRIDE INTRIGUE;1
al-Manama;138;CHARIOTS CONSPIRACY;1
Lubumbashi;220;DEER VIRGINIAN;1
Lungtan;242;DOOM DANCING;1
Garland;456;INCH JET;1
Tanshui;313;FIDELITY DEVIL;1
Pereira;851;STRAIGHT HOURS;1
Molodetno;210;DARKO DORADO;1
Joliet;620;NEMO CAMPUS;1
Sterling Heights;58;BEACH HEARTBREAKERS;1
Bat Yam;658;PARIS WEEKEND;1
Surakarta;467;INTRIGUE WORST;1
Soshanguve;311;FICTION CHRISTMAS;1
Araatuba;209;DARKNESS WAR;1
Baicheng;577;MILE MULAN;1
Kuching;240;DOLLS RAGE;1
Tegal;434;HORROR REIGN;1
Siliguri (Shiliguri);424;HOLOCAUST HIGHBALL;1
NDjamna;626;NOON PAPI;1
Brescia;330;FORRESTER COMANCHEROS;1
Kilis;470;ISHTAR ROCKETEER;1
Bucuresti;477;JAWBREAKER BROOKLYN;1
Yerevan;382;GRIT CLOCKWORK;1
Laredo;418;HOBBIT ALIEN;1
Bergamo;379;GREEDY ROOTS;1
Yuzhou;978;WISDOM WORKER;1
Hsichuh;892;TITANIC BOONDOCK;1
guas Lindas de Gois;234;DISTURBING SCARFACE;1
Sasebo;294;EXPECATIONS NATURAL;1
London;468;INVASION CYCLONE;1
Johannesburg;219;DEEP CRUSADE;1
Escobar;639;OPPOSITE NECKLACE;1
Santa Rosa;78;BLACKOUT PRIVATE;1
Fuyu;662;PATHS CONTROL;1
Kragujevac;491;JUMPING WRATH;1
Shanwei;300;FALCON VOLUME;1
Escobar;15;ALIEN CENTER;1
Gatineau;272;EDGE KISSING;1
Jurez;109;BUTTERFLY CHOCOLAT;1
Tianjin;891;TIMBERLAND SKY;1
Lubumbashi;894;TOMATOES HELLFIGHTERS;1
Qomsheh;673;PERSONAL LADYBUGS;1
Rampur;267;EAGLES PANKY;1
Lungtan;379;GREEDY ROOTS;1
Blumenau;971;WHALE BIKINI;1
Dundee;855;STREAK RIDGEMONT;1
Lubumbashi;504;KWAI HOMEWARD;1
Jining;19;AMADEUS HOLY;1
Mexicali;69;BEVERLY OUTLAW;1
Bhimavaram;241;DONNIE ALLEY;1
Ibirit;749;RULES HUMAN;1
Richmond Hill;397;HANKY OCTOBER;1
Saint Louis;963;WATCH TRACY;1
Berhampore (Baharampur);710;RAGE GAMES;1
Yangor;561;MASK PEACH;1
Rampur;536;LOVELY JINGLE;1
Chungho;658;PARIS WEEKEND;1
Tychy;837;STAGE WORLD;1
Po;343;FULL FLATLINERS;1
Ciudad del Este;685;PLATOON INSTINCT;1
Cam Ranh;479;JEDI BENEATH;1
Apeldoorn;434;HORROR REIGN;1
Plock;322;FLATLINERS KILLER;1
Nabereznyje Telny;502;KNOCK WARLOCK;1
Cam Ranh;990;WORLD LEATHERNECKS;1
Novoterkassk;766;SAVANNAH TOWN;1
Huejutla de Reyes;616;NATIONAL STORY;1
Chisinau;80;BLANKET BEVERLY;1
Myingyan;784;SHANGHAI TYCOON;1
Haldia;478;JAWS HARRY;1
Binzhou;63;BEDAZZLED MARRIED;1
Santa Brbara dOeste;566;MAUDE MOD;1
Vilnius;173;CONFESSIONS MAGUIRE;1
Vancouver;300;FALCON VOLUME;1
Zhoushan;613;MYSTIC TRUMAN;1
Korolev;566;MAUDE MOD;1
Southend-on-Sea;598;MOSQUITO ARMAGEDDON;1
Abu Dhabi;111;CADDYSHACK JEDI;1
Kalisz;32;APOCALYPSE FLAMINGOS;1
Kaliningrad;203;DAISY MENAGERIE;1
Bag;561;MASK PEACH;1
Tangail;249;DRACULA CRYSTAL;1
Shahr-e Kord;928;UPTOWN YOUNG;1
Duisburg;551;MAIDEN HOME;1
Graz;150;CIDER DESIRE;1
Szkesfehrvr;383;GROOVE FICTION;1
Tychy;533;LOST BIRD;1
Lengshuijiang;576;MIGHTY LUCK;1
Toulon;773;SEABISCUIT PUNK;1
Mwanza;293;EXORCIST STING;1
Daugavpils;637;OPEN AFRICAN;1
Satna;560;MARS ROMAN;1
Kragujevac;346;GALAXY SWEETHEARTS;1
Brest;539;LUCK OPUS;1
Changhwa;103;BUCKET BROTHERHOOD;1
Hiroshima;768;SCARFACE BANG;1
Syrakusa;437;HOUSE DYNAMITE;1
Stockport;616;NATIONAL STORY;1
Syrakusa;859;SUGAR WONKA;1
Zaria;337;FRIDA SLIPPER;1
Laiwu;937;VARSITY TRIP;1
Bergamo;985;WONDERLAND CHRISTMAS;1
Bellevue;500;KISS GLORY;1
Shimoga;626;NOON PAPI;1
Joliet;643;ORIENT CLOSER;1
Toulouse;394;HAMLET WISDOM;1
Fuyu;962;WASTELAND DIVINE;1
Gatineau;421;HOLIDAY GAMES;1
Pune;887;THIEF PELICAN;1
Tiefa;294;EXPECATIONS NATURAL;1
Addis Abeba;528;LOLITA WORLD;1
Koriyama;426;HOME PITY;1
Mwanza;369;GOODFELLAS SALUTE;1
Tuguegarao;670;PELICAN COMFORTS;1
Pontianak;772;SEA VIRGIN;1
Rockford;272;EDGE KISSING;1
London;272;EDGE KISSING;1
Johannesburg;735;ROBBERS JOON;1
Esfahan;838;STAGECOACH ARMAGEDDON;1
Papeete;523;LIGHTS DEER;1
Halisahar;182;CONTROL ANTHEM;1
Fontana;345;GABLES METROPOLIS;1
Ziguinchor;824;SPARTACUS CHEAPER;1
La Plata;753;RUSH GOODFELLAS;1
Smolensk;878;TEEN APOLLO;1
Huixquilucan;734;ROAD ROXANNE;1
Jaffna;236;DIVINE RESURRECTION;1
Maring;285;ENGLISH BULWORTH;1
Gaziantep;869;SUSPECTS QUILLS;1
Plock;937;VARSITY TRIP;1
Mwene-Ditu;931;VALENTINE VANISHING;1
Fuyu;376;GRAPES FURY;1
Fengshan;23;ANACONDA CONFESSIONS;1
Tel Aviv-Jaffa;305;FATAL HAUNTED;1
Citrus Heights;942;VIETNAM SMOOCHY;1
Yangor;174;CONFIDENTIAL INTERVIEW;1
Taguig;681;PIRATES ROXANNE;1
Nam Dinh;134;CHAMPION FLATLINERS;1
Sincelejo;378;GREATEST NORTH;1
El Alto;131;CENTER DINOSAUR;1
Isesaki;868;SUPERFLY TRIP;1
So Leopoldo;382;GRIT CLOCKWORK;1
Osmaniye;823;SOUTH WAIT;1
Sultanbeyli;349;GANGS PRIDE;1
Mannheim;812;SMOKING BARBARELLA;1
Tandil;282;ENCOUNTERS CURTAIN;1
Surakarta;248;DOZEN LION;1
Beira;486;JET NEIGHBORS;1
Teboksary;940;VICTORY ACADEMY;1
Kakamigahara;546;MADRE GABLES;1
Pingxiang;458;INDIAN LOVE;1
Benguela;99;BRINGING HYSTERICAL;1
Uijongbu;39;ARMAGEDDON LOST;1
Halle/Saale;427;HOMEWARD CIDER;1
Tambaram;501;KISSING DOLLS;1
Naju;425;HOLY TADPOLE;1
Uluberia;529;LONELY ELEPHANT;1
Jamalpur;620;NEMO CAMPUS;1
Zeleznogorsk;976;WIND PHANTOM;1
Qomsheh;333;FREAKY POCUS;1
Okayama;406;HAUNTING PIANIST;1
Soshanguve;675;PHANTOM GLORY;1
Bradford;811;SMILE EARRING;1
Abu Dhabi;751;RUNAWAY TENENBAUMS;1
Yuncheng;717;REAR TRADING;1
Siliguri (Shiliguri);857;STRICTLY SCARFACE;1
Quilmes;58;BEACH HEARTBREAKERS;1
Lancaster;820;SONS INTERVIEW;1
Tama;542;LUST LOCK;1
Yinchuan;938;VELVET TERMINATOR;1
Changhwa;545;MADNESS ATTACKS;1
Rizhao;304;FARGO GANDHI;1
guas Lindas de Gois;80;BLANKET BEVERLY;1
Dadu;687;POCUS PULP;1
El Monte;737;ROCK INSTINCT;1
Weifang;407;HAWK CHILL;1
Valparai;571;METAL ARMAGEDDON;1
Sagamihara;302;FANTASIA PARK;1
Alessandria;745;ROSES TREASURE;1
Shaoguan;554;MALKOVICH PET;1
Haiphong;328;FOREVER CANDIDATE;1
Baybay;462;INSIDER ARIZONA;1
Bradford;397;HANKY OCTOBER;1
Balurghat;775;SEATTLE EXPECATIONS;1
Valle de Santiago;206;DANCING FEVER;1
Probolinggo;861;SUIT WALLS;1
Carmen;453;IMAGE PRINCESS;1
Sultanbeyli;716;REAP UNFAITHFUL;1
Ziguinchor;925;UNITED PILOT;1
Smolensk;632;NUTS TIES;1
Uruapan;77;BIRDS PERDITION;1
Dongying;360;GLASS DYING;1
Purwakarta;976;WIND PHANTOM;1
Amersfoort;771;SCORPION APOLLO;1
Arecibo;649;OZ LIAISONS;1
Funafuti;374;GRAFFITI LOVE;1
Tongliao;368;GONE TROUBLE;1
Nantou;896;TOOTSIE PILOT;1
Katihar;521;LIES TREATMENT;1
Haiphong;825;SPEAKEASY DATE;1
Citrus Heights;199;CUPBOARD SINNERS;1
Sultanbeyli;235;DIVIDE MONSTER;1
Aparecida de Goinia;914;TROUBLE DATE;1
Kansas City;563;MASSACRE USUAL;1
Tabuk;899;TOWERS HURRICANE;1
Crdoba;864;SUNDANCE INVASION;1
Firozabad;571;METAL ARMAGEDDON;1
Robamba;109;BUTTERFLY CHOCOLAT;1
Halle/Saale;319;FISH OPUS;1
Ezeiza;610;MUSIC BOONDOCK;1
Skikda;298;EYES DRIVING;1
Jhansi;785;SHAWSHANK BUBBLE;1
Dos Quebradas;291;EVOLUTION ALTER;1
Tongliao;907;TRANSLATION SUMMER;1
Robamba;164;COAST RAINBOW;1
Yantai;51;BALLOON HOMEWARD;1
Daxian;101;BROTHERHOOD BLANKET;1
Changhwa;416;HIGHBALL POTTER;1
Soshanguve;2;ACE GOLDFINGER;1
Baha Blanca;434;HORROR REIGN;1
Antofagasta;80;BLANKET BEVERLY;1
Patras;882;TENENBAUMS COMMAND;1
Datong;879;TELEGRAPH VOYAGE;1
Bhimavaram;863;SUN CONFESSIONS;1
Konotop;946;VIRTUAL SPOILERS;1
Valparai;372;GRACELAND DYNAMITE;1
Roanoke;98;BRIGHT ENCOUNTERS;1
Bijapur;465;INTERVIEW LIAISONS;1
Salzburg;491;JUMPING WRATH;1
Tabora;737;ROCK INSTINCT;1
Pemalang;309;FEUD FROGMEN;1
Juazeiro do Norte;967;WEEKEND PERSONAL;1
Leshan;420;HOLES BRANNIGAN;1
Kakamigahara;785;SHAWSHANK BUBBLE;1
Mardan;841;STAR OPERATION;1
Avellaneda;4;AFFAIR PREJUDICE;1
Lipetsk;117;CANDLES GRAPES;1
Maracabo;45;ATTRACTION NEWTON;1
Moscow;243;DOORS PRESIDENT;1
Iwatsuki;776;SECRET GROUNDHOG;1
al-Ayn;579;MINDS TRUMAN;1
Fuyu;213;DATE SPEED;1
Syrakusa;911;TRIP NEWTON;1
Peoria;471;ISLAND EXORCIST;1
Garland;22;AMISTAD MIDSUMMER;1
Athenai;86;BOOGIE AMELIE;1
Usak;22;AMISTAD MIDSUMMER;1
Iligan;346;GALAXY SWEETHEARTS;1
Emeishan;230;DIARY PANIC;1
Ktahya;296;EXPRESS LONELY;1
Gaziantep;727;RESURRECTION SILVERADO;1
Tiefa;964;WATERFRONT DELIVERANCE;1
Karnal;407;HAWK CHILL;1
Kursk;62;BED HIGHBALL;1
Kitwe;467;INTRIGUE WORST;1
Gatineau;912;TROJAN TOMORROW;1
Kolpino;1000;ZORRO ARK;1
Kumbakonam;2;ACE GOLDFINGER;1
Poos de Caldas;832;SPLASH GUMP;1
ostka;487;JINGLE SAGEBRUSH;1
Changzhou;655;PANTHER REDS;1
Hodeida;50;BAKED CLEOPATRA;1
Saint Louis;677;PIANIST OUTFIELD;1
Hohhot;944;VIRGIN DAISY;1
Pemalang;329;FORREST SONS;1
Saint Louis;949;VOLCANO TEXAS;1
Trshavn;304;FARGO GANDHI;1
Yinchuan;284;ENEMY ODDS;1
San Juan Bautista Tuxtepec;273;EFFECT GLADIATOR;1
Matsue;35;ARACHNOPHOBIA ROLLERCOASTER;1
Batna;103;BUCKET BROTHERHOOD;1
Duisburg;167;COMA HEAD;1
San Felipe de Puerto Plata;463;INSTINCT AIRPORT;1
Saarbrcken;164;COAST RAINBOW;1
Yantai;887;THIEF PELICAN;1
Jedda;292;EXCITEMENT EVE;1
Nuuk;99;BRINGING HYSTERICAL;1
Sungai Petani;838;STAGECOACH ARMAGEDDON;1
Apeldoorn;172;CONEHEADS SMOOCHY;1
Angra dos Reis;895;TOMORROW HUSTLER;1
Gingoog;131;CENTER DINOSAUR;1
Probolinggo;416;HIGHBALL POTTER;1
Tonghae;958;WARDROBE PHANTOM;1
Shenzhen;74;BIRCH ANTITRUST;1
Bayugan;715;RANGE MOONWALKER;1
Santo Andr;958;WARDROBE PHANTOM;1
Eskisehir;700;PRIX UNDEFEATED;1
Palghat (Palakkad);354;GHOST GROUNDHOG;1
Effon-Alaiye;798;SILVERADO GOLDFINGER;1
Garland;493;KANE EXORCIST;1
Tongliao;65;BEHAVIOR RUNAWAY;1
Springs;360;GLASS DYING;1
Iwakuni;388;GUNFIGHT MOON;1
Lubumbashi;7;AIRPLANE SIERRA;1
San Miguel de Tucumn;412;HEAVYWEIGHTS BEAST;1
Akishima;555;MALLRATS UNITED;1
Duisburg;320;FLAMINGOS CONNECTICUT;1
Tabriz;564;MASSAGE IMAGE;1
So Bernardo do Campo;79;BLADE POLISH;1
Czestochowa;667;PEACH INNOCENT;1
Mahajanga;534;LOUISIANA HARRY;1
Vila Velha;202;DADDY PITTSBURGH;1
Callao;809;SLIPPER FIDELITY;1
Botosani;839;STALLION SUNDANCE;1
Probolinggo;37;ARIZONA BANG;1
Goinia;849;STORM HAPPINESS;1
Nukualofa;361;GLEAMING JAWBREAKER;1
Ife;944;VIRGIN DAISY;1
Pjatigorsk;464;INTENTIONS EMPIRE;1
Blumenau;181;CONTACT ANONYMOUS;1
Vicente Lpez;427;HOMEWARD CIDER;1
Atinsk;209;DARKNESS WAR;1
Gaziantep;544;MADISON TRAP;1
Tsuyama;775;SEATTLE EXPECATIONS;1
Sharja;29;ANTITRUST TOMATOES;1
Miyakonojo;70;BIKINI BORROWERS;1
Santa Brbara dOeste;330;FORRESTER COMANCHEROS;1
Taguig;426;HOME PITY;1
Chandrapur;776;SECRET GROUNDHOG;1
Ogbomosho;982;WOMEN DORADO;1
Cuauhtmoc;69;BEVERLY OUTLAW;1
Robamba;429;HONEY TIES;1
Izumisano;122;CARRIE BUNCH;1
Boksburg;506;LADY STAGE;1
Huaian;875;TALENTED HOMICIDE;1
Jelets;725;REQUIEM TYCOON;1
Emmen;433;HORN WORKING;1
Rockford;120;CARIBBEAN LIBERTY;1
Emeishan;627;NORTH TEQUILA;1
Novi Sad;367;GOLDMINE TYCOON;1
Gijn;788;SHIP WONDERLAND;1
Purnea (Purnia);893;TITANS JERK;1
Kamyin;126;CASUALTIES ENCINO;1
Changhwa;9;ALABAMA DEVIL;1
Skikda;841;STAR OPERATION;1
Celaya;417;HILLS NEIGHBORS;1
Madiun;886;THEORY MERMAID;1
Cavite;582;MIRACLE VIRTUAL;1
Bhilwara;6;AGENT TRUMAN;1
Halisahar;166;COLOR PHILADELPHIA;1
Aurora;844;STEERS ARMAGEDDON;1
Quilmes;116;CANDIDATE PERDITION;1
Aparecida de Goinia;347;GAMES BOWFINGER;1
Stara Zagora;201;CYCLONE FAMILY;1
Taizz;763;SATISFACTION CONFIDENTIAL;1
Niznekamsk;823;SOUTH WAIT;1
Erlangen;956;WANDA CHAMBER;1
Donostia-San Sebastin;216;DAY UNFAITHFUL;1
Uttarpara-Kotrung;109;BUTTERFLY CHOCOLAT;1
York;764;SATURDAY LAMBS;1
Santa Brbara dOeste;396;HANGING DEEP;1
Touliu;109;BUTTERFLY CHOCOLAT;1
Kamjanets-Podilskyi;246;DOUBTFIRE LABYRINTH;1
Valle de la Pascua;881;TEMPLE ATTRACTION;1
Sasebo;480;JEEPERS WEDDING;1
Nagaon;53;BANG KWAI;1
Warren;471;ISLAND EXORCIST;1
Suihua;467;INTRIGUE WORST;1
Asuncin;9;ALABAMA DEVIL;1
Santa Brbara dOeste;559;MARRIED GO;1
Avellaneda;22;AMISTAD MIDSUMMER;1
Uluberia;877;TAXI KICK;1
Botshabelo;554;MALKOVICH PET;1
Stockport;397;HANKY OCTOBER;1
Cuautla;848;STONE FIRE;1
Beira;729;RIDER CADDYSHACK;1
Bergamo;735;ROBBERS JOON;1
Mit Ghamr;696;PRIDE ALAMO;1
Kurgan;782;SHAKESPEARE SADDLE;1
Paarl;447;ICE CROSSING;1
Po;797;SILENCE KANE;1
Merlo;733;RIVER OUTLAW;1
Pak Kret;403;HARRY IDAHO;1
Teboksary;594;MONTEZUMA COMMAND;1
San Felipe de Puerto Plata;812;SMOKING BARBARELLA;1
Mwanza;976;WIND PHANTOM;1
La Paz;146;CHITTY LOCK;1
Springs;285;ENGLISH BULWORTH;1
Aurora;213;DATE SPEED;1
Cuman;311;FICTION CHRISTMAS;1
Buenaventura;210;DARKO DORADO;1
Deba Habe;225;DESTINATION JERK;1
Benin City;83;BLUES INSTINCT;1
Baybay;578;MILLION ACE;1
Kimchon;353;GENTLEMEN STAGE;1
Rockford;331;FORWARD TEMPLE;1
Bamenda;615;NASH CHOCOLAT;1
Parbhani;807;SLEUTH ORIENT;1
Cuman;894;TOMATOES HELLFIGHTERS;1
Erlangen;315;FINDING ANACONDA;1
Hsichuh;528;LOLITA WORLD;1
Johannesburg;602;MOURNING PURPLE;1
Esfahan;969;WEST LION;1
Batman;987;WORDS HUNTER;1
Vinh;512;LEAGUE HELLFIGHTERS;1
Smolensk;230;DIARY PANIC;1
Shikarpur;945;VIRGINIAN PLUTO;1
Kirovo-Tepetsk;169;COMFORTS RUSH;1
Berhampore (Baharampur);937;VARSITY TRIP;1
Kurgan;609;MUSCLE BRIGHT;1
Bhimavaram;141;CHICAGO NORTH;1
Shikarpur;861;SUIT WALLS;1
Springs;979;WITCHES PANIC;1
Shubra al-Khayma;927;UPRISING UPTOWN;1
Shikarpur;835;SPY MILE;1
Kermanshah;383;GROOVE FICTION;1
Salamanca;650;PACIFIC AMISTAD;1
Haining;385;GROUNDHOG UNCUT;1
Cabuyao;408;HEAD STRANGER;1
Ahmadnagar;273;EFFECT GLADIATOR;1
Liepaja;236;DIVINE RESURRECTION;1
Hanoi;115;CAMPUS REMEMBER;1
Ourense (Orense);907;TRANSLATION SUMMER;1
Boa Vista;881;TEMPLE ATTRACTION;1
Olomouc;722;REEF SALUTE;1
Batna;363;GO PURPLE;1
Birgunj;351;GASLIGHT CRUSADE;1
York;772;SEA VIRGIN;1
Etawah;48;BACKLASH UNDEFEATED;1
Patras;641;ORANGE GRAPES;1
San Bernardino;446;HYSTERICAL GRAIL;1
Serpuhov;63;BEDAZZLED MARRIED;1
Saint-Denis;639;OPPOSITE NECKLACE;1
Meixian;55;BARBARELLA STREETCAR;1
Portoviejo;844;STEERS ARMAGEDDON;1
Suihua;284;ENEMY ODDS;1
Aurora;845;STEPMOM DREAM;1
Arecibo;559;MARRIED GO;1
Sorocaba;773;SEABISCUIT PUNK;1
Adoni;56;BAREFOOT MANCHURIAN;1
Shaoguan;984;WONDERFUL DROP;1
Abha;702;PULP BEVERLY;1
Mexicali;16;ALLEY EVOLUTION;1
A Corua (La Corua);410;HEAVEN FREEDOM;1
Balaiha;251;DRAGONFLY STRANGERS;1
Czestochowa;361;GLEAMING JAWBREAKER;1
Moscow;938;VELVET TERMINATOR;1
Charlotte Amalie;70;BIKINI BORROWERS;1
Probolinggo;317;FIREBALL PHILADELPHIA;1
Dundee;176;CONGENIALITY QUEST;1
Mysore;859;SUGAR WONKA;1
Ranchi;279;ELIZABETH SHANE;1
Mukateve;654;PANKY SUBMARINE;1
Hubli-Dharwad;356;GIANT TROOPERS;1
Lima;702;PULP BEVERLY;1
Lipetsk;132;CHAINSAW UPTOWN;1
Ktahya;849;STORM HAPPINESS;1
Escobar;709;RACER EGG;1
Hohhot;920;UNBREAKABLE KARATE;1
Santa Rosa;693;POTTER CONNECTICUT;1
Leshan;502;KNOCK WARLOCK;1
Stockport;453;IMAGE PRINCESS;1
Iwaki;549;MAGNOLIA FORRESTER;1
Cuernavaca;215;DAWN POND;1
Changzhou;34;ARABIA DOGMA;1
Korla;709;RACER EGG;1
Tsuyama;708;QUILLS BULL;1
Sanya;606;MUMMY CREATURES;1
Brockton;676;PHILADELPHIA WIFE;1
Qinhuangdao;947;VISION TORQUE;1
Huaian;987;WORDS HUNTER;1
San Juan Bautista Tuxtepec;532;LOSER HUSTLER;1
Nuuk;738;ROCKETEER MOTHER;1
Saint Louis;387;GUN BONNIE;1
Jamalpur;274;EGG IGBY;1
Boa Vista;461;INSECTS STONE;1
Kaliningrad;647;OUTFIELD MASSACRE;1
Bayugan;186;CRAFT OUTFIELD;1
Fontana;811;SMILE EARRING;1
Uruapan;890;TIGHTS DAWN;1
Chatsworth;331;FORWARD TEMPLE;1
Tambaram;134;CHAMPION FLATLINERS;1
Sawhaj;897;TORQUE BOUND;1
Sanaa;940;VICTORY ACADEMY;1
Mwanza;304;FARGO GANDHI;1
Dayton;67;BERETS AGENT;1
Blumenau;920;UNBREAKABLE KARATE;1
La Plata;382;GRIT CLOCKWORK;1
Qinhuangdao;772;SEA VIRGIN;1
Beni-Mellal;798;SILVERADO GOLDFINGER;1
Fuyu;657;PARADISE SABRINA;1
Jakarta;722;REEF SALUTE;1
Cuauhtmoc;161;CLUE GRAIL;1
Buenaventura;739;ROCKY WAR;1
Faaa;634;ODDS BOOGIE;1
Augusta-Richmond County;718;REBEL AIRPORT;1
Manchester;659;PARK CITIZEN;1
Pontianak;137;CHARADE DUFFEL;1
Cam Ranh;341;FROST HEAD;1
Tangail;773;SEABISCUIT PUNK;1
So Bernardo do Campo;848;STONE FIRE;1
London;790;SHOOTIST SUPERFLY;1
Yingkou;414;HELLFIGHTERS SIERRA;1
Ibirit;539;LUCK OPUS;1
Toulouse;69;BEVERLY OUTLAW;1
Monywa;406;HAUNTING PIANIST;1
guas Lindas de Gois;563;MASSACRE USUAL;1
Hagonoy;901;TRACY CIDER;1
Pudukkottai;293;EXORCIST STING;1
Birgunj;599;MOTHER OLEANDER;1
Hodeida;798;SILVERADO GOLDFINGER;1
Lungtan;417;HILLS NEIGHBORS;1
Dzerzinsk;819;SONG HEDWIG;1
Jaffna;604;MULAN MOON;1
Luzinia;26;ANNIE IDENTITY;1
Binzhou;749;RULES HUMAN;1
Mwanza;491;JUMPING WRATH;1
Emmen;352;GATHERING CALENDAR;1
Le Mans;995;YENTL IDAHO;1
Boksburg;154;CLASH FREDDY;1
Katihar;505;LABYRINTH LEAGUE;1
Santiago de los Caballeros;403;HARRY IDAHO;1
Okara;491;JUMPING WRATH;1
Kaliningrad;175;CONFUSED CANDLES;1
Funafuti;993;WRONG BEHAVIOR;1
Uijongbu;806;SLEEPY JAPANESE;1
Tama;306;FEATHERS METAL;1
Ondo;176;CONGENIALITY QUEST;1
Skikda;870;SWARM GOLD;1
Etawah;544;MADISON TRAP;1
Erlangen;554;MALKOVICH PET;1
NDjamna;390;GUYS FALCON;1
Vancouver;830;SPIRIT FLINTSTONES;1
Yantai;708;QUILLS BULL;1
Tambaram;881;TEMPLE ATTRACTION;1
Udaipur;403;HARRY IDAHO;1
Zeleznogorsk;897;TORQUE BOUND;1
Springs;397;HANKY OCTOBER;1
Touliu;156;CLERKS ANGELS;1
Akishima;199;CUPBOARD SINNERS;1
Tianjin;518;LIAISONS SWEET;1
Callao;922;UNDEFEATED DALMATIONS;1
Meixian;562;MASKED BUBBLE;1
Aden;663;PATIENT SISTER;1
Aparecida de Goinia;118;CANYON STOCK;1
Meixian;532;LOSER HUSTLER;1
Kowloon and New Kowloon;693;POTTER CONNECTICUT;1
Zhezqazghan;992;WRATH MILE;1
Dhule (Dhulia);320;FLAMINGOS CONNECTICUT;1
Chandrapur;327;FOOL MOCKINGBIRD;1
Czestochowa;527;LOLA AGENT;1
San Juan Bautista Tuxtepec;920;UNBREAKABLE KARATE;1
Shimoga;228;DETECTIVE VISION;1
Munger (Monghyr);496;KICK SAVANNAH;1
Salzburg;530;LORD ARIZONA;1
Brindisi;471;ISLAND EXORCIST;1
So Bernardo do Campo;745;ROSES TREASURE;1
Po;375;GRAIL FRANKENSTEIN;1
Ocumare del Tuy;72;BILL OTHERS;1
Iwakuni;369;GOODFELLAS SALUTE;1
Bhopal;214;DAUGHTER MADIGAN;1
Compton;328;FOREVER CANDIDATE;1
Sal;55;BARBARELLA STREETCAR;1
Tokat;100;BROOKLYN DESERT;1
Boa Vista;40;ARMY FLINTSTONES;1
Nanyang;184;CORE SUIT;1
Moscow;430;HOOK CHARIOTS;1
Ruse;412;HEAVYWEIGHTS BEAST;1
Purwakarta;191;CROOKED FROGMEN;1
Satna;674;PET HAUNTING;1
Firozabad;963;WATCH TRACY;1
Braslia;12;ALASKA PHANTOM;1
Hagonoy;116;CANDIDATE PERDITION;1
York;379;GREEDY ROOTS;1
Sumqayit;643;ORIENT CLOSER;1
Czestochowa;439;HUNCHBACK IMPOSSIBLE;1
Yingkou;554;MALKOVICH PET;1
Tanza;546;MADRE GABLES;1
Akron;537;LOVER TRUMAN;1
Santa Rosa;541;LUKE MUMMY;1
Lublin;417;HILLS NEIGHBORS;1
Monywa;377;GREASE YOUTH;1
Acua;764;SATURDAY LAMBS;1
Hanoi;694;PREJUDICE OLEANDER;1
Compton;455;IMPOSSIBLE PREJUDICE;1
Ktahya;408;HEAD STRANGER;1
Izumisano;418;HOBBIT ALIEN;1
Funafuti;86;BOOGIE AMELIE;1
Pak Kret;51;BALLOON HOMEWARD;1
Qalyub;345;GABLES METROPOLIS;1
Nam Dinh;199;CUPBOARD SINNERS;1
Mahajanga;369;GOODFELLAS SALUTE;1
Portoviejo;679;PILOT HOOSIERS;1
Vitria de Santo Anto;882;TENENBAUMS COMMAND;1
Esfahan;387;GUN BONNIE;1
Surakarta;618;NECKLACE OUTBREAK;1
Bhusawal;101;BROTHERHOOD BLANKET;1
Shanwei;521;LIES TREATMENT;1
Jaffna;186;CRAFT OUTFIELD;1
Kanazawa;31;APACHE DIVINE;1
Tarlac;294;EXPECATIONS NATURAL;1
Brindisi;590;MONEY HAROLD;1
Ourense (Orense);518;LIAISONS SWEET;1
Ozamis;915;TRUMAN CRAZY;1
El Alto;877;TAXI KICK;1
Nakhon Sawan;398;HANOVER GALAXY;1
Touliu;417;HILLS NEIGHBORS;1
Celaya;843;STEEL SANTA;1
Zapopan;97;BRIDE INTRIGUE;1
Siliguri (Shiliguri);54;BANGER PINOCCHIO;1
Yuncheng;68;BETRAYED REAR;1
Uluberia;532;LOSER HUSTLER;1
al-Ayn;335;FREEDOM CLEOPATRA;1
Nyeri;265;DYING MAKER;1
Buenaventura;810;SLUMS DUCK;1
Qalyub;818;SOMETHING DUCK;1
Sasebo;814;SNATCH SLIPPER;1
Kamjanets-Podilskyi;368;GONE TROUBLE;1
San Miguel de Tucumn;554;MALKOVICH PET;1
Laiwu;552;MAJESTIC FLOATS;1
Taizz;747;ROXANNE REBEL;1
Gandhinagar;755;SABRINA MIDNIGHT;1
Songkhla;470;ISHTAR ROCKETEER;1
Sawhaj;97;BRIDE INTRIGUE;1
Changzhou;715;RANGE MOONWALKER;1
Blumenau;91;BOUND CHEAPER;1
Yuncheng;683;PITY BOUND;1
Sterling Heights;12;ALASKA PHANTOM;1
Anpolis;662;PATHS CONTROL;1
Huaian;614;NAME DETECTIVE;1
Maring;252;DREAM PICKUP;1
Abha;54;BANGER PINOCCHIO;1
Nezahualcyotl;945;VIRGINIAN PLUTO;1
Crdoba;572;METROPOLIS COMA;1
Poos de Caldas;508;LAMBS CINCINATTI;1
Chandrapur;854;STRANGERS GRAFFITI;1
Vitria de Santo Anto;977;WINDOW SIDE;1
Abha;160;CLUB GRAFFITI;1
Richmond Hill;55;BARBARELLA STREETCAR;1
Probolinggo;652;PAJAMA JAWBREAKER;1
Maracabo;564;MASSAGE IMAGE;1
Serpuhov;867;SUPER WYOMING;1
Shenzhen;867;SUPER WYOMING;1
Callao;620;NEMO CAMPUS;1
Changhwa;452;ILLUSION AMELIE;1
Zalantun;941;VIDEOTAPE ARSENIC;1
A Corua (La Corua);925;UNITED PILOT;1
Malm;252;DREAM PICKUP;1
Miraj;227;DETAILS PACKER;1
Nezahualcyotl;157;CLOCKWORK PARADISE;1
Hanoi;635;OKLAHOMA JUMANJI;1
Balurghat;218;DECEIVER BETRAYED;1
Pune;59;BEAR GRACELAND;1
Soshanguve;696;PRIDE ALAMO;1
Newcastle;162;CLUELESS BUCKET;1
Tsuyama;753;RUSH GOODFELLAS;1
Goinia;982;WOMEN DORADO;1
Ivanovo;711;RAGING AIRPLANE;1
Iligan;501;KISSING DOLLS;1
Jakarta;786;SHEPHERD MIDSUMMER;1
Warren;199;CUPBOARD SINNERS;1
Graz;857;STRICTLY SCARFACE;1
Goinia;720;REDEMPTION COMFORTS;1
Kaliningrad;684;PIZZA JUMANJI;1
Usolje-Sibirskoje;705;PURPLE MOVIE;1
Berhampore (Baharampur);424;HOLOCAUST HIGHBALL;1
Valparai;447;ICE CROSSING;1
Sawhaj;679;PILOT HOOSIERS;1
Munger (Monghyr);54;BANGER PINOCCHIO;1
Le Mans;93;BRANNIGAN SUNRISE;1
Bellevue;588;MODEL FISH;1
Laredo;19;AMADEUS HOLY;1
Lancaster;709;RACER EGG;1
Santiago de los Caballeros;345;GABLES METROPOLIS;1
Santo Andr;523;LIGHTS DEER;1
Sumqayit;870;SWARM GOLD;1
Coacalco de Berriozbal;409;HEARTBREAKERS BRIGHT;1
Belm;368;GONE TROUBLE;1
Onomichi;676;PHILADELPHIA WIFE;1
Coacalco de Berriozbal;73;BINGO TALENTED;1
Lilongwe;436;HOURS RAGE;1
Siegen;255;DRIVING POLISH;1
Oshawa;290;EVERYONE CRAFT;1
Ezeiza;677;PIANIST OUTFIELD;1
Mandi Bahauddin;500;KISS GLORY;1
Laiwu;4;AFFAIR PREJUDICE;1
Kilis;630;NOTTING SPEAKEASY;1
Callao;832;SPLASH GUMP;1
Junan;545;MADNESS ATTACKS;1
Monywa;844;STEERS ARMAGEDDON;1
Chisinau;477;JAWBREAKER BROOKLYN;1
Mandi Bahauddin;496;KICK SAVANNAH;1
Vicente Lpez;581;MINORITY KISS;1
Hidalgo;557;MANCHURIAN CURTAIN;1
Jodhpur;862;SUMMER SCARFACE;1
Clarksville;806;SLEEPY JAPANESE;1
El Alto;727;RESURRECTION SILVERADO;1
Omiya;840;STAMPEDE DISTURBING;1
Haldia;23;ANACONDA CONFESSIONS;1
Baha Blanca;794;SIDE ARK;1
Osmaniye;865;SUNRISE LEAGUE;1
Wroclaw;258;DRUMS DYNAMITE;1
Duisburg;445;HYDE DOCTOR;1
Fengshan;90;BOULEVARD MOB;1
Toulouse;324;FLINTSTONES HAPPINESS;1
Baicheng;716;REAP UNFAITHFUL;1
Owo;833;SPLENDOR PATTON;1
Teboksary;160;CLUB GRAFFITI;1
Xintai;962;WASTELAND DIVINE;1
Korolev;646;OUTBREAK DIVINE;1
Cayenne;502;KNOCK WARLOCK;1
Funafuti;517;LESSON CLEOPATRA;1
San Miguel de Tucumn;164;COAST RAINBOW;1
Rio Claro;639;OPPOSITE NECKLACE;1
Koriyama;190;CREEPERS KANE;1
Isesaki;720;REDEMPTION COMFORTS;1
Sharja;645;OTHERS SOUP;1
Tangail;741;ROMAN PUNK;1
Ciomas;623;NEWTON LABYRINTH;1
Atinsk;487;JINGLE SAGEBRUSH;1
Lincoln;95;BREAKFAST GOLDFINGER;1
Jamalpur;307;FELLOWSHIP AUTUMN;1
Barcelona;720;REDEMPTION COMFORTS;1
Warren;254;DRIVER ANNIE;1
Jining;745;ROSES TREASURE;1
Nakhon Sawan;546;MADRE GABLES;1
Warren;433;HORN WORKING;1
Yuncheng;218;DECEIVER BETRAYED;1
Palghat (Palakkad);726;RESERVOIR ADAPTATION;1
Miyakonojo;762;SASSY PACKER;1
Haiphong;638;OPERATION OPERATION;1
Rajkot;37;ARIZONA BANG;1
Kermanshah;572;METROPOLIS COMA;1
Gijn;686;PLUTO OLEANDER;1
Madiun;151;CINCINATTI WHISPERER;1
Sumqayit;165;COLDBLOODED DARLING;1
Garland;586;MOCKINGBIRD HOLLYWOOD;1
Kamjanets-Podilskyi;274;EGG IGBY;1
Vancouver;944;VIRGIN DAISY;1
Saarbrcken;855;STREAK RIDGEMONT;1
Rockford;464;INTENTIONS EMPIRE;1
La Plata;265;DYING MAKER;1
Halisahar;905;TRAINSPOTTING STRANGERS;1
Zanzibar;26;ANNIE IDENTITY;1
Tartu;187;CRANES RESERVOIR;1
Rae Bareli;448;IDAHO LOVE;1
Jamalpur;178;CONNECTION MICROCOSMOS;1
Boa Vista;491;JUMPING WRATH;1
San Bernardino;447;ICE CROSSING;1
Kamjanets-Podilskyi;327;FOOL MOCKINGBIRD;1
Botshabelo;127;CAT CONEHEADS;1
Nagareyama;896;TOOTSIE PILOT;1
Allende;783;SHANE DARKNESS;1
Brockton;85;BONNIE HOLOCAUST;1
Jaipur;561;MASK PEACH;1
Malm;356;GIANT TROOPERS;1
Fukuyama;245;DOUBLE WRATH;1
Sogamoso;43;ATLANTIS CAUSE;1
Peoria;428;HOMICIDE PEACH;1
Kowloon and New Kowloon;595;MOON BUNCH;1
York;930;VACATION BOONDOCK;1
Talavera;147;CHOCOLAT HARRY;1
Hino;264;DWARFS ALTER;1
Tama;135;CHANCE RESURRECTION;1
Aurora;915;TRUMAN CRAZY;1
Bergamo;416;HIGHBALL POTTER;1
Paarl;877;TAXI KICK;1
Haiphong;948;VOICE PEACH;1
Teboksary;782;SHAKESPEARE SADDLE;1
Arecibo;11;ALAMO VIDEOTAPE;1
Athenai;759;SALUTE APOLLO;1
Taguig;809;SLIPPER FIDELITY;1
Abha;902;TRADING PINOCCHIO;1
Baku;535;LOVE SUICIDES;1
Loja;550;MAGUIRE APACHE;1
Sorocaba;237;DIVORCE SHINING;1
Faaa;486;JET NEIGHBORS;1
Myingyan;448;IDAHO LOVE;1
Serpuhov;900;TOWN ARK;1
Sumqayit;900;TOWN ARK;1
Idfu;208;DARES PLUTO;1
Ondo;450;IDOLS SNATCHERS;1
Pangkal Pinang;26;ANNIE IDENTITY;1
Santiago de los Caballeros;609;MUSCLE BRIGHT;1
Guadalajara;941;VIDEOTAPE ARSENIC;1
Tambaram;365;GOLD RIVER;1
Tychy;764;SATURDAY LAMBS;1
Pontianak;618;NECKLACE OUTBREAK;1
Merlo;767;SCALAWAG DUCK;1
Yerevan;615;NASH CHOCOLAT;1
Sincelejo;596;MOONSHINE CABIN;1
Escobar;48;BACKLASH UNDEFEATED;1
Elista;835;SPY MILE;1
Iwatsuki;862;SUMMER SCARFACE;1
Tanza;981;WOLVES DESIRE;1
Satna;652;PAJAMA JAWBREAKER;1
Amersfoort;653;PANIC CLUB;1
Sivas;203;DAISY MENAGERIE;1
Robamba;489;JUGGLER HARDLY;1
Dongying;780;SENSIBILITY REAR;1
Vilnius;875;TALENTED HOMICIDE;1
Hagonoy;773;SEABISCUIT PUNK;1
Kilis;805;SLEEPLESS MONSOON;1
Nezahualcyotl;233;DISCIPLE MOTHER;1
Yangor;229;DEVIL DESIRE;1
Sumy;653;PANIC CLUB;1
Tangail;369;GOODFELLAS SALUTE;1
Iligan;906;TRAMP OTHERS;1
Sogamoso;413;HEDWIG ALTER;1
Brockton;537;LOVER TRUMAN;1
Stockport;434;HORROR REIGN;1
Junan;323;FLIGHT LIES;1
Benin City;592;MONSTER SPARTACUS;1
Jaipur;973;WIFE TURN;1
Rae Bareli;479;JEDI BENEATH;1
Goinia;514;LEBOWSKI SOLDIERS;1
Chisinau;772;SEA VIRGIN;1
Fuzhou;509;LANGUAGE COWBOY;1
Junan;51;BALLOON HOMEWARD;1
Shenzhen;776;SECRET GROUNDHOG;1
Rajkot;65;BEHAVIOR RUNAWAY;1
Lausanne;814;SNATCH SLIPPER;1
Bayugan;173;CONFESSIONS MAGUIRE;1
Junan;525;LOATHING LEGALLY;1
Vilnius;199;CUPBOARD SINNERS;1
Haldia;467;INTRIGUE WORST;1
Pereira;199;CUPBOARD SINNERS;1
Daugavpils;373;GRADUATE LORD;1
Gijn;606;MUMMY CREATURES;1
Boa Vista;175;CONFUSED CANDLES;1
Hoshiarpur;499;KING EVOLUTION;1
Saint-Denis;465;INTERVIEW LIAISONS;1
Angra dos Reis;831;SPIRITED CASUALTIES;1
Kimchon;865;SUNRISE LEAGUE;1
Matamoros;555;MALLRATS UNITED;1
Braslia;716;REAP UNFAITHFUL;1
Kansas City;759;SALUTE APOLLO;1
al-Manama;287;ENTRAPMENT SATISFACTION;1
Jaffna;31;APACHE DIVINE;1
Kamarhati;414;HELLFIGHTERS SIERRA;1
Dongying;155;CLEOPATRA DEVIL;1
Sunnyvale;454;IMPACT ALADDIN;1
Ambattur;39;ARMAGEDDON LOST;1
Bag;896;TOOTSIE PILOT;1
Sambhal;319;FISH OPUS;1
Naju;471;ISLAND EXORCIST;1
Sokoto;951;VOYAGE LEGALLY;1
Oulu;558;MANNEQUIN WORST;1
Toulon;891;TIMBERLAND SKY;1
Simferopol;395;HANDICAP BOONDOCK;1
Tiefa;862;SUMMER SCARFACE;1
Jurez;249;DRACULA CRYSTAL;1
Purnea (Purnia);18;ALTER VICTORY;1
Poos de Caldas;982;WOMEN DORADO;1
NDjamna;545;MADNESS ATTACKS;1
Joliet;19;AMADEUS HOLY;1
Salamanca;114;CAMELOT VACATION;1
Monywa;803;SLACKER LIAISONS;1
Bandar Seri Begawan;766;SAVANNAH TOWN;1
Konotop;21;AMERICAN CIRCUS;1
Dayton;748;RUGRATS SHAKESPEARE;1
Myingyan;559;MARRIED GO;1
Loja;247;DOWNHILL ENOUGH;1
Kermanshah;787;SHINING ROSES;1
Shahr-e Kord;586;MOCKINGBIRD HOLLYWOOD;1
Masqat;774;SEARCHERS WAIT;1
Paarl;96;BREAKING HOME;1
Mogiljov;696;PRIDE ALAMO;1
Santa Brbara dOeste;601;MOULIN WAKE;1
Brockton;452;ILLUSION AMELIE;1
Guadalajara;60;BEAST HUNCHBACK;1
Wroclaw;921;UNCUT SUICIDES;1
Graz;445;HYDE DOCTOR;1
Tambaram;906;TRAMP OTHERS;1
Munger (Monghyr);538;LOVERBOY ATTACKS;1
Saarbrcken;163;CLYDE THEORY;1
Bijapur;705;PURPLE MOVIE;1
Kisumu;463;INSTINCT AIRPORT;1
Ambattur;550;MAGUIRE APACHE;1
Cayenne;916;TURN STAR;1
Datong;986;WONKA SEA;1
Barcelona;785;SHAWSHANK BUBBLE;1
Ciomas;253;DRIFTER COMMANDMENTS;1
Cayenne;366;GOLDFINGER SENSIBILITY;1
Tete;846;STING PERSONAL;1
Yinchuan;649;OZ LIAISONS;1
Shimonoseki;614;NAME DETECTIVE;1
Pemalang;867;SUPER WYOMING;1
Kansas City;939;VERTIGO NORTHWEST;1
Santa Brbara dOeste;887;THIEF PELICAN;1
Cabuyao;433;HORN WORKING;1
Kingstown;78;BLACKOUT PRIVATE;1
Taguig;488;JOON NORTHWEST;1
Ciparay;115;CAMPUS REMEMBER;1
Sanaa;204;DALMATIONS SWEDEN;1
Tokat;449;IDENTITY LOVER;1
Kursk;385;GROUNDHOG UNCUT;1
Molodetno;981;WOLVES DESIRE;1
Osmaniye;218;DECEIVER BETRAYED;1
Tanauan;920;UNBREAKABLE KARATE;1
Kimberley;164;COAST RAINBOW;1
Eskisehir;800;SINNERS ATLANTIS;1
Zaria;181;CONTACT ANONYMOUS;1
Miyakonojo;670;PELICAN COMFORTS;1
Tallahassee;561;MASK PEACH;1
Balikesir;286;ENOUGH RAGING;1
Southampton;979;WITCHES PANIC;1
Fontana;64;BEETHOVEN EXORCIST;1
Changhwa;942;VIETNAM SMOOCHY;1
al-Ayn;570;MERMAID INSECTS;1
Weifang;109;BUTTERFLY CHOCOLAT;1
Sterling Heights;376;GRAPES FURY;1
Sokoto;145;CHISUM BEHAVIOR;1
Fengshan;471;ISLAND EXORCIST;1
Crdoba;583;MISSION ZOOLANDER;1
Angra dos Reis;244;DORADO NOTTING;1
Merlo;79;BLADE POLISH;1
Livorno;91;BOUND CHEAPER;1
Kolpino;990;WORLD LEATHERNECKS;1
Kingstown;555;MALLRATS UNITED;1
Nyeri;530;LORD ARIZONA;1
Bilbays;989;WORKING MICROCOSMOS;1
Tama;848;STONE FIRE;1
Pontianak;793;SHRUNK DIVINE;1
Boa Vista;324;FLINTSTONES HAPPINESS;1
Vitria de Santo Anto;131;CENTER DINOSAUR;1
Liaocheng;961;WASH HEAVENLY;1
Kragujevac;931;VALENTINE VANISHING;1
Apeldoorn;429;HONEY TIES;1
Hamilton;37;ARIZONA BANG;1
Addis Abeba;929;USUAL UNTOUCHABLES;1
Katihar;953;WAIT CIDER;1
Zanzibar;797;SILENCE KANE;1
Nantou;213;DATE SPEED;1
Molodetno;719;RECORDS ZORRO;1
Sivas;956;WANDA CHAMBER;1
Bhopal;784;SHANGHAI TYCOON;1
Peoria;258;DRUMS DYNAMITE;1
Simferopol;809;SLIPPER FIDELITY;1
Jaffna;649;OZ LIAISONS;1
Springs;827;SPICE SORORITY;1
Hami;680;PINOCCHIO SIMON;1
Kurashiki;19;AMADEUS HOLY;1
Jakarta;227;DETAILS PACKER;1
Carmen;166;COLOR PHILADELPHIA;1
Rio Claro;986;WONKA SEA;1
Merlo;160;CLUB GRAFFITI;1
Kursk;313;FIDELITY DEVIL;1
Bydgoszcz;418;HOBBIT ALIEN;1
Usolje-Sibirskoje;510;LAWLESS VISION;1
Vaduz;587;MOD SECRETARY;1
Suihua;654;PANKY SUBMARINE;1
Imus;320;FLAMINGOS CONNECTICUT;1
Santa Rosa;861;SUIT WALLS;1
Elista;838;STAGECOACH ARMAGEDDON;1
Arecibo;901;TRACY CIDER;1
Nha Trang;664;PATRIOT ROMAN;1
Ikerre;207;DANGEROUS UPTOWN;1
Paarl;567;MEET CHOCOLATE;1
Leshan;648;OUTLAW HANKY;1
Hsichuh;707;QUEST MUSSOLINI;1
Zanzibar;644;OSCAR GOLD;1
Rizhao;49;BADMAN DAWN;1
Botshabelo;473;JACKET FRISCO;1
Arlington;705;PURPLE MOVIE;1
Nuuk;445;HYDE DOCTOR;1
Valparai;52;BALLROOM MOCKINGBIRD;1
Valparai;384;GROSSE WONDERFUL;1
Celaya;330;FORRESTER COMANCHEROS;1
Qalyub;369;GOODFELLAS SALUTE;1
Asuncin;582;MIRACLE VIRTUAL;1
Cuernavaca;361;GLEAMING JAWBREAKER;1
NDjamna;813;SMOOCHY CONTROL;1
Shubra al-Khayma;54;BANGER PINOCCHIO;1
Ziguinchor;783;SHANE DARKNESS;1
Madiun;56;BAREFOOT MANCHURIAN;1
Xinxiang;486;JET NEIGHBORS;1
Pachuca de Soto;643;ORIENT CLOSER;1
Baha Blanca;632;NUTS TIES;1
Leshan;356;GIANT TROOPERS;1
Aurora;199;CUPBOARD SINNERS;1
Memphis;740;ROLLERCOASTER BRINGING;1
Vitria de Santo Anto;797;SILENCE KANE;1
Valle de Santiago;526;LOCK REAR;1
Deba Habe;129;CAUSE DATE;1
Jalib al-Shuyukh;877;TAXI KICK;1
Changhwa;21;AMERICAN CIRCUS;1
Shanwei;23;ANACONDA CONFESSIONS;1
Daxian;455;IMPOSSIBLE PREJUDICE;1
Vilnius;687;POCUS PULP;1
Johannesburg;370;GORGEOUS BINGO;1
Palghat (Palakkad);655;PANTHER REDS;1
Kirovo-Tepetsk;838;STAGECOACH ARMAGEDDON;1
Vitria de Santo Anto;319;FISH OPUS;1
Mannheim;594;MONTEZUMA COMMAND;1
Kamyin;859;SUGAR WONKA;1
Korolev;25;ANGELS LIFE;1
Luzinia;166;COLOR PHILADELPHIA;1
Johannesburg;89;BORROWERS BEDAZZLED;1
Nam Dinh;391;HALF OUTFIELD;1
Iwakuni;551;MAIDEN HOME;1
Changhwa;832;SPLASH GUMP;1
Callao;383;GROOVE FICTION;1
Adana;581;MINORITY KISS;1
Patiala;305;FATAL HAUNTED;1
Bchar;397;HANKY OCTOBER;1
Liaocheng;808;SLING LUKE;1
Zapopan;873;SWEETHEARTS SUSPECTS;1
Bhilwara;12;ALASKA PHANTOM;1
Donostia-San Sebastin;796;SIERRA DIVIDE;1
Charlotte Amalie;448;IDAHO LOVE;1
Cuautla;859;SUGAR WONKA;1
Omiya;60;BEAST HUNCHBACK;1
Ikerre;985;WONDERLAND CHRISTMAS;1
Jastrzebie-Zdrj;374;GRAFFITI LOVE;1
Soshanguve;380;GREEK EVERYONE;1
Nantou;956;WANDA CHAMBER;1
Kakamigahara;420;HOLES BRANNIGAN;1
Ogbomosho;214;DAUGHTER MADIGAN;1
Bradford;967;WEEKEND PERSONAL;1
Cayenne;186;CRAFT OUTFIELD;1
Baybay;327;FOOL MOCKINGBIRD;1
Ueda;111;CADDYSHACK JEDI;1
Kingstown;609;MUSCLE BRIGHT;1
Garden Grove;399;HAPPINESS UNITED;1
Livorno;494;KARATE MOON;1
Kaliningrad;365;GOLD RIVER;1
Sogamoso;107;BUNCH MINDS;1
Sanya;285;ENGLISH BULWORTH;1
Lubumbashi;115;CAMPUS REMEMBER;1
Salala;395;HANDICAP BOONDOCK;1
Klerksdorp;110;CABIN FLASH;1
Ciomas;699;PRIVATE DROP;1
Garland;724;REMEMBER DIARY;1
Dundee;434;HORROR REIGN;1
Iwaki;621;NETWORK PEAK;1
Uttarpara-Kotrung;996;YOUNG LANGUAGE;1
Binzhou;532;LOSER HUSTLER;1
Matamoros;813;SMOOCHY CONTROL;1
Pjatigorsk;287;ENTRAPMENT SATISFACTION;1
Antofagasta;795;SIEGE MADRE;1
Changzhou;474;JADE BUNCH;1
Mahajanga;283;ENDING CROWDS;1
Callao;611;MUSKETEERS WAIT;1
Purnea (Purnia);591;MONSOON CAUSE;1
Balikesir;760;SAMURAI LION;1
Augusta-Richmond County;512;LEAGUE HELLFIGHTERS;1
Tafuna;313;FIDELITY DEVIL;1
Elista;409;HEARTBREAKERS BRIGHT;1
Meixian;244;DORADO NOTTING;1
Siliguri (Shiliguri);446;HYSTERICAL GRAIL;1
Valparai;266;DYNAMITE TARZAN;1
Rampur;96;BREAKING HOME;1
Okayama;147;CHOCOLAT HARRY;1
Vila Velha;685;PLATOON INSTINCT;1
Uluberia;369;GOODFELLAS SALUTE;1
Tongliao;905;TRAINSPOTTING STRANGERS;1
Guaruj;679;PILOT HOOSIERS;1
Brindisi;301;FAMILY SWEET;1
guas Lindas de Gois;573;MICROCOSMOS PARADISE;1
Sivas;345;GABLES METROPOLIS;1
Osmaniye;449;IDENTITY LOVER;1
Kragujevac;857;STRICTLY SCARFACE;1
Tychy;440;HUNGER ROOF;1
Peoria;437;HOUSE DYNAMITE;1
Touliu;12;ALASKA PHANTOM;1
Ibirit;99;BRINGING HYSTERICAL;1
Monclova;261;DUFFEL APOCALYPSE;1
Batna;664;PATRIOT ROMAN;1
Salala;711;RAGING AIRPLANE;1
Ilorin;398;HANOVER GALAXY;1
Qomsheh;527;LOLA AGENT;1
Iwatsuki;888;THIN SAGEBRUSH;1
Mukateve;899;TOWERS HURRICANE;1
Sorocaba;889;TIES HUNGER;1
Charlotte Amalie;164;COAST RAINBOW;1
Sincelejo;891;TIMBERLAND SKY;1
Kirovo-Tepetsk;515;LEGALLY SECRETARY;1
Moscow;200;CURTAIN VIDEOTAPE;1
Santa F;319;FISH OPUS;1
Purwakarta;103;BUCKET BROTHERHOOD;1
Shaoguan;330;FORRESTER COMANCHEROS;1
Ede;445;HYDE DOCTOR;1
Usolje-Sibirskoje;976;WIND PHANTOM;1
Ueda;621;NETWORK PEAK;1
Tanauan;293;EXORCIST STING;1
Lima;383;GROOVE FICTION;1
Ife;378;GREATEST NORTH;1
Iwakuni;937;VARSITY TRIP;1
Katihar;843;STEEL SANTA;1
Kaduna;778;SECRETS PARADISE;1
al-Ayn;599;MOTHER OLEANDER;1
Mwanza;865;SUNRISE LEAGUE;1
Tuguegarao;294;EXPECATIONS NATURAL;1
Goinia;843;STEEL SANTA;1
Nantou;12;ALASKA PHANTOM;1
Ondo;852;STRANGELOVE DESIRE;1
Cape Coral;456;INCH JET;1
Inegl;923;UNFAITHFUL KILL;1
Kakamigahara;479;JEDI BENEATH;1
Pak Kret;589;MODERN DORADO;1
Brockton;447;ICE CROSSING;1
Cavite;22;AMISTAD MIDSUMMER;1
Bilbays;286;ENOUGH RAGING;1
Miyakonojo;786;SHEPHERD MIDSUMMER;1
Allappuzha (Alleppey);681;PIRATES ROXANNE;1
Zhoushan;679;PILOT HOOSIERS;1
Pereira;762;SASSY PACKER;1
Adana;80;BLANKET BEVERLY;1
Novoterkassk;756;SADDLE ANTITRUST;1
Xinxiang;493;KANE EXORCIST;1
Manchester;725;REQUIEM TYCOON;1
Tangail;96;BREAKING HOME;1
Southampton;807;SLEUTH ORIENT;1
Jinzhou;685;PLATOON INSTINCT;1
Bandar Seri Begawan;552;MAJESTIC FLOATS;1
Pavlodar;270;EARTH VISION;1
Qinhuangdao;747;ROXANNE REBEL;1
Iligan;811;SMILE EARRING;1
Roanoke;879;TELEGRAPH VOYAGE;1
Yuncheng;698;PRINCESS GIANT;1
Idfu;638;OPERATION OPERATION;1
Touliu;825;SPEAKEASY DATE;1
Cavite;735;ROBBERS JOON;1
Yuzhou;596;MOONSHINE CABIN;1
Usak;751;RUNAWAY TENENBAUMS;1
Lilongwe;312;FIDDLER LOST;1
Iligan;972;WHISPERER GIANT;1
Pathankot;771;SCORPION APOLLO;1
Nagareyama;274;EGG IGBY;1
Beira;452;ILLUSION AMELIE;1
Newcastle;74;BIRCH ANTITRUST;1
Dhule (Dhulia);418;HOBBIT ALIEN;1
Hagonoy;539;LUCK OPUS;1
Vijayawada;69;BEVERLY OUTLAW;1
Davao;865;SUNRISE LEAGUE;1
Kingstown;275;EGYPT TENENBAUMS;1
Salala;147;CHOCOLAT HARRY;1
Lima;100;BROOKLYN DESERT;1
Brescia;496;KICK SAVANNAH;1
Juazeiro do Norte;59;BEAR GRACELAND;1
Juazeiro do Norte;15;ALIEN CENTER;1
Balikesir;841;STAR OPERATION;1
Bergamo;806;SLEEPY JAPANESE;1
Tete;142;CHICKEN HELLFIGHTERS;1
Smolensk;424;HOLOCAUST HIGHBALL;1
Escobar;464;INTENTIONS EMPIRE;1
Onomichi;247;DOWNHILL ENOUGH;1
Patras;843;STEEL SANTA;1
Nagaon;239;DOGMA FAMILY;1
Shimonoseki;414;HELLFIGHTERS SIERRA;1
Tianjin;89;BORROWERS BEDAZZLED;1
Charlotte Amalie;119;CAPER MOTIONS;1
Bislig;114;CAMELOT VACATION;1
Battambang;457;INDEPENDENCE HOTEL;1
London;138;CHARIOTS CONSPIRACY;1
Quilmes;231;DINOSAUR SECRETARY;1
Jhansi;973;WIFE TURN;1
Eskisehir;875;TALENTED HOMICIDE;1
Tabriz;242;DOOM DANCING;1
Beira;587;MOD SECRETARY;1
Anpolis;20;AMELIE HELLFIGHTERS;1
San Miguel de Tucumn;601;MOULIN WAKE;1
Tsuyama;792;SHREK LICENSE;1
Jalib al-Shuyukh;197;CRUSADE HONEY;1
Bilbays;220;DEER VIRGINIAN;1
Simferopol;775;SEATTLE EXPECATIONS;1
Lhokseumawe;471;ISLAND EXORCIST;1
Ikerre;1000;ZORRO ARK;1
San Felipe del Progreso;895;TOMORROW HUSTLER;1
Jastrzebie-Zdrj;582;MIRACLE VIRTUAL;1
Shikarpur;830;SPIRIT FLINTSTONES;1
Mogiljov;474;JADE BUNCH;1
Huejutla de Reyes;660;PARTY KNOCK;1
Matsue;301;FAMILY SWEET;1
Sucre;489;JUGGLER HARDLY;1
Chapra;756;SADDLE ANTITRUST;1
Salzburg;970;WESTWARD SEABISCUIT;1
Coacalco de Berriozbal;280;EMPIRE MALKOVICH;1
Sultanbeyli;212;DARN FORRESTER;1
Allende;98;BRIGHT ENCOUNTERS;1
Molodetno;757;SAGEBRUSH CLUELESS;1
Ashqelon;731;RIGHT CRANES;1
Maring;26;ANNIE IDENTITY;1
Zalantun;845;STEPMOM DREAM;1
Bhimavaram;433;HORN WORKING;1
Yamuna Nagar;303;FANTASY TROOPERS;1
Athenai;621;NETWORK PEAK;1
Katihar;342;FUGITIVE MAGUIRE;1
La Romana;672;PERFECT GROOVE;1
Cayenne;946;VIRTUAL SPOILERS;1
Siliguri (Shiliguri);738;ROCKETEER MOTHER;1
Lilongwe;322;FLATLINERS KILLER;1
Peoria;772;SEA VIRGIN;1
Satna;167;COMA HEAD;1
Matamoros;149;CHRISTMAS MOONSHINE;1
Buenaventura;136;CHAPLIN LICENSE;1
Nanyang;987;WORDS HUNTER;1
Gijn;442;HUNTING MUSKETEERS;1
Pereira;202;DADDY PITTSBURGH;1
Caracas;329;FORREST SONS;1
Shivapuri;371;GOSFORD DONNIE;1
Mwanza;811;SMILE EARRING;1
Sal;443;HURRICANE AFFAIR;1
Joliet;818;SOMETHING DUCK;1
Kanchrapara;687;POCUS PULP;1
Kanazawa;648;OUTLAW HANKY;1
Ponce;506;LADY STAGE;1
Salinas;527;LOLA AGENT;1
Tama;54;BANGER PINOCCHIO;1
Southampton;417;HILLS NEIGHBORS;1
Kaduna;611;MUSKETEERS WAIT;1
Shenzhen;370;GORGEOUS BINGO;1
Satna;755;SABRINA MIDNIGHT;1
Rampur;83;BLUES INSTINCT;1
Weifang;471;ISLAND EXORCIST;1
Greensboro;668;PEAK FOREVER;1
Omdurman;556;MALTESE HOPE;1
Mosul;981;WOLVES DESIRE;1
Apeldoorn;596;MOONSHINE CABIN;1
Valencia;10;ALADDIN CALENDAR;1
Braslia;305;FATAL HAUNTED;1
Shubra al-Khayma;19;AMADEUS HOLY;1
Salinas;644;OSCAR GOLD;1
San Felipe del Progreso;709;RACER EGG;1
Chandrapur;844;STEERS ARMAGEDDON;1
Shubra al-Khayma;929;USUAL UNTOUCHABLES;1
Chandrapur;835;SPY MILE;1
Shimonoseki;295;EXPENDABLE STALLION;1
Meixian;18;ALTER VICTORY;1
Novi Sad;835;SPY MILE;1
Xinxiang;976;WIND PHANTOM;1
Sucre;1;ACADEMY DINOSAUR;1
Huixquilucan;805;SLEEPLESS MONSOON;1
Alvorada;55;BARBARELLA STREETCAR;1
Sal;519;LIBERTY MAGNIFICENT;1
Sanya;15;ALIEN CENTER;1
Changhwa;305;FATAL HAUNTED;1
Sincelejo;676;PHILADELPHIA WIFE;1
Laiwu;681;PIRATES ROXANNE;1
Zeleznogorsk;447;ICE CROSSING;1
Nabereznyje Telny;925;UNITED PILOT;1
Bat Yam;515;LEGALLY SECRETARY;1
Sasebo;204;DALMATIONS SWEDEN;1
Caracas;23;ANACONDA CONFESSIONS;1
Po;922;UNDEFEATED DALMATIONS;1
Rockford;474;JADE BUNCH;1
Bamenda;426;HOME PITY;1
Jodhpur;290;EVERYONE CRAFT;1
Pereira;946;VIRTUAL SPOILERS;1
Songkhla;257;DRUMLINE CYCLONE;1
Augusta-Richmond County;575;MIDSUMMER GROUNDHOG;1
Sunnyvale;833;SPLENDOR PATTON;1
Soshanguve;723;REIGN GENTLEMEN;1
Sincelejo;542;LUST LOCK;1
Binzhou;54;BANGER PINOCCHIO;1
Atinsk;820;SONS INTERVIEW;1
Yinchuan;850;STORY SIDE;1
Nam Dinh;879;TELEGRAPH VOYAGE;1
Salala;179;CONQUERER NUTS;1
Aurora;375;GRAIL FRANKENSTEIN;1
Richmond Hill;476;JASON TRAP;1
Sterling Heights;403;HARRY IDAHO;1
Beira;920;UNBREAKABLE KARATE;1
Abu Dhabi;717;REAR TRADING;1
Varanasi (Benares);85;BONNIE HOLOCAUST;1
Maracabo;395;HANDICAP BOONDOCK;1
Belm;293;EXORCIST STING;1
A Corua (La Corua);119;CAPER MOTIONS;1
Cam Ranh;106;BULWORTH COMMANDMENTS;1
Uluberia;417;HILLS NEIGHBORS;1
Southampton;191;CROOKED FROGMEN;1
al-Manama;147;CHOCOLAT HARRY;1
Arecibo;25;ANGELS LIFE;1
Beni-Mellal;104;BUGSY SONG;1
Jinchang;966;WEDDING APOLLO;1
Torren;683;PITY BOUND;1
Shivapuri;548;MAGNIFICENT CHITTY;1
Shenzhen;59;BEAR GRACELAND;1
Brockton;149;CHRISTMAS MOONSHINE;1
Adana;124;CASPER DRAGONFLY;1
Myingyan;676;PHILADELPHIA WIFE;1
Graz;123;CASABLANCA SUPER;1
Rizhao;504;KWAI HOMEWARD;1
Manchester;989;WORKING MICROCOSMOS;1
Yuncheng;938;VELVET TERMINATOR;1
s-Hertogenbosch;289;EVE RESURRECTION;1
Miyakonojo;172;CONEHEADS SMOOCHY;1
Citrus Heights;646;OUTBREAK DIVINE;1
Xintai;24;ANALYZE HOOSIERS;1
Tanza;383;GROOVE FICTION;1
Brindisi;914;TROUBLE DATE;1
Caracas;531;LOSE INCH;1
Ilorin;749;RULES HUMAN;1
Liaocheng;925;UNITED PILOT;1
Tanauan;340;FRONTIER CABIN;1
Qalyub;245;DOUBLE WRATH;1
al-Qadarif;338;FRISCO FORREST;1
Bchar;59;BEAR GRACELAND;1
Tieli;437;HOUSE DYNAMITE;1
Emeishan;15;ALIEN CENTER;1
Cabuyao;395;HANDICAP BOONDOCK;1
Ikerre;873;SWEETHEARTS SUSPECTS;1
Boa Vista;379;GREEDY ROOTS;1
Hidalgo;681;PIRATES ROXANNE;1
Daugavpils;408;HEAD STRANGER;1
Nha Trang;118;CANYON STOCK;1
NDjamna;92;BOWFINGER GABLES;1
Santa Rosa;414;HELLFIGHTERS SIERRA;1
Ruse;214;DAUGHTER MADIGAN;1
Florencia;912;TROJAN TOMORROW;1
York;292;EXCITEMENT EVE;1
Jamalpur;131;CENTER DINOSAUR;1
Tieli;818;SOMETHING DUCK;1
Skikda;545;MADNESS ATTACKS;1
Hohhot;415;HIGH ENCINO;1
Omdurman;665;PATTON INTERVIEW;1
Belm;137;CHARADE DUFFEL;1
Duisburg;60;BEAST HUNCHBACK;1
Etawah;313;FIDELITY DEVIL;1
Bhusawal;214;DAUGHTER MADIGAN;1
Xiangfan;966;WEDDING APOLLO;1
Dayton;597;MOONWALKER FOOL;1
Fukuyama;349;GANGS PRIDE;1
Valencia;572;METROPOLIS COMA;1
Daxian;162;CLUELESS BUCKET;1
Mwene-Ditu;929;USUAL UNTOUCHABLES;1
Rae Bareli;385;GROUNDHOG UNCUT;1
Denizli;409;HEARTBREAKERS BRIGHT;1
Beira;457;INDEPENDENCE HOTEL;1
Changzhou;926;UNTOUCHABLES SUNRISE;1
Nuuk;80;BLANKET BEVERLY;1
Bat Yam;680;PINOCCHIO SIMON;1
Kitwe;548;MAGNIFICENT CHITTY;1
Novoterkassk;58;BEACH HEARTBREAKERS;1
Miyakonojo;619;NEIGHBORS CHARADE;1
Tarsus;167;COMA HEAD;1
Kamakura;665;PATTON INTERVIEW;1
Crdoba;778;SECRETS PARADISE;1
Benin City;871;SWEDEN SHINING;1
Araatuba;664;PATRIOT ROMAN;1
Salamanca;572;METROPOLIS COMA;1
Salzburg;931;VALENTINE VANISHING;1
Mannheim;791;SHOW LORD;1
Southport;755;SABRINA MIDNIGHT;1
Zeleznogorsk;1000;ZORRO ARK;1
Baha Blanca;555;MALLRATS UNITED;1
Kirovo-Tepetsk;142;CHICKEN HELLFIGHTERS;1
Liepaja;319;FISH OPUS;1
Laiwu;655;PANTHER REDS;1
Kursk;604;MULAN MOON;1
Witten;249;DRACULA CRYSTAL;1
Sivas;651;PACKER MADIGAN;1
Lapu-Lapu;59;BEAR GRACELAND;1
Urawa;210;DARKO DORADO;1
Miraj;387;GUN BONNIE;1
San Juan Bautista Tuxtepec;307;FELLOWSHIP AUTUMN;1
Simferopol;49;BADMAN DAWN;1
Garden Grove;891;TIMBERLAND SKY;1
Aden;474;JADE BUNCH;1
Etawah;372;GRACELAND DYNAMITE;1
Nanyang;317;FIREBALL PHILADELPHIA;1
Linz;89;BORROWERS BEDAZZLED;1
Tuguegarao;204;DALMATIONS SWEDEN;1
Merlo;151;CINCINATTI WHISPERER;1
Esfahan;972;WHISPERER GIANT;1
Bijapur;350;GARDEN ISLAND;1
Sucre;119;CAPER MOTIONS;1
Ljubertsy;288;ESCAPE METROPOLIS;1
Santo Andr;101;BROTHERHOOD BLANKET;1
Wroclaw;987;WORDS HUNTER;1
Tambaram;529;LONELY ELEPHANT;1
Jalib al-Shuyukh;396;HANGING DEEP;1
Okara;914;TROUBLE DATE;1
Mandi Bahauddin;452;ILLUSION AMELIE;1
Qomsheh;724;REMEMBER DIARY;1
Santa Brbara dOeste;174;CONFIDENTIAL INTERVIEW;1
Richmond Hill;791;SHOW LORD;1
Florencia;703;PUNK DIVORCE;1
Akron;940;VICTORY ACADEMY;1
Gorontalo;121;CAROL TEXAS;1
Ozamis;470;ISHTAR ROCKETEER;1
Shivapuri;382;GRIT CLOCKWORK;1
Tabriz;154;CLASH FREDDY;1
Najafabad;922;UNDEFEATED DALMATIONS;1
Maracabo;591;MONSOON CAUSE;1
Qalyub;79;BLADE POLISH;1
Po;545;MADNESS ATTACKS;1
Fukuyama;972;WHISPERER GIANT;1
Yingkou;522;LIFE TWISTED;1
Grand Prairie;951;VOYAGE LEGALLY;1
Halle/Saale;936;VANISHING ROCKY;1
Vitria de Santo Anto;852;STRANGELOVE DESIRE;1
Springs;545;MADNESS ATTACKS;1
Quilmes;6;AGENT TRUMAN;1
Denizli;568;MEMENTO ZOOLANDER;1
Juiz de Fora;473;JACKET FRISCO;1
Daxian;785;SHAWSHANK BUBBLE;1
Tonghae;608;MURDER ANTITRUST;1
Bilbays;460;INNOCENT USUAL;1
Ashdod;925;UNITED PILOT;1
Stara Zagora;595;MOON BUNCH;1
Iwatsuki;465;INTERVIEW LIAISONS;1
Pemalang;535;LOVE SUICIDES;1
al-Ayn;637;OPEN AFRICAN;1
Oulu;213;DATE SPEED;1
Arak;19;AMADEUS HOLY;1
Fuyu;449;IDENTITY LOVER;1
Papeete;628;NORTHWEST POLISH;1
Bilbays;593;MONTEREY LABYRINTH;1
Kabul;432;HOPE TOOTSIE;1
Bamenda;8;AIRPORT POLLOCK;1
Garland;499;KING EVOLUTION;1
Bhusawal;984;WONDERFUL DROP;1
Huixquilucan;468;INVASION CYCLONE;1
Boksburg;704;PURE RUNNER;1
Lungtan;958;WARDROBE PHANTOM;1
Udine;736;ROBBERY BRIGHT;1
Sultanbeyli;590;MONEY HAROLD;1
Bchar;281;ENCINO ELF;1
Rae Bareli;520;LICENSE WEEKEND;1
San Felipe de Puerto Plata;380;GREEK EVERYONE;1
La Romana;641;ORANGE GRAPES;1
Pune;367;GOLDMINE TYCOON;1
Mysore;305;FATAL HAUNTED;1
ostka;828;SPIKING ELEMENT;1
Rampur;868;SUPERFLY TRIP;1
Quilmes;512;LEAGUE HELLFIGHTERS;1
Nantou;68;BETRAYED REAR;1
Beira;465;INTERVIEW LIAISONS;1
Pontianak;245;DOUBLE WRATH;1
Yinchuan;873;SWEETHEARTS SUSPECTS;1
Guaruj;804;SLEEPING SUSPECTS;1
Etawah;895;TOMORROW HUSTLER;1
Niznekamsk;12;ALASKA PHANTOM;1
Alvorada;444;HUSTLER PARTY;1
Cavite;7;AIRPLANE SIERRA;1
Zhezqazghan;427;HOMEWARD CIDER;1
Molodetno;159;CLOSER BANG;1
Sungai Petani;628;NORTHWEST POLISH;1
Etawah;285;ENGLISH BULWORTH;1
Springs;886;THEORY MERMAID;1
Shaoguan;875;TALENTED HOMICIDE;1
Huixquilucan;288;ESCAPE METROPOLIS;1
Faaa;254;DRIVER ANNIE;1
Ezeiza;704;PURE RUNNER;1
Touliu;496;KICK SAVANNAH;1
Lilongwe;898;TOURIST PELICAN;1
Sanaa;755;SABRINA MIDNIGHT;1
Higashiosaka;378;GREATEST NORTH;1
Isesaki;551;MAIDEN HOME;1
Changzhou;827;SPICE SORORITY;1
Yamuna Nagar;818;SOMETHING DUCK;1
Teboksary;141;CHICAGO NORTH;1
Kursk;227;DETAILS PACKER;1
Elista;252;DREAM PICKUP;1
Southampton;350;GARDEN ISLAND;1
London;992;WRATH MILE;1
Syrakusa;691;POSEIDON FOREVER;1
Usak;922;UNDEFEATED DALMATIONS;1
Dayton;881;TEMPLE ATTRACTION;1
Cianjur;185;COWBOY DOOM;1
Kansas City;305;FATAL HAUNTED;1
Callao;595;MOON BUNCH;1
Santiago de Compostela;97;BRIDE INTRIGUE;1
Maikop;377;GREASE YOUTH;1
San Lorenzo;749;RULES HUMAN;1
Torren;324;FLINTSTONES HAPPINESS;1
La Paz;100;BROOKLYN DESERT;1
Ueda;352;GATHERING CALENDAR;1
Yuzhou;11;ALAMO VIDEOTAPE;1
Duisburg;707;QUEST MUSSOLINI;1
Shaoguan;282;ENCOUNTERS CURTAIN;1
Mardan;492;JUNGLE CLOSER;1
Qomsheh;967;WEEKEND PERSONAL;1
Baiyin;121;CAROL TEXAS;1
Rio Claro;816;SNOWMAN ROLLERCOASTER;1
Kuwana;461;INSECTS STONE;1
Hino;753;RUSH GOODFELLAS;1
Okara;991;WORST BANGER;1
Parbhani;516;LEGEND JEDI;1
Ilorin;995;YENTL IDAHO;1
Grand Prairie;471;ISLAND EXORCIST;1
Tangail;698;PRINCESS GIANT;1
Sultanbeyli;762;SASSY PACKER;1
Quilmes;323;FLIGHT LIES;1
Coquimbo;655;PANTHER REDS;1
Santo Andr;618;NECKLACE OUTBREAK;1
Athenai;995;YENTL IDAHO;1
Huixquilucan;61;BEAUTY GREASE;1
Abu Dhabi;367;GOLDMINE TYCOON;1
Springs;428;HOMICIDE PEACH;1
al-Manama;791;SHOW LORD;1
Tanza;245;DOUBLE WRATH;1
Cape Coral;263;DURHAM PANKY;1
Zaria;925;UNITED PILOT;1
Nam Dinh;504;KWAI HOMEWARD;1
Chiayi;465;INTERVIEW LIAISONS;1
Nantou;568;MEMENTO ZOOLANDER;1
Kilis;437;HOUSE DYNAMITE;1
Xinxiang;458;INDIAN LOVE;1
Skikda;704;PURE RUNNER;1
Maikop;548;MAGNIFICENT CHITTY;1
Namibe;993;WRONG BEHAVIOR;1
Southend-on-Sea;45;ATTRACTION NEWTON;1
Emmen;336;FRENCH HOLIDAY;1
South Hill;540;LUCKY FLYING;1
Nakhon Sawan;513;LEATHERNECKS DWARFS;1
Newcastle;563;MASSACRE USUAL;1
Iwatsuki;247;DOWNHILL ENOUGH;1
Halle/Saale;989;WORKING MICROCOSMOS;1
Jakarta;202;DADDY PITTSBURGH;1
Cianjur;428;HOMICIDE PEACH;1
Bchar;344;FURY MURDER;1
Dongying;988;WORKER TARZAN;1
Cianjur;86;BOOGIE AMELIE;1
Maracabo;273;EFFECT GLADIATOR;1
Shimoga;852;STRANGELOVE DESIRE;1
Ikerre;188;CRAZY HOME;1
Arecibo;17;ALONE TRIP;1
Sogamoso;334;FREDDY STORM;1
Kurashiki;746;ROUGE SQUAD;1
Okinawa;921;UNCUT SUICIDES;1
La Plata;430;HOOK CHARIOTS;1
Baku;222;DESERT POSEIDON;1
Battambang;853;STRANGER STRANGERS;1
Valencia;287;ENTRAPMENT SATISFACTION;1
Bergamo;368;GONE TROUBLE;1
Juiz de Fora;402;HARPER DYING;1
Iligan;302;FANTASIA PARK;1
Klerksdorp;714;RANDOM GO;1
Simferopol;501;KISSING DOLLS;1
Najafabad;774;SEARCHERS WAIT;1
Nakhon Sawan;647;OUTFIELD MASSACRE;1
Gijn;870;SWARM GOLD;1
Emeishan;507;LADYBUGS ARMAGEDDON;1
Junan;746;ROUGE SQUAD;1
Aurora;715;RANGE MOONWALKER;1
Monywa;677;PIANIST OUTFIELD;1
Compton;271;EASY GLADIATOR;1
Adana;1000;ZORRO ARK;1
Udaipur;73;BINGO TALENTED;1
Denizli;61;BEAUTY GREASE;1
s-Hertogenbosch;347;GAMES BOWFINGER;1
Duisburg;803;SLACKER LIAISONS;1
Purnea (Purnia);344;FURY MURDER;1
Ogbomosho;583;MISSION ZOOLANDER;1
Nagareyama;266;DYNAMITE TARZAN;1
Bucuresti;505;LABYRINTH LEAGUE;1
Bratislava;166;COLOR PHILADELPHIA;1
Kuching;784;SHANGHAI TYCOON;1
Kimberley;31;APACHE DIVINE;1
Dongying;443;HURRICANE AFFAIR;1
Ocumare del Tuy;267;EAGLES PANKY;1
Zalantun;622;NEWSIES STORY;1
Mysore;891;TIMBERLAND SKY;1
London;715;RANGE MOONWALKER;1
Esfahan;650;PACIFIC AMISTAD;1
Molodetno;527;LOLA AGENT;1
Chapra;430;HOOK CHARIOTS;1
Kingstown;683;PITY BOUND;1
Ourense (Orense);890;TIGHTS DAWN;1
Kamyin;48;BACKLASH UNDEFEATED;1
Tanauan;132;CHAINSAW UPTOWN;1
Balaiha;474;JADE BUNCH;1
Datong;647;OUTFIELD MASSACRE;1
al-Ayn;634;ODDS BOOGIE;1
Urawa;97;BRIDE INTRIGUE;1
Antofagasta;554;MALKOVICH PET;1
Imus;361;GLEAMING JAWBREAKER;1
Bhusawal;245;DOUBLE WRATH;1
Kakamigahara;306;FEATHERS METAL;1
Lima;813;SMOOCHY CONTROL;1
Jinchang;433;HORN WORKING;1
Haiphong;675;PHANTOM GLORY;1
Uluberia;912;TROJAN TOMORROW;1
Merlo;503;KRAMER CHOCOLATE;1
La Romana;235;DIVIDE MONSTER;1
Yantai;937;VARSITY TRIP;1
Ilorin;812;SMOKING BARBARELLA;1
Tandil;842;STATE WASTELAND;1
Ponce;193;CROSSROADS CASUALTIES;1
Birgunj;533;LOST BIRD;1
al-Manama;113;CALIFORNIA BIRDS;1
Cuernavaca;553;MAKER GABLES;1
Escobar;154;CLASH FREDDY;1
Boksburg;571;METAL ARMAGEDDON;1
Sasebo;929;USUAL UNTOUCHABLES;1
Jaroslavl;951;VOYAGE LEGALLY;1
Arlington;397;HANKY OCTOBER;1
Sungai Petani;907;TRANSLATION SUMMER;1
Araatuba;552;MAJESTIC FLOATS;1
Pak Kret;432;HOPE TOOTSIE;1
Katihar;58;BEACH HEARTBREAKERS;1
Sincelejo;46;AUTUMN CROW;1
Roanoke;285;ENGLISH BULWORTH;1
Santa Rosa;226;DESTINY SATURDAY;1
Acua;466;INTOLERABLE INTENTIONS;1
Eskisehir;99;BRINGING HYSTERICAL;1
Bern;685;PLATOON INSTINCT;1
Ranchi;755;SABRINA MIDNIGHT;1
Hsichuh;608;MURDER ANTITRUST;1
Ashgabat;336;FRENCH HOLIDAY;1
Qalyub;803;SLACKER LIAISONS;1
Yangor;560;MARS ROMAN;1
Gijn;895;TOMORROW HUSTLER;1
Sasebo;766;SAVANNAH TOWN;1
Pak Kret;665;PATTON INTERVIEW;1
Kingstown;408;HEAD STRANGER;1
Inegl;117;CANDLES GRAPES;1
Qomsheh;540;LUCKY FLYING;1
Gulbarga;315;FINDING ANACONDA;1
Baku;436;HOURS RAGE;1
Purwakarta;721;REDS POCUS;1
Mandi Bahauddin;893;TITANS JERK;1
El Monte;210;DARKO DORADO;1
Chiayi;888;THIN SAGEBRUSH;1
Faaa;109;BUTTERFLY CHOCOLAT;1
Mogiljov;962;WASTELAND DIVINE;1
Southampton;710;RAGE GAMES;1
Ilorin;226;DESTINY SATURDAY;1
Ondo;948;VOICE PEACH;1
Gijn;327;FOOL MOCKINGBIRD;1
Deba Habe;516;LEGEND JEDI;1
Tanza;852;STRANGELOVE DESIRE;1
Nha Trang;286;ENOUGH RAGING;1
Tychy;941;VIDEOTAPE ARSENIC;1
Bhimavaram;305;FATAL HAUNTED;1
Pavlodar;199;CUPBOARD SINNERS;1
Arecibo;22;AMISTAD MIDSUMMER;1
Uruapan;421;HOLIDAY GAMES;1
Cape Coral;415;HIGH ENCINO;1
York;747;ROXANNE REBEL;1
Nantou;18;ALTER VICTORY;1
Iwatsuki;970;WESTWARD SEABISCUIT;1
El Fuerte;800;SINNERS ATLANTIS;1
Leshan;437;HOUSE DYNAMITE;1
Funafuti;174;CONFIDENTIAL INTERVIEW;1
Xinxiang;715;RANGE MOONWALKER;1
Bergamo;237;DIVORCE SHINING;1
Sawhaj;797;SILENCE KANE;1
Ambattur;483;JERICHO MULAN;1
Jos Azueta;496;KICK SAVANNAH;1
Maikop;683;PITY BOUND;1
Karnal;689;POLLOCK DELIVERANCE;1
Sivas;439;HUNCHBACK IMPOSSIBLE;1
Grand Prairie;438;HUMAN GRAFFITI;1
Hanoi;663;PATIENT SISTER;1
Shubra al-Khayma;895;TOMORROW HUSTLER;1
Effon-Alaiye;486;JET NEIGHBORS;1
Vancouver;353;GENTLEMEN STAGE;1
Klerksdorp;863;SUN CONFESSIONS;1
Aparecida de Goinia;394;HAMLET WISDOM;1
Bayugan;21;AMERICAN CIRCUS;1
Sorocaba;529;LONELY ELEPHANT;1
Kamyin;735;ROBBERS JOON;1
Bhusawal;888;THIN SAGEBRUSH;1
Amersfoort;969;WEST LION;1
Baiyin;271;EASY GLADIATOR;1
Adoni;459;INFORMER DOUBLE;1
Xinxiang;545;MADNESS ATTACKS;1
San Felipe de Puerto Plata;15;ALIEN CENTER;1
Rustenburg;725;REQUIEM TYCOON;1
Sirjan;682;PITTSBURGH HUNCHBACK;1
Merlo;345;GABLES METROPOLIS;1
Sunnyvale;491;JUMPING WRATH;1
Jos Azueta;692;POTLUCK MIXED;1
Syktyvkar;61;BEAUTY GREASE;1
Zhoushan;782;SHAKESPEARE SADDLE;1
Ciparay;189;CREATURES SHAKESPEARE;1
Cayenne;668;PEAK FOREVER;1
San Felipe de Puerto Plata;807;SLEUTH ORIENT;1
Jhansi;478;JAWS HARRY;1
Springs;908;TRAP GUYS;1
Santa Rosa;57;BASIC EASY;1
Tandil;415;HIGH ENCINO;1
Bucuresti;295;EXPENDABLE STALLION;1
Emeishan;778;SECRETS PARADISE;1
Usak;381;GRINCH MASSAGE;1
Lancaster;61;BEAUTY GREASE;1
Bilbays;870;SWARM GOLD;1
Juiz de Fora;570;MERMAID INSECTS;1
Aden;447;ICE CROSSING;1
Koriyama;535;LOVE SUICIDES;1
Graz;464;INTENTIONS EMPIRE;1
Amroha;793;SHRUNK DIVINE;1
Bayugan;898;TOURIST PELICAN;1
Lubumbashi;641;ORANGE GRAPES;1
Talavera;789;SHOCK CABIN;1
Gingoog;660;PARTY KNOCK;1
Le Mans;388;GUNFIGHT MOON;1
Sumqayit;632;NUTS TIES;1
Plock;957;WAR NOTTING;1
Chisinau;509;LANGUAGE COWBOY;1
Ljubertsy;764;SATURDAY LAMBS;1
Bchar;750;RUN PACIFIC;1
Maring;655;PANTHER REDS;1
Dallas;39;ARMAGEDDON LOST;1
Cuautla;105;BULL SHAWSHANK;1
Imus;21;AMERICAN CIRCUS;1
Antofagasta;308;FERRIS MOTHER;1
Kursk;922;UNDEFEATED DALMATIONS;1
Hunuco;879;TELEGRAPH VOYAGE;1
Goinia;521;LIES TREATMENT;1
Monclova;382;GRIT CLOCKWORK;1
Taizz;153;CITIZEN SHREK;1
Chisinau;487;JINGLE SAGEBRUSH;1
Akron;166;COLOR PHILADELPHIA;1
Probolinggo;911;TRIP NEWTON;1
Smolensk;656;PAPI NECKLACE;1
Jedda;748;RUGRATS SHAKESPEARE;1
Ciomas;68;BETRAYED REAR;1
Novi Sad;416;HIGHBALL POTTER;1
Alvorada;882;TENENBAUMS COMMAND;1
Sagamihara;304;FARGO GANDHI;1
Fuyu;360;GLASS DYING;1
Novoterkassk;163;CLYDE THEORY;1
Mysore;920;UNBREAKABLE KARATE;1
Sagamihara;626;NOON PAPI;1
Pontianak;840;STAMPEDE DISTURBING;1
Pemalang;324;FLINTSTONES HAPPINESS;1
Apeldoorn;421;HOLIDAY GAMES;1
Ife;266;DYNAMITE TARZAN;1
Tabuk;59;BEAR GRACELAND;1
Dhule (Dhulia);61;BEAUTY GREASE;1
Syktyvkar;592;MONSTER SPARTACUS;1
Hiroshima;551;MAIDEN HOME;1
Salinas;821;SORORITY QUEEN;1
Dhaka;218;DECEIVER BETRAYED;1
Balikesir;557;MANCHURIAN CURTAIN;1
Guaruj;102;BUBBLE GROSSE;1
NDjamna;17;ALONE TRIP;1
Sincelejo;17;ALONE TRIP;1
Aurora;389;GUNFIGHTER MUSSOLINI;1
Deba Habe;858;SUBMARINE BED;1
Korolev;489;JUGGLER HARDLY;1
Zhezqazghan;27;ANONYMOUS HUMAN;1
Jhansi;358;GILMORE BOILED;1
Kermanshah;534;LOUISIANA HARRY;1
Cuautla;590;MONEY HAROLD;1
Vicente Lpez;123;CASABLANCA SUPER;1
Olomouc;919;TYCOON GATHERING;1
Witten;272;EDGE KISSING;1
Uijongbu;891;TIMBERLAND SKY;1
Sambhal;540;LUCKY FLYING;1
Sincelejo;720;REDEMPTION COMFORTS;1
Sokoto;247;DOWNHILL ENOUGH;1
Santiago de los Caballeros;119;CAPER MOTIONS;1
Zhoushan;702;PULP BEVERLY;1
Monclova;993;WRONG BEHAVIOR;1
Xiangfan;191;CROOKED FROGMEN;1
El Fuerte;69;BEVERLY OUTLAW;1
Valle de Santiago;606;MUMMY CREATURES;1
Rae Bareli;911;TRIP NEWTON;1
Goinia;845;STEPMOM DREAM;1
Satna;157;CLOCKWORK PARADISE;1
Matsue;898;TOURIST PELICAN;1
Tel Aviv-Jaffa;751;RUNAWAY TENENBAUMS;1
Bijapur;174;CONFIDENTIAL INTERVIEW;1
Ciparay;264;DWARFS ALTER;1
Ahmadnagar;407;HAWK CHILL;1
La Plata;19;AMADEUS HOLY;1
Monywa;852;STRANGELOVE DESIRE;1
al-Qatif;986;WONKA SEA;1
Beira;49;BADMAN DAWN;1
Tanza;566;MAUDE MOD;1
Jaroslavl;541;LUKE MUMMY;1
Charlotte Amalie;702;PULP BEVERLY;1
Kimberley;893;TITANS JERK;1
Avellaneda;794;SIDE ARK;1
Okinawa;436;HOURS RAGE;1
Bhilwara;59;BEAR GRACELAND;1
Bhusawal;743;ROOM ROMAN;1
Abha;619;NEIGHBORS CHARADE;1
Bchar;760;SAMURAI LION;1
Laiwu;673;PERSONAL LADYBUGS;1
Omdurman;845;STEPMOM DREAM;1
Saint-Denis;815;SNATCHERS MONTEZUMA;1
Gaziantep;595;MOON BUNCH;1
Palghat (Palakkad);660;PARTY KNOCK;1
Idfu;988;WORKER TARZAN;1
Loja;453;IMAGE PRINCESS;1
Le Mans;777;SECRETARY ROUGE;1
Nador;443;HURRICANE AFFAIR;1
Ocumare del Tuy;597;MOONWALKER FOOL;1
Nyeri;783;SHANE DARKNESS;1
Uijongbu;59;BEAR GRACELAND;1
Vilnius;174;CONFIDENTIAL INTERVIEW;1
Sokoto;265;DYING MAKER;1
Sterling Heights;145;CHISUM BEHAVIOR;1
Tuguegarao;983;WON DARES;1
Lima;575;MIDSUMMER GROUNDHOG;1
Kragujevac;615;NASH CHOCOLAT;1
Zapopan;843;STEEL SANTA;1
Vila Velha;507;LADYBUGS ARMAGEDDON;1
So Bernardo do Campo;692;POTLUCK MIXED;1
Stara Zagora;937;VARSITY TRIP;1
Munger (Monghyr);608;MURDER ANTITRUST;1
Stara Zagora;216;DAY UNFAITHFUL;1
Naju;990;WORLD LEATHERNECKS;1
Liaocheng;491;JUMPING WRATH;1
NDjamna;728;REUNION WITCHES;1
Mwanza;406;HAUNTING PIANIST;1
Arak;843;STEEL SANTA;1
Ondo;292;EXCITEMENT EVE;1
Apeldoorn;150;CIDER DESIRE;1
Syrakusa;382;GRIT CLOCKWORK;1
Udaipur;872;SWEET BROTHERHOOD;1
Teboksary;494;KARATE MOON;1
Matsue;677;PIANIST OUTFIELD;1
Taizz;173;CONFESSIONS MAGUIRE;1
Jedda;208;DARES PLUTO;1
Battambang;37;ARIZONA BANG;1
Memphis;399;HAPPINESS UNITED;1
Yamuna Nagar;799;SIMON NORTH;1
al-Qatif;374;GRAFFITI LOVE;1
Cuauhtmoc;474;JADE BUNCH;1
Akishima;57;BASIC EASY;1
Purnea (Purnia);894;TOMATOES HELLFIGHTERS;1
Varanasi (Benares);839;STALLION SUNDANCE;1
Meixian;730;RIDGEMONT SUBMARINE;1
Siliguri (Shiliguri);278;ELF MURDER;1
Athenai;854;STRANGERS GRAFFITI;1
Osmaniye;482;JEOPARDY ENCINO;1
London;34;ARABIA DOGMA;1
Pontianak;53;BANG KWAI;1
Yaound;920;UNBREAKABLE KARATE;1
Enshi;700;PRIX UNDEFEATED;1
Pereira;233;DISCIPLE MOTHER;1
Jhansi;5;AFRICAN EGG;1
Xintai;948;VOICE PEACH;1
Manchester;687;POCUS PULP;1
Touliu;569;MENAGERIE RUSHMORE;1
Sanaa;492;JUNGLE CLOSER;1
Almirante Brown;361;GLEAMING JAWBREAKER;1
Etawah;748;RUGRATS SHAKESPEARE;1
Bislig;153;CITIZEN SHREK;1
Chisinau;6;AGENT TRUMAN;1
Sunnyvale;771;SCORPION APOLLO;1
Peoria;406;HAUNTING PIANIST;1
Uijongbu;344;FURY MURDER;1
Haiphong;686;PLUTO OLEANDER;1
Tandil;976;WIND PHANTOM;1
Araatuba;415;HIGH ENCINO;1
Benin City;397;HANKY OCTOBER;1
Myingyan;547;MAGIC MALLRATS;1
Newcastle;389;GUNFIGHTER MUSSOLINI;1
Nador;21;AMERICAN CIRCUS;1
Qinhuangdao;846;STING PERSONAL;1
Shivapuri;590;MONEY HAROLD;1
Ponce;492;JUNGLE CLOSER;1
Dos Quebradas;190;CREEPERS KANE;1
Esfahan;850;STORY SIDE;1
Newcastle;924;UNFORGIVEN ZOOLANDER;1
Lublin;555;MALLRATS UNITED;1
Warren;852;STRANGELOVE DESIRE;1
Phnom Penh;240;DOLLS RAGE;1
Probolinggo;294;EXPECATIONS NATURAL;1
Goinia;771;SCORPION APOLLO;1
Pontianak;730;RIDGEMONT SUBMARINE;1
Batman;99;BRINGING HYSTERICAL;1
San Bernardino;162;CLUELESS BUCKET;1
Changhwa;873;SWEETHEARTS SUSPECTS;1
Basel;46;AUTUMN CROW;1
Ciparay;158;CLONES PINOCCHIO;1
La Plata;457;INDEPENDENCE HOTEL;1
Hodeida;556;MALTESE HOPE;1
Baicheng;789;SHOCK CABIN;1
Gaziantep;235;DIVIDE MONSTER;1
Sunnyvale;858;SUBMARINE BED;1
Brindisi;677;PIANIST OUTFIELD;1
Udaipur;452;ILLUSION AMELIE;1
Balikesir;620;NEMO CAMPUS;1
Kimberley;412;HEAVYWEIGHTS BEAST;1
Karnal;700;PRIX UNDEFEATED;1
Gingoog;186;CRAFT OUTFIELD;1
Balurghat;494;KARATE MOON;1
Binzhou;777;SECRETARY ROUGE;1
Konotop;448;IDAHO LOVE;1
Chungho;379;GREEDY ROOTS;1
Plock;121;CAROL TEXAS;1
Nha Trang;285;ENGLISH BULWORTH;1
Baicheng;222;DESERT POSEIDON;1
Pereira;29;ANTITRUST TOMATOES;1
Nam Dinh;378;GREATEST NORTH;1
Cam Ranh;265;DYING MAKER;1
Zhoushan;173;CONFESSIONS MAGUIRE;1
Caracas;432;HOPE TOOTSIE;1
Kimchon;809;SLIPPER FIDELITY;1
Adoni;668;PEAK FOREVER;1
Sterling Heights;40;ARMY FLINTSTONES;1
Balikesir;49;BADMAN DAWN;1
Cuernavaca;599;MOTHER OLEANDER;1
Fengshan;649;OZ LIAISONS;1
Huejutla de Reyes;711;RAGING AIRPLANE;1
Fontana;637;OPEN AFRICAN;1
Paarl;66;BENEATH RUSH;1
Klerksdorp;215;DAWN POND;1
Oulu;646;OUTBREAK DIVINE;1
Sultanbeyli;530;LORD ARIZONA;1
Barcelona;650;PACIFIC AMISTAD;1
Teboksary;496;KICK SAVANNAH;1
Fukuyama;444;HUSTLER PARTY;1
Rae Bareli;963;WATCH TRACY;1
San Lorenzo;564;MASSAGE IMAGE;1
Tama;129;CAUSE DATE;1
Vaduz;733;RIVER OUTLAW;1
Tieli;836;SQUAD FISH;1
Binzhou;986;WONKA SEA;1
Szkesfehrvr;912;TROJAN TOMORROW;1
Sterling Heights;327;FOOL MOCKINGBIRD;1
Oyo;92;BOWFINGER GABLES;1
Binzhou;589;MODERN DORADO;1
Lubumbashi;458;INDIAN LOVE;1
La Romana;251;DRAGONFLY STRANGERS;1
Jinzhou;747;ROXANNE REBEL;1
Sanaa;988;WORKER TARZAN;1
Jelets;790;SHOOTIST SUPERFLY;1
Vila Velha;92;BOWFINGER GABLES;1
Lancaster;320;FLAMINGOS CONNECTICUT;1
Botosani;376;GRAPES FURY;1
Citrus Heights;6;AGENT TRUMAN;1
Kermanshah;970;WESTWARD SEABISCUIT;1
Sharja;914;TROUBLE DATE;1
Mosul;406;HAUNTING PIANIST;1
Johannesburg;263;DURHAM PANKY;1
Maring;316;FIRE WOLVES;1
Southport;891;TIMBERLAND SKY;1
Nador;314;FIGHT JAWBREAKER;1
Kansas City;771;SCORPION APOLLO;1
Hohhot;345;GABLES METROPOLIS;1
Pyongyang;457;INDEPENDENCE HOTEL;1
Tonghae;980;WIZARD COLDBLOODED;1
Ciparay;67;BERETS AGENT;1
Sunnyvale;488;JOON NORTHWEST;1
Lengshuijiang;45;ATTRACTION NEWTON;1
Tama;112;CALENDAR GUNFIGHT;1
Meixian;624;NIGHTMARE CHILL;1
Tama;389;GUNFIGHTER MUSSOLINI;1
Uijongbu;376;GRAPES FURY;1
Udaipur;677;PIANIST OUTFIELD;1
Bchar;114;CAMELOT VACATION;1
Balikesir;2;ACE GOLDFINGER;1
Naju;591;MONSOON CAUSE;1
Suihua;252;DREAM PICKUP;1
Pyongyang;835;SPY MILE;1
Hohhot;499;KING EVOLUTION;1
Allappuzha (Alleppey);506;LADY STAGE;1
Gijn;620;NEMO CAMPUS;1
Niznekamsk;786;SHEPHERD MIDSUMMER;1
Sumqayit;499;KING EVOLUTION;1
Richmond Hill;271;EASY GLADIATOR;1
Po;490;JUMANJI BLADE;1
Tambaram;179;CONQUERER NUTS;1
Portoviejo;914;TROUBLE DATE;1
Graz;896;TOOTSIE PILOT;1
Nagareyama;865;SUNRISE LEAGUE;1
Vila Velha;702;PULP BEVERLY;1
Halifax;795;SIEGE MADRE;1
Arecibo;879;TELEGRAPH VOYAGE;1
Tokat;34;ARABIA DOGMA;1
Santa Brbara dOeste;239;DOGMA FAMILY;1
Molodetno;305;FATAL HAUNTED;1
Nantou;349;GANGS PRIDE;1
Dongying;331;FORWARD TEMPLE;1
Ciudad del Este;24;ANALYZE HOOSIERS;1
Jastrzebie-Zdrj;809;SLIPPER FIDELITY;1
Lungtan;256;DROP WATERFRONT;1
Tychy;288;ESCAPE METROPOLIS;1
Joliet;854;STRANGERS GRAFFITI;1
Firozabad;628;NORTHWEST POLISH;1
Saint-Denis;980;WIZARD COLDBLOODED;1
Trshavn;627;NORTH TEQUILA;1
Firozabad;814;SNATCH SLIPPER;1
Novi Sad;501;KISSING DOLLS;1
Iwatsuki;358;GILMORE BOILED;1
Salinas;698;PRINCESS GIANT;1
Liepaja;464;INTENTIONS EMPIRE;1
Changzhou;387;GUN BONNIE;1
Kuwana;552;MAJESTIC FLOATS;1
Kingstown;516;LEGEND JEDI;1
Araatuba;613;MYSTIC TRUMAN;1
Akishima;491;JUMPING WRATH;1
Beira;949;VOLCANO TEXAS;1
Donostia-San Sebastin;159;CLOSER BANG;1
Masqat;691;POSEIDON FOREVER;1
Changzhou;694;PREJUDICE OLEANDER;1
So Leopoldo;86;BOOGIE AMELIE;1
Ondo;593;MONTEREY LABYRINTH;1
Enshi;489;JUGGLER HARDLY;1
Leshan;538;LOVERBOY ATTACKS;1
Loja;980;WIZARD COLDBLOODED;1
Pune;599;MOTHER OLEANDER;1
Ahmadnagar;706;QUEEN LUKE;1
Jaipur;600;MOTIONS DETAILS;1
Salzburg;598;MOSQUITO ARMAGEDDON;1
Merlo;563;MASSACRE USUAL;1
Datong;849;STORM HAPPINESS;1
Akishima;396;HANGING DEEP;1
Mannheim;657;PARADISE SABRINA;1
Skikda;385;GROUNDHOG UNCUT;1
Robamba;320;FLAMINGOS CONNECTICUT;1
Po;506;LADY STAGE;1
Pudukkottai;265;DYING MAKER;1
Sterling Heights;199;CUPBOARD SINNERS;1
Myingyan;26;ANNIE IDENTITY;1
Yantai;891;TIMBERLAND SKY;1
Moscow;515;LEGALLY SECRETARY;1
Kurgan;502;KNOCK WARLOCK;1
Tabuk;733;RIVER OUTLAW;1
Tete;529;LONELY ELEPHANT;1
Xinxiang;22;AMISTAD MIDSUMMER;1
Tuguegarao;529;LONELY ELEPHANT;1
Lapu-Lapu;433;HORN WORKING;1
Mahajanga;488;JOON NORTHWEST;1
Eskisehir;523;LIGHTS DEER;1
Uijongbu;977;WINDOW SIDE;1
Patiala;804;SLEEPING SUSPECTS;1
Hoshiarpur;951;VOYAGE LEGALLY;1
Molodetno;72;BILL OTHERS;1
Aparecida de Goinia;875;TALENTED HOMICIDE;1
Tianjin;57;BASIC EASY;1
Bhavnagar;689;POLLOCK DELIVERANCE;1
Jakarta;88;BORN SPINAL;1
Garden Grove;627;NORTH TEQUILA;1
Bijapur;670;PELICAN COMFORTS;1
Dallas;857;STRICTLY SCARFACE;1
Portoviejo;545;MADNESS ATTACKS;1
Varanasi (Benares);768;SCARFACE BANG;1
Batna;620;NEMO CAMPUS;1
Pavlodar;940;VICTORY ACADEMY;1
South Hill;231;DINOSAUR SECRETARY;1
Sawhaj;403;HARRY IDAHO;1
Manchester;578;MILLION ACE;1
Ruse;706;QUEEN LUKE;1
Imus;812;SMOKING BARBARELLA;1
Sivas;504;KWAI HOMEWARD;1
Taizz;181;CONTACT ANONYMOUS;1
Myingyan;42;ARTIST COLDBLOODED;1
Zaria;887;THIEF PELICAN;1
ostka;627;NORTH TEQUILA;1
Sawhaj;67;BERETS AGENT;1
Changzhou;786;SHEPHERD MIDSUMMER;1
Alessandria;600;MOTIONS DETAILS;1
Sharja;897;TORQUE BOUND;1
Sousse;127;CAT CONEHEADS;1
Qomsheh;725;REQUIEM TYCOON;1
Athenai;433;HORN WORKING;1
Ashdod;711;RAGING AIRPLANE;1
Peoria;141;CHICAGO NORTH;1
Manchester;561;MASK PEACH;1
Baicheng;340;FRONTIER CABIN;1
Guaruj;895;TOMORROW HUSTLER;1
Ambattur;374;GRAFFITI LOVE;1
Klerksdorp;434;HORROR REIGN;1
Bellevue;869;SUSPECTS QUILLS;1
Berhampore (Baharampur);557;MANCHURIAN CURTAIN;1
Olomouc;83;BLUES INSTINCT;1
Sumqayit;838;STAGECOACH ARMAGEDDON;1
Vitria de Santo Anto;777;SECRETARY ROUGE;1
Sousse;473;JACKET FRISCO;1
Liepaja;289;EVE RESURRECTION;1
Monywa;695;PRESIDENT BANG;1
Nukualofa;906;TRAMP OTHERS;1
York;84;BOILED DARES;1
al-Ayn;614;NAME DETECTIVE;1
Monywa;383;GROOVE FICTION;1
Compton;52;BALLROOM MOCKINGBIRD;1
Allende;103;BUCKET BROTHERHOOD;1
Naala-Porto;911;TRIP NEWTON;1
Tegal;491;JUMPING WRATH;1
Sullana;337;FRIDA SLIPPER;1
Nabereznyje Telny;110;CABIN FLASH;1
Trshavn;86;BOOGIE AMELIE;1
Koriyama;687;POCUS PULP;1
Memphis;571;METAL ARMAGEDDON;1
Nador;982;WOMEN DORADO;1
Zeleznogorsk;832;SPLASH GUMP;1
Liepaja;331;FORWARD TEMPLE;1
Lapu-Lapu;139;CHASING FIGHT;1
Shanwei;656;PAPI NECKLACE;1
Brest;986;WONKA SEA;1
Birgunj;183;CONVERSATION DOWNHILL;1
Yamuna Nagar;40;ARMY FLINTSTONES;1
Dayton;814;SNATCH SLIPPER;1
Saint-Denis;823;SOUTH WAIT;1
Kansas City;356;GIANT TROOPERS;1
Ahmadnagar;177;CONNECTICUT TRAMP;1
Citt del Vaticano;67;BERETS AGENT;1
Novoterkassk;199;CUPBOARD SINNERS;1
Grand Prairie;11;ALAMO VIDEOTAPE;1
Novi Sad;147;CHOCOLAT HARRY;1
Ogbomosho;733;RIVER OUTLAW;1
Tonghae;971;WHALE BIKINI;1
Naala-Porto;989;WORKING MICROCOSMOS;1
Abha;378;GREATEST NORTH;1
Uluberia;911;TRIP NEWTON;1
Ikerre;382;GRIT CLOCKWORK;1
Jaroslavl;525;LOATHING LEGALLY;1
Rizhao;80;BLANKET BEVERLY;1
Kimberley;757;SAGEBRUSH CLUELESS;1
Higashiosaka;966;WEDDING APOLLO;1
Chandrapur;451;IGBY MAKER;1
Beni-Mellal;961;WASH HEAVENLY;1
Namibe;66;BENEATH RUSH;1
Torren;670;PELICAN COMFORTS;1
Dzerzinsk;534;LOUISIANA HARRY;1
Haiphong;727;RESURRECTION SILVERADO;1
Greensboro;894;TOMATOES HELLFIGHTERS;1
Jakarta;383;GROOVE FICTION;1
Datong;280;EMPIRE MALKOVICH;1
Kitwe;5;AFRICAN EGG;1
Caracas;511;LAWRENCE LOVE;1
Buenaventura;181;CONTACT ANONYMOUS;1
Junan;132;CHAINSAW UPTOWN;1
Omiya;451;IGBY MAKER;1
Saint-Denis;90;BOULEVARD MOB;1
Kimberley;45;ATTRACTION NEWTON;1
Beni-Mellal;845;STEPMOM DREAM;1
Arecibo;755;SABRINA MIDNIGHT;1
Nakhon Sawan;365;GOLD RIVER;1
Jastrzebie-Zdrj;785;SHAWSHANK BUBBLE;1
guas Lindas de Gois;706;QUEEN LUKE;1
Kursk;119;CAPER MOTIONS;1
Halisahar;149;CHRISTMAS MOONSHINE;1
Angra dos Reis;912;TROJAN TOMORROW;1
Allappuzha (Alleppey);680;PINOCCHIO SIMON;1
Novi Sad;857;STRICTLY SCARFACE;1
Mardan;578;MILLION ACE;1
Pachuca de Soto;757;SAGEBRUSH CLUELESS;1
Akron;207;DANGEROUS UPTOWN;1
Salzburg;480;JEEPERS WEDDING;1
South Hill;489;JUGGLER HARDLY;1
Xiangfan;643;ORIENT CLOSER;1
Ziguinchor;429;HONEY TIES;1
Korla;728;REUNION WITCHES;1
Jakarta;816;SNOWMAN ROLLERCOASTER;1
Sagamihara;166;COLOR PHILADELPHIA;1
Fengshan;159;CLOSER BANG;1
Tsaotun;711;RAGING AIRPLANE;1
Fengshan;707;QUEST MUSSOLINI;1
Gingoog;302;FANTASIA PARK;1
Iwakuni;692;POTLUCK MIXED;1
Lubumbashi;861;SUIT WALLS;1
Uruapan;361;GLEAMING JAWBREAKER;1
Celaya;893;TITANS JERK;1
Mannheim;150;CIDER DESIRE;1
Patiala;346;GALAXY SWEETHEARTS;1
Apeldoorn;676;PHILADELPHIA WIFE;1
Cape Coral;367;GOLDMINE TYCOON;1
Garland;482;JEOPARDY ENCINO;1
Bayugan;240;DOLLS RAGE;1
Probolinggo;622;NEWSIES STORY;1
Guadalajara;901;TRACY CIDER;1
Osmaniye;532;LOSER HUSTLER;1
Molodetno;335;FREEDOM CLEOPATRA;1
Cianjur;461;INSECTS STONE;1
Hami;962;WASTELAND DIVINE;1
Pak Kret;81;BLINDNESS GUN;1
Shimonoseki;439;HUNCHBACK IMPOSSIBLE;1
San Felipe de Puerto Plata;925;UNITED PILOT;1
Tieli;203;DAISY MENAGERIE;1
Santa Rosa;812;SMOKING BARBARELLA;1
Sungai Petani;598;MOSQUITO ARMAGEDDON;1
Salinas;464;INTENTIONS EMPIRE;1
Memphis;245;DOUBLE WRATH;1
Rampur;298;EYES DRIVING;1
Gorontalo;722;REEF SALUTE;1
Salala;650;PACIFIC AMISTAD;1
Serpuhov;103;BUCKET BROTHERHOOD;1
Weifang;561;MASK PEACH;1
Touliu;236;DIVINE RESURRECTION;1
Athenai;366;GOLDFINGER SENSIBILITY;1
Rae Bareli;39;ARMAGEDDON LOST;1
Laohekou;900;TOWN ARK;1
Asuncin;257;DRUMLINE CYCLONE;1
Dundee;971;WHALE BIKINI;1
Uttarpara-Kotrung;447;ICE CROSSING;1
Angra dos Reis;915;TRUMAN CRAZY;1
Poos de Caldas;631;NOVOCAINE FLIGHT;1
Moscow;297;EXTRAORDINARY CONQUERER;1
Ashdod;377;GREASE YOUTH;1
Vaduz;941;VIDEOTAPE ARSENIC;1
San Felipe del Progreso;28;ANTHEM LUKE;1
Saint Louis;752;RUNNER MADIGAN;1
Probolinggo;798;SILVERADO GOLDFINGER;1
Naju;250;DRAGON SQUAD;1
Rampur;624;NIGHTMARE CHILL;1
Sultanbeyli;77;BIRDS PERDITION;1
Jelets;654;PANKY SUBMARINE;1
Nabereznyje Telny;315;FINDING ANACONDA;1
Boa Vista;418;HOBBIT ALIEN;1
Ondo;796;SIERRA DIVIDE;1
Alvorada;872;SWEET BROTHERHOOD;1
Fengshan;679;PILOT HOOSIERS;1
Cabuyao;530;LORD ARIZONA;1
Portoviejo;807;SLEUTH ORIENT;1
Changhwa;304;FARGO GANDHI;1
Faaa;181;CONTACT ANONYMOUS;1
Naala-Porto;925;UNITED PILOT;1
Ciomas;728;REUNION WITCHES;1
Monclova;312;FIDDLER LOST;1
Jaipur;867;SUPER WYOMING;1
La Romana;169;COMFORTS RUSH;1
La Paz;717;REAR TRADING;1
Isesaki;833;SPLENDOR PATTON;1
Kansas City;800;SINNERS ATLANTIS;1
Portoviejo;315;FINDING ANACONDA;1
Cabuyao;468;INVASION CYCLONE;1
Amersfoort;604;MULAN MOON;1
Madiun;249;DRACULA CRYSTAL;1
Dzerzinsk;301;FAMILY SWEET;1
Manchester;249;DRACULA CRYSTAL;1
Ueda;201;CYCLONE FAMILY;1
Charlotte Amalie;243;DOORS PRESIDENT;1
Tarlac;981;WOLVES DESIRE;1
Mit Ghamr;166;COLOR PHILADELPHIA;1
Oshawa;249;DRACULA CRYSTAL;1
Jaffna;169;COMFORTS RUSH;1
Davao;242;DOOM DANCING;1
Nantou;155;CLEOPATRA DEVIL;1
El Fuerte;619;NEIGHBORS CHARADE;1
Jurez;228;DETECTIVE VISION;1
San Felipe de Puerto Plata;569;MENAGERIE RUSHMORE;1
Siegen;771;SCORPION APOLLO;1
Ivanovo;737;ROCK INSTINCT;1
Iligan;415;HIGH ENCINO;1
San Juan Bautista Tuxtepec;617;NATURAL STOCK;1
Beni-Mellal;535;LOVE SUICIDES;1
Omdurman;451;IGBY MAKER;1
Santa F;683;PITY BOUND;1
Halisahar;615;NASH CHOCOLAT;1
Southampton;861;SUIT WALLS;1
Omiya;987;WORDS HUNTER;1
El Alto;476;JASON TRAP;1
Fengshan;614;NAME DETECTIVE;1
Jedda;105;BULL SHAWSHANK;1
Vitria de Santo Anto;51;BALLOON HOMEWARD;1
Peoria;8;AIRPORT POLLOCK;1
Nuuk;535;LOVE SUICIDES;1
Beni-Mellal;314;FIGHT JAWBREAKER;1
Springs;509;LANGUAGE COWBOY;1
Apeldoorn;804;SLEEPING SUSPECTS;1
Arak;743;ROOM ROMAN;1
Ezeiza;788;SHIP WONDERLAND;1
Ozamis;220;DEER VIRGINIAN;1
Alvorada;773;SEABISCUIT PUNK;1
Mandaluyong;930;VACATION BOONDOCK;1
Tanza;185;COWBOY DOOM;1
Toulouse;202;DADDY PITTSBURGH;1
Yuncheng;610;MUSIC BOONDOCK;1
Sucre;410;HEAVEN FREEDOM;1
Valle de la Pascua;901;TRACY CIDER;1
Mwene-Ditu;789;SHOCK CABIN;1
Onomichi;872;SWEET BROTHERHOOD;1
Beira;423;HOLLYWOOD ANONYMOUS;1
Otsu;633;OCTOBER SUBMARINE;1
Suihua;732;RINGS HEARTBREAKERS;1
Rockford;640;OPUS ICE;1
Shubra al-Khayma;582;MIRACLE VIRTUAL;1
Udine;789;SHOCK CABIN;1
Kurashiki;815;SNATCHERS MONTEZUMA;1
Madiun;358;GILMORE BOILED;1
So Leopoldo;118;CANYON STOCK;1
Akishima;435;HOTEL HAPPINESS;1
Tokat;288;ESCAPE METROPOLIS;1
Nador;403;HARRY IDAHO;1
Ljubertsy;244;DORADO NOTTING;1
Nezahualcyotl;833;SPLENDOR PATTON;1
Acua;505;LABYRINTH LEAGUE;1
Jhansi;297;EXTRAORDINARY CONQUERER;1
Jakarta;54;BANGER PINOCCHIO;1
Celaya;887;THIEF PELICAN;1
Isesaki;948;VOICE PEACH;1
Aurora;255;DRIVING POLISH;1
Valle de Santiago;718;REBEL AIRPORT;1
Elista;234;DISTURBING SCARFACE;1
Shikarpur;3;ADAPTATION HOLES;1
Kirovo-Tepetsk;199;CUPBOARD SINNERS;1
Omiya;583;MISSION ZOOLANDER;1
Monclova;189;CREATURES SHAKESPEARE;1
Tabuk;549;MAGNOLIA FORRESTER;1
Bilbays;218;DECEIVER BETRAYED;1
Xiangfan;690;POND SEATTLE;1
Satna;383;GROOVE FICTION;1
Mardan;969;WEST LION;1
Bchar;601;MOULIN WAKE;1
Amersfoort;261;DUFFEL APOCALYPSE;1
Ponce;707;QUEST MUSSOLINI;1
Jalib al-Shuyukh;129;CAUSE DATE;1
Kingstown;418;HOBBIT ALIEN;1
Graz;730;RIDGEMONT SUBMARINE;1
Sanaa;300;FALCON VOLUME;1
Katihar;220;DEER VIRGINIAN;1
Gijn;412;HEAVYWEIGHTS BEAST;1
Purnea (Purnia);551;MAIDEN HOME;1
Zaoyang;525;LOATHING LEGALLY;1
Ambattur;914;TROUBLE DATE;1
Dallas;551;MAIDEN HOME;1
al-Ayn;888;THIN SAGEBRUSH;1
Kuwana;238;DOCTOR GRAIL;1
Anpolis;501;KISSING DOLLS;1
Jaroslavl;491;JUMPING WRATH;1
Mukateve;137;CHARADE DUFFEL;1
Kamyin;127;CAT CONEHEADS;1
Peoria;668;PEAK FOREVER;1
Rampur;463;INSTINCT AIRPORT;1
Mit Ghamr;771;SCORPION APOLLO;1
Dhule (Dhulia);649;OZ LIAISONS;1
Pudukkottai;228;DETECTIVE VISION;1
Jurez;213;DATE SPEED;1
Okinawa;238;DOCTOR GRAIL;1
Ziguinchor;414;HELLFIGHTERS SIERRA;1
Birgunj;266;DYNAMITE TARZAN;1
Weifang;341;FROST HEAD;1
Phnom Penh;698;PRINCESS GIANT;1
Avellaneda;166;COLOR PHILADELPHIA;1
Nabereznyje Telny;72;BILL OTHERS;1
Toulon;410;HEAVEN FREEDOM;1
Kitwe;524;LION UNCUT;1
Siegen;434;HORROR REIGN;1
Miyakonojo;944;VIRGIN DAISY;1
Fuyu;69;BEVERLY OUTLAW;1
Po;346;GALAXY SWEETHEARTS;1
Bchar;228;DETECTIVE VISION;1
Augusta-Richmond County;478;JAWS HARRY;1
Hodeida;818;SOMETHING DUCK;1
Ozamis;374;GRAFFITI LOVE;1
Rae Bareli;501;KISSING DOLLS;1
Ktahya;401;HAROLD FRENCH;1
Binzhou;481;JEKYLL FROGMEN;1
Santo Andr;892;TITANIC BOONDOCK;1
Cam Ranh;922;UNDEFEATED DALMATIONS;1
Jamalpur;841;STAR OPERATION;1
Sousse;138;CHARIOTS CONSPIRACY;1
Patiala;438;HUMAN GRAFFITI;1
Nantou;6;AGENT TRUMAN;1
Iligan;535;LOVE SUICIDES;1
Le Mans;818;SOMETHING DUCK;1
La Paz;630;NOTTING SPEAKEASY;1
Grand Prairie;657;PARADISE SABRINA;1
Po;710;RAGE GAMES;1
Olomouc;260;DUDE BLINDNESS;1
Dallas;415;HIGH ENCINO;1
Kakamigahara;631;NOVOCAINE FLIGHT;1
Zanzibar;113;CALIFORNIA BIRDS;1
Apeldoorn;904;TRAIN BUNCH;1
Denizli;647;OUTFIELD MASSACRE;1
Banjul;317;FIREBALL PHILADELPHIA;1
Tandil;989;WORKING MICROCOSMOS;1
Funafuti;927;UPRISING UPTOWN;1
Bislig;323;FLIGHT LIES;1
Cuernavaca;98;BRIGHT ENCOUNTERS;1
Dayton;563;MASSACRE USUAL;1
Usolje-Sibirskoje;806;SLEEPY JAPANESE;1
Sincelejo;57;BASIC EASY;1
Sivas;1;ACADEMY DINOSAUR;1
Baybay;430;HOOK CHARIOTS;1
Denizli;19;AMADEUS HOLY;1
Fukuyama;56;BAREFOOT MANCHURIAN;1
Jedda;85;BONNIE HOLOCAUST;1
Tafuna;681;PIRATES ROXANNE;1
Bergamo;705;PURPLE MOVIE;1
Nezahualcyotl;249;DRACULA CRYSTAL;1
Sagamihara;662;PATHS CONTROL;1
Pontianak;598;MOSQUITO ARMAGEDDON;1
Leshan;385;GROUNDHOG UNCUT;1
Rae Bareli;902;TRADING PINOCCHIO;1
Ibirit;220;DEER VIRGINIAN;1
Iligan;353;GENTLEMEN STAGE;1
Kitwe;871;SWEDEN SHINING;1
Miraj;389;GUNFIGHTER MUSSOLINI;1
Cavite;31;APACHE DIVINE;1
Nakhon Sawan;841;STAR OPERATION;1
Halisahar;10;ALADDIN CALENDAR;1
Pyongyang;492;JUNGLE CLOSER;1
Bamenda;86;BOOGIE AMELIE;1
Compton;646;OUTBREAK DIVINE;1
Cavite;305;FATAL HAUNTED;1
Tsaotun;595;MOON BUNCH;1
Cam Ranh;215;DAWN POND;1
Bratislava;834;SPOILERS HELLFIGHTERS;1
So Bernardo do Campo;200;CURTAIN VIDEOTAPE;1
Laiwu;296;EXPRESS LONELY;1
Sumy;579;MINDS TRUMAN;1
Joliet;86;BOOGIE AMELIE;1
Cabuyao;670;PELICAN COMFORTS;1
Syktyvkar;122;CARRIE BUNCH;1
Bergamo;997;YOUTH KICK;1
Lancaster;777;SECRETARY ROUGE;1
Bag;392;HALL CASSIDY;1
Halisahar;763;SATISFACTION CONFIDENTIAL;1
Angra dos Reis;859;SUGAR WONKA;1
al-Qatif;574;MIDNIGHT WESTWARD;1
Kimchon;511;LAWRENCE LOVE;1
San Felipe del Progreso;755;SABRINA MIDNIGHT;1
Yamuna Nagar;978;WISDOM WORKER;1
Dzerzinsk;767;SCALAWAG DUCK;1
Cam Ranh;730;RIDGEMONT SUBMARINE;1
Hsichuh;995;YENTL IDAHO;1
Karnal;322;FLATLINERS KILLER;1
Brest;479;JEDI BENEATH;1
Memphis;494;KARATE MOON;1
Ashdod;42;ARTIST COLDBLOODED;1
Ponce;196;CRUELTY UNFORGIVEN;1
Kimchon;320;FLAMINGOS CONNECTICUT;1
Gingoog;625;NONE SPIKING;1
Kowloon and New Kowloon;544;MADISON TRAP;1
Cavite;80;BLANKET BEVERLY;1
Sogamoso;433;HORN WORKING;1
El Monte;329;FORREST SONS;1
Acua;50;BAKED CLEOPATRA;1
Bamenda;645;OTHERS SOUP;1
Mogiljov;6;AGENT TRUMAN;1
Santa Rosa;590;MONEY HAROLD;1
Yuncheng;150;CIDER DESIRE;1
Halle/Saale;626;NOON PAPI;1
Jelets;91;BOUND CHEAPER;1
Korolev;355;GHOSTBUSTERS ELF;1
El Fuerte;924;UNFORGIVEN ZOOLANDER;1
Santa F;596;MOONSHINE CABIN;1
Jamalpur;353;GENTLEMEN STAGE;1
Jastrzebie-Zdrj;976;WIND PHANTOM;1
Ipoh;506;LADY STAGE;1
Amroha;201;CYCLONE FAMILY;1
Atinsk;4;AFFAIR PREJUDICE;1
Berhampore (Baharampur);422;HOLLOW JEOPARDY;1
Arecibo;621;NETWORK PEAK;1
Monywa;772;SEA VIRGIN;1
Benguela;600;MOTIONS DETAILS;1
Sogamoso;638;OPERATION OPERATION;1
Coquimbo;226;DESTINY SATURDAY;1
Anpolis;322;FLATLINERS KILLER;1
Arlington;126;CASUALTIES ENCINO;1
Palghat (Palakkad);288;ESCAPE METROPOLIS;1
Brescia;571;METAL ARMAGEDDON;1
Tangail;387;GUN BONNIE;1
Najafabad;985;WONDERLAND CHRISTMAS;1
South Hill;103;BUCKET BROTHERHOOD;1
A Corua (La Corua);903;TRAFFIC HOBBIT;1
Goinia;876;TARZAN VIDEOTAPE;1
Bhopal;657;PARADISE SABRINA;1
Xiangfan;850;STORY SIDE;1
Funafuti;193;CROSSROADS CASUALTIES;1
Tarsus;50;BAKED CLEOPATRA;1
Warren;534;LOUISIANA HARRY;1
Kowloon and New Kowloon;100;BROOKLYN DESERT;1
Tanza;466;INTOLERABLE INTENTIONS;1
Ziguinchor;321;FLASH WARS;1
Brockton;702;PULP BEVERLY;1
Dongying;284;ENEMY ODDS;1
San Bernardino;895;TOMORROW HUSTLER;1
Sanaa;511;LAWRENCE LOVE;1
Kakamigahara;72;BILL OTHERS;1
Fengshan;282;ENCOUNTERS CURTAIN;1
Tartu;463;INSTINCT AIRPORT;1
Rizhao;196;CRUELTY UNFORGIVEN;1
Sogamoso;583;MISSION ZOOLANDER;1
Mannheim;816;SNOWMAN ROLLERCOASTER;1
Nabereznyje Telny;19;AMADEUS HOLY;1
Tel Aviv-Jaffa;782;SHAKESPEARE SADDLE;1
Arak;621;NETWORK PEAK;1
Jastrzebie-Zdrj;362;GLORY TRACY;1
Shikarpur;53;BANG KWAI;1
Binzhou;468;INVASION CYCLONE;1
Bucuresti;166;COLOR PHILADELPHIA;1
Tabora;417;HILLS NEIGHBORS;1
Tarlac;852;STRANGELOVE DESIRE;1
Najafabad;830;SPIRIT FLINTSTONES;1
Richmond Hill;645;OTHERS SOUP;1
Nukualofa;477;JAWBREAKER BROOKLYN;1
Araatuba;956;WANDA CHAMBER;1
Shaoguan;317;FIREBALL PHILADELPHIA;1
Chisinau;578;MILLION ACE;1
Tongliao;847;STOCK GLASS;1
Ponce;980;WIZARD COLDBLOODED;1
Siliguri (Shiliguri);187;CRANES RESERVOIR;1
Konotop;442;HUNTING MUSKETEERS;1
Oulu;323;FLIGHT LIES;1
Ozamis;418;HOBBIT ALIEN;1
Bhusawal;92;BOWFINGER GABLES;1
Surakarta;747;ROXANNE REBEL;1
Ocumare del Tuy;388;GUNFIGHT MOON;1
Daugavpils;181;CONTACT ANONYMOUS;1
Akron;978;WISDOM WORKER;1
Lhokseumawe;113;CALIFORNIA BIRDS;1
Weifang;725;REQUIEM TYCOON;1
Sorocaba;363;GO PURPLE;1
Dzerzinsk;856;STREETCAR INTENTIONS;1
Changhwa;715;RANGE MOONWALKER;1
San Miguel de Tucumn;734;ROAD ROXANNE;1
Torren;616;NATIONAL STORY;1
Huaian;766;SAVANNAH TOWN;1
Okara;521;LIES TREATMENT;1
Witten;771;SCORPION APOLLO;1
Ahmadnagar;373;GRADUATE LORD;1
Tokat;861;SUIT WALLS;1
Lubumbashi;924;UNFORGIVEN ZOOLANDER;1
Arecibo;282;ENCOUNTERS CURTAIN;1
Szkesfehrvr;116;CANDIDATE PERDITION;1
Lausanne;617;NATURAL STOCK;1
Pemalang;537;LOVER TRUMAN;1
Lancaster;944;VIRGIN DAISY;1
Bhilwara;632;NUTS TIES;1
Angra dos Reis;90;BOULEVARD MOB;1
Siliguri (Shiliguri);622;NEWSIES STORY;1
Dundee;647;OUTFIELD MASSACRE;1
Sucre;850;STORY SIDE;1
Bilbays;831;SPIRITED CASUALTIES;1
Haining;206;DANCING FEVER;1
Olomouc;509;LANGUAGE COWBOY;1
La Romana;748;RUGRATS SHAKESPEARE;1
Poos de Caldas;525;LOATHING LEGALLY;1
Saint Louis;693;POTTER CONNECTICUT;1
Sungai Petani;648;OUTLAW HANKY;1
Buenaventura;728;REUNION WITCHES;1
La Paz;708;QUILLS BULL;1
Yaound;122;CARRIE BUNCH;1
Antofagasta;760;SAMURAI LION;1
Pyongyang;767;SCALAWAG DUCK;1
Anpolis;538;LOVERBOY ATTACKS;1
Gorontalo;625;NONE SPIKING;1
Effon-Alaiye;22;AMISTAD MIDSUMMER;1
Ikerre;687;POCUS PULP;1
Tiefa;114;CAMELOT VACATION;1
Warren;873;SWEETHEARTS SUSPECTS;1
Vicente Lpez;625;NONE SPIKING;1
Augusta-Richmond County;482;JEOPARDY ENCINO;1
Tabriz;855;STREAK RIDGEMONT;1
Pereira;2;ACE GOLDFINGER;1
Sawhaj;222;DESERT POSEIDON;1
Nyeri;135;CHANCE RESURRECTION;1
Tangail;854;STRANGERS GRAFFITI;1
Urawa;730;RIDGEMONT SUBMARINE;1
Mukateve;307;FELLOWSHIP AUTUMN;1
Dongying;698;PRINCESS GIANT;1
Tel Aviv-Jaffa;169;COMFORTS RUSH;1
Adana;657;PARADISE SABRINA;1
al-Qatif;155;CLEOPATRA DEVIL;1
Mahajanga;665;PATTON INTERVIEW;1
Pjatigorsk;327;FOOL MOCKINGBIRD;1
Halle/Saale;449;IDENTITY LOVER;1
Sambhal;739;ROCKY WAR;1
al-Hawiya;776;SECRET GROUNDHOG;1
al-Manama;56;BAREFOOT MANCHURIAN;1
Coatzacoalcos;79;BLADE POLISH;1
Laohekou;652;PAJAMA JAWBREAKER;1
Cuernavaca;333;FREAKY POCUS;1
Torren;79;BLADE POLISH;1
Zaria;688;POLISH BROOKLYN;1
Okayama;845;STEPMOM DREAM;1
Kamjanets-Podilskyi;234;DISTURBING SCARFACE;1
Kaliningrad;114;CAMELOT VACATION;1
Salinas;307;FELLOWSHIP AUTUMN;1
Molodetno;109;BUTTERFLY CHOCOLAT;1
Urawa;3;ADAPTATION HOLES;1
Jinchang;829;SPINAL ROCKY;1
Memphis;841;STAR OPERATION;1
Duisburg;420;HOLES BRANNIGAN;1
Ponce;395;HANDICAP BOONDOCK;1
Jining;762;SASSY PACKER;1
Satna;176;CONGENIALITY QUEST;1
Araatuba;652;PAJAMA JAWBREAKER;1
Skikda;322;FLATLINERS KILLER;1
Tokat;373;GRADUATE LORD;1
Angra dos Reis;99;BRINGING HYSTERICAL;1
Kragujevac;750;RUN PACIFIC;1
Hoshiarpur;379;GREEDY ROOTS;1
Trshavn;309;FEUD FROGMEN;1
Sumqayit;364;GODFATHER DIARY;1
Laohekou;79;BLADE POLISH;1
Korolev;949;VOLCANO TEXAS;1
Papeete;929;USUAL UNTOUCHABLES;1
Salamanca;806;SLEEPY JAPANESE;1
Cape Coral;730;RIDGEMONT SUBMARINE;1
Banjul;354;GHOST GROUNDHOG;1
Rizhao;961;WASH HEAVENLY;1
Boa Vista;961;WASH HEAVENLY;1
Tambaram;524;LION UNCUT;1
Jelets;743;ROOM ROMAN;1
Hamilton;42;ARTIST COLDBLOODED;1
Kimchon;585;MOB DUFFEL;1
Yuzhou;161;CLUE GRAIL;1
Varanasi (Benares);782;SHAKESPEARE SADDLE;1
Weifang;122;CARRIE BUNCH;1
Toulon;514;LEBOWSKI SOLDIERS;1
Fukuyama;343;FULL FLATLINERS;1
Jakarta;912;TROJAN TOMORROW;1
Portoviejo;562;MASKED BUBBLE;1
Tanshui;774;SEARCHERS WAIT;1
Cuman;898;TOURIST PELICAN;1
Kanazawa;472;ITALIAN AFRICAN;1
Fontana;714;RANDOM GO;1
So Leopoldo;486;JET NEIGHBORS;1
Coatzacoalcos;361;GLEAMING JAWBREAKER;1
Idfu;11;ALAMO VIDEOTAPE;1
Akishima;354;GHOST GROUNDHOG;1
Gulbarga;825;SPEAKEASY DATE;1
Bhavnagar;159;CLOSER BANG;1
Kuwana;305;FATAL HAUNTED;1
Jining;852;STRANGELOVE DESIRE;1
Ondo;91;BOUND CHEAPER;1
Vila Velha;392;HALL CASSIDY;1
Lancaster;16;ALLEY EVOLUTION;1
Fuyu;91;BOUND CHEAPER;1
Probolinggo;704;PURE RUNNER;1
Lhokseumawe;88;BORN SPINAL;1
A Corua (La Corua);346;GALAXY SWEETHEARTS;1
Manchester;628;NORTHWEST POLISH;1
Zalantun;358;GILMORE BOILED;1
Nagareyama;727;RESURRECTION SILVERADO;1
Udaipur;203;DAISY MENAGERIE;1
Vinh;870;SWARM GOLD;1
Mwanza;546;MADRE GABLES;1
Iwakuni;7;AIRPLANE SIERRA;1
Mannheim;623;NEWTON LABYRINTH;1
Korla;319;FISH OPUS;1
Ciomas;739;ROCKY WAR;1
Saint-Denis;614;NAME DETECTIVE;1
Linz;303;FANTASY TROOPERS;1
Vila Velha;105;BULL SHAWSHANK;1
Mannheim;738;ROCKETEER MOTHER;1
Pjatigorsk;664;PATRIOT ROMAN;1
Varanasi (Benares);770;SCISSORHANDS SLUMS;1
Lengshuijiang;542;LUST LOCK;1
Emeishan;488;JOON NORTHWEST;1
Valle de la Pascua;999;ZOOLANDER FICTION;1
York;5;AFRICAN EGG;1
Escobar;371;GOSFORD DONNIE;1
Kirovo-Tepetsk;309;FEUD FROGMEN;1
Kakamigahara;992;WRATH MILE;1
Ilorin;991;WORST BANGER;1
Tafuna;911;TRIP NEWTON;1
Jinchang;537;LOVER TRUMAN;1
Ciudad del Este;625;NONE SPIKING;1
Ranchi;829;SPINAL ROCKY;1
Santa F;687;POCUS PULP;1
Madiun;500;KISS GLORY;1
Munger (Monghyr);265;DYING MAKER;1
Kursk;487;JINGLE SAGEBRUSH;1
Uluberia;663;PATIENT SISTER;1
Rio Claro;59;BEAR GRACELAND;1
Tieli;301;FAMILY SWEET;1
Pontianak;287;ENTRAPMENT SATISFACTION;1
Santa Rosa;949;VOLCANO TEXAS;1
Sawhaj;777;SECRETARY ROUGE;1
Jaipur;414;HELLFIGHTERS SIERRA;1
Bilbays;274;EGG IGBY;1
Nam Dinh;437;HOUSE DYNAMITE;1
Tarsus;767;SCALAWAG DUCK;1
Charlotte Amalie;957;WAR NOTTING;1
San Felipe del Progreso;614;NAME DETECTIVE;1
Apeldoorn;818;SOMETHING DUCK;1
Kisumu;331;FORWARD TEMPLE;1
Garden Grove;184;CORE SUIT;1
Mandi Bahauddin;676;PHILADELPHIA WIFE;1
Rampur;284;ENEMY ODDS;1
Duisburg;11;ALAMO VIDEOTAPE;1
Balikesir;289;EVE RESURRECTION;1
Hiroshima;346;GALAXY SWEETHEARTS;1
Najafabad;430;HOOK CHARIOTS;1
Sultanbeyli;567;MEET CHOCOLATE;1
Warren;527;LOLA AGENT;1
Kansas City;219;DEEP CRUSADE;1
Mukateve;820;SONS INTERVIEW;1
Kamakura;137;CHARADE DUFFEL;1
Compton;427;HOMEWARD CIDER;1
Nakhon Sawan;235;DIVIDE MONSTER;1
Dayton;731;RIGHT CRANES;1
Kimberley;756;SADDLE ANTITRUST;1
Allende;840;STAMPEDE DISTURBING;1
Batman;762;SASSY PACKER;1
South Hill;730;RIDGEMONT SUBMARINE;1
Udine;91;BOUND CHEAPER;1
Junan;451;IGBY MAKER;1
Almirante Brown;465;INTERVIEW LIAISONS;1
Bhopal;474;JADE BUNCH;1
Valle de la Pascua;830;SPIRIT FLINTSTONES;1
El Monte;651;PACKER MADIGAN;1
Naju;729;RIDER CADDYSHACK;1
Monywa;982;WOMEN DORADO;1
Shikarpur;115;CAMPUS REMEMBER;1
Aurora;162;CLUELESS BUCKET;1
Ilorin;528;LOLITA WORLD;1
Tambaram;101;BROTHERHOOD BLANKET;1
Aparecida de Goinia;982;WOMEN DORADO;1
Fuyu;183;CONVERSATION DOWNHILL;1
Avellaneda;432;HOPE TOOTSIE;1
Ezhou;645;OTHERS SOUP;1
Yingkou;931;VALENTINE VANISHING;1
Otsu;72;BILL OTHERS;1
Kurgan;321;FLASH WARS;1
Hoshiarpur;724;REMEMBER DIARY;1
Bayugan;837;STAGE WORLD;1
Palghat (Palakkad);152;CIRCUS YOUTH;1
Ciudad del Este;773;SEABISCUIT PUNK;1
Garland;86;BOOGIE AMELIE;1
Escobar;66;BENEATH RUSH;1
Munger (Monghyr);579;MINDS TRUMAN;1
Tarsus;491;JUMPING WRATH;1
Loja;549;MAGNOLIA FORRESTER;1
San Lorenzo;313;FIDELITY DEVIL;1
Belm;850;STORY SIDE;1
Kingstown;191;CROOKED FROGMEN;1
Robamba;805;SLEEPLESS MONSOON;1
Clarksville;890;TIGHTS DAWN;1
Uluberia;201;CYCLONE FAMILY;1
Blumenau;305;FATAL HAUNTED;1
Nador;588;MODEL FISH;1
Boa Vista;28;ANTHEM LUKE;1
Apeldoorn;22;AMISTAD MIDSUMMER;1
Qinhuangdao;303;FANTASY TROOPERS;1
Talavera;78;BLACKOUT PRIVATE;1
Sungai Petani;639;OPPOSITE NECKLACE;1
Lublin;994;WYOMING STORM;1
Huixquilucan;13;ALI FOREVER;1
Pjatigorsk;760;SAMURAI LION;1
Fukuyama;602;MOURNING PURPLE;1
Naala-Porto;910;TREATMENT JEKYLL;1
Chandrapur;863;SUN CONFESSIONS;1
Almirante Brown;528;LOLITA WORLD;1
Sagamihara;599;MOTHER OLEANDER;1
Ashdod;892;TITANIC BOONDOCK;1
Pemalang;269;EARRING INSTINCT;1
Juiz de Fora;389;GUNFIGHTER MUSSOLINI;1
Sal;876;TARZAN VIDEOTAPE;1
Aparecida de Goinia;272;EDGE KISSING;1
Lapu-Lapu;766;SAVANNAH TOWN;1
Bern;139;CHASING FIGHT;1
Matamoros;628;NORTHWEST POLISH;1
Beira;895;TOMORROW HUSTLER;1
Namibe;341;FROST HEAD;1
Zhezqazghan;162;CLUELESS BUCKET;1
Dallas;46;AUTUMN CROW;1
Monclova;294;EXPECATIONS NATURAL;1
Songkhla;974;WILD APOLLO;1
Taguig;494;KARATE MOON;1
Brest;924;UNFORGIVEN ZOOLANDER;1
Mannheim;833;SPLENDOR PATTON;1
Laredo;590;MONEY HAROLD;1
Jinzhou;454;IMPACT ALADDIN;1
Kurashiki;519;LIBERTY MAGNIFICENT;1
Balaiha;915;TRUMAN CRAZY;1
Mandi Bahauddin;603;MOVIE SHAKESPEARE;1
Usolje-Sibirskoje;104;BUGSY SONG;1
Pereira;945;VIRGINIAN PLUTO;1
Usolje-Sibirskoje;869;SUSPECTS QUILLS;1
Ondo;715;RANGE MOONWALKER;1
Saint-Denis;724;REMEMBER DIARY;1
Ashgabat;512;LEAGUE HELLFIGHTERS;1
Hami;496;KICK SAVANNAH;1
Nabereznyje Telny;504;KWAI HOMEWARD;1
Juazeiro do Norte;793;SHRUNK DIVINE;1
Lubumbashi;857;STRICTLY SCARFACE;1
Arecibo;480;JEEPERS WEDDING;1
Ilorin;645;OTHERS SOUP;1
Barcelona;493;KANE EXORCIST;1
Bellevue;358;GILMORE BOILED;1
Halle/Saale;97;BRIDE INTRIGUE;1
Bradford;790;SHOOTIST SUPERFLY;1
Sawhaj;312;FIDDLER LOST;1
Valle de la Pascua;854;STRANGERS GRAFFITI;1
Purnea (Purnia);193;CROSSROADS CASUALTIES;1
Manchester;457;INDEPENDENCE HOTEL;1
Mahajanga;832;SPLASH GUMP;1
Pontianak;48;BACKLASH UNDEFEATED;1
Kowloon and New Kowloon;960;WARS PLUTO;1
Etawah;361;GLEAMING JAWBREAKER;1
Aparecida de Goinia;979;WITCHES PANIC;1
Sal;436;HOURS RAGE;1
Korolev;894;TOMATOES HELLFIGHTERS;1
Bchar;621;NETWORK PEAK;1
Allappuzha (Alleppey);251;DRAGONFLY STRANGERS;1
Ranchi;447;ICE CROSSING;1
Xinxiang;455;IMPOSSIBLE PREJUDICE;1
Oulu;659;PARK CITIZEN;1
Talavera;245;DOUBLE WRATH;1
Maracabo;83;BLUES INSTINCT;1
Torren;53;BANG KWAI;1
San Felipe del Progreso;417;HILLS NEIGHBORS;1
Bilbays;501;KISSING DOLLS;1
Korolev;595;MOON BUNCH;1
Iligan;726;RESERVOIR ADAPTATION;1
Kamyin;891;TIMBERLAND SKY;1
Teboksary;25;ANGELS LIFE;1
Torren;366;GOLDFINGER SENSIBILITY;1
Ivanovo;5;AFRICAN EGG;1
Tokat;243;DOORS PRESIDENT;1
Shaoguan;26;ANNIE IDENTITY;1
Emeishan;371;GOSFORD DONNIE;1
Shubra al-Khayma;174;CONFIDENTIAL INTERVIEW;1
Nha Trang;638;OPERATION OPERATION;1
Iwaki;216;DAY UNFAITHFUL;1
guas Lindas de Gois;571;METAL ARMAGEDDON;1
Zanzibar;86;BOOGIE AMELIE;1
Hubli-Dharwad;562;MASKED BUBBLE;1
Novi Sad;706;QUEEN LUKE;1
Czestochowa;282;ENCOUNTERS CURTAIN;1
Mit Ghamr;45;ATTRACTION NEWTON;1
Batman;586;MOCKINGBIRD HOLLYWOOD;1
Papeete;302;FANTASIA PARK;1
Grand Prairie;640;OPUS ICE;1
Xiangfan;290;EVERYONE CRAFT;1
Szkesfehrvr;759;SALUTE APOLLO;1
Southampton;283;ENDING CROWDS;1
Weifang;755;SABRINA MIDNIGHT;1
Bhavnagar;833;SPLENDOR PATTON;1
Sanya;892;TITANIC BOONDOCK;1
Nantou;810;SLUMS DUCK;1
Nabereznyje Telny;865;SUNRISE LEAGUE;1
Salala;831;SPIRITED CASUALTIES;1
Bayugan;616;NATIONAL STORY;1
Tallahassee;39;ARMAGEDDON LOST;1
Onomichi;411;HEAVENLY GUN;1
Changhwa;603;MOVIE SHAKESPEARE;1
NDjamna;456;INCH JET;1
Sucre;121;CAROL TEXAS;1
Urawa;355;GHOSTBUSTERS ELF;1
Bellevue;241;DONNIE ALLEY;1
Stockport;850;STORY SIDE;1
Nam Dinh;86;BOOGIE AMELIE;1
Zhezqazghan;76;BIRDCAGE CASPER;1
Charlotte Amalie;303;FANTASY TROOPERS;1
Erlangen;341;FROST HEAD;1
Amroha;391;HALF OUTFIELD;1
Aparecida de Goinia;131;CENTER DINOSAUR;1
NDjamna;91;BOUND CHEAPER;1
Balaiha;856;STREETCAR INTENTIONS;1
Araatuba;941;VIDEOTAPE ARSENIC;1
Munger (Monghyr);634;ODDS BOOGIE;1
So Leopoldo;123;CASABLANCA SUPER;1
Vancouver;216;DAY UNFAITHFUL;1
Banjul;247;DOWNHILL ENOUGH;1
Yerevan;690;POND SEATTLE;1
Pachuca de Soto;690;POND SEATTLE;1
Valle de Santiago;129;CAUSE DATE;1
Tandil;645;OTHERS SOUP;1
Augusta-Richmond County;459;INFORMER DOUBLE;1
ostka;687;POCUS PULP;1
Loja;863;SUN CONFESSIONS;1
Ljubertsy;585;MOB DUFFEL;1
Taizz;6;AGENT TRUMAN;1
Shimoga;130;CELEBRITY HORN;1
Ondo;207;DANGEROUS UPTOWN;1
Kamakura;559;MARRIED GO;1
s-Hertogenbosch;89;BORROWERS BEDAZZLED;1
Udine;767;SCALAWAG DUCK;1
Ahmadnagar;930;VACATION BOONDOCK;1
Ciparay;429;HONEY TIES;1
Ezeiza;219;DEEP CRUSADE;1
Wroclaw;898;TOURIST PELICAN;1
Zaoyang;133;CHAMBER ITALIAN;1
Nantou;763;SATISFACTION CONFIDENTIAL;1
Jaroslavl;439;HUNCHBACK IMPOSSIBLE;1
Benguela;354;GHOST GROUNDHOG;1
Omiya;75;BIRD INDEPENDENCE;1
Coacalco de Berriozbal;117;CANDLES GRAPES;1
Tallahassee;727;RESURRECTION SILVERADO;1
Cape Coral;810;SLUMS DUCK;1
Ipoh;319;FISH OPUS;1
York;502;KNOCK WARLOCK;1
Parbhani;878;TEEN APOLLO;1
Deba Habe;133;CHAMBER ITALIAN;1
Baiyin;266;DYNAMITE TARZAN;1
Akron;86;BOOGIE AMELIE;1
Bradford;39;ARMAGEDDON LOST;1
Coacalco de Berriozbal;586;MOCKINGBIRD HOLLYWOOD;1
Mardan;595;MOON BUNCH;1
Suihua;298;EYES DRIVING;1
Ondo;609;MUSCLE BRIGHT;1
Abu Dhabi;43;ATLANTIS CAUSE;1
El Monte;831;SPIRITED CASUALTIES;1
Fuzhou;97;BRIDE INTRIGUE;1
Okayama;583;MISSION ZOOLANDER;1
Ede;369;GOODFELLAS SALUTE;1
Nantou;465;INTERVIEW LIAISONS;1
Batna;715;RANGE MOONWALKER;1
Pudukkottai;922;UNDEFEATED DALMATIONS;1
Bag;103;BUCKET BROTHERHOOD;1
Brockton;235;DIVIDE MONSTER;1
Mardan;813;SMOOCHY CONTROL;1
Hohhot;686;PLUTO OLEANDER;1
Ambattur;236;DIVINE RESURRECTION;1
Bamenda;403;HARRY IDAHO;1
Tianjin;117;CANDLES GRAPES;1
Bradford;427;HOMEWARD CIDER;1
Allappuzha (Alleppey);109;BUTTERFLY CHOCOLAT;1
ostka;220;DEER VIRGINIAN;1
Batman;294;EXPECATIONS NATURAL;1
Coacalco de Berriozbal;783;SHANE DARKNESS;1
Zanzibar;77;BIRDS PERDITION;1
Tama;752;RUNNER MADIGAN;1
Cheju;307;FELLOWSHIP AUTUMN;1
San Miguel de Tucumn;115;CAMPUS REMEMBER;1
Udine;236;DIVINE RESURRECTION;1
Cianjur;252;DREAM PICKUP;1
Syrakusa;247;DOWNHILL ENOUGH;1
San Miguel de Tucumn;945;VIRGINIAN PLUTO;1
Tongliao;440;HUNGER ROOF;1
Bradford;327;FOOL MOCKINGBIRD;1
Chapra;311;FICTION CHRISTMAS;1
Barcelona;936;VANISHING ROCKY;1
Masqat;88;BORN SPINAL;1
Vila Velha;556;MALTESE HOPE;1
Johannesburg;254;DRIVER ANNIE;1
Shimoga;870;SWARM GOLD;1
Tama;930;VACATION BOONDOCK;1
Ashgabat;557;MANCHURIAN CURTAIN;1
Dayton;851;STRAIGHT HOURS;1
Shivapuri;755;SABRINA MIDNIGHT;1
Salinas;130;CELEBRITY HORN;1
Augusta-Richmond County;747;ROXANNE REBEL;1
Nantou;333;FREAKY POCUS;1
Abu Dhabi;439;HUNCHBACK IMPOSSIBLE;1
Nha Trang;95;BREAKFAST GOLDFINGER;1
Jaipur;91;BOUND CHEAPER;1
Oulu;902;TRADING PINOCCHIO;1
Idfu;445;HYDE DOCTOR;1
Vila Velha;1;ACADEMY DINOSAUR;1
Lublin;920;UNBREAKABLE KARATE;1
Asuncin;81;BLINDNESS GUN;1
Mardan;994;WYOMING STORM;1
Kansas City;113;CALIFORNIA BIRDS;1
Aurora;304;FARGO GANDHI;1
London;491;JUMPING WRATH;1
Balurghat;967;WEEKEND PERSONAL;1
Liaocheng;59;BEAR GRACELAND;1
Gatineau;378;GREATEST NORTH;1
al-Ayn;735;ROBBERS JOON;1
Weifang;512;LEAGUE HELLFIGHTERS;1
Pyongyang;450;IDOLS SNATCHERS;1
Akron;734;ROAD ROXANNE;1
Benguela;361;GLEAMING JAWBREAKER;1
Torren;786;SHEPHERD MIDSUMMER;1
guas Lindas de Gois;611;MUSKETEERS WAIT;1
Zhoushan;533;LOST BIRD;1
Lubumbashi;13;ALI FOREVER;1
Chisinau;500;KISS GLORY;1
Palghat (Palakkad);576;MIGHTY LUCK;1
Taizz;437;HOUSE DYNAMITE;1
La Plata;327;FOOL MOCKINGBIRD;1
Baicheng;617;NATURAL STOCK;1
Ciudad del Este;494;KARATE MOON;1
Nantou;743;ROOM ROMAN;1
Pingxiang;231;DINOSAUR SECRETARY;1
Cayenne;308;FERRIS MOTHER;1
Plock;191;CROOKED FROGMEN;1
Rajkot;561;MASK PEACH;1
Jinzhou;533;LOST BIRD;1
Pingxiang;599;MOTHER OLEANDER;1
Bhimavaram;778;SECRETS PARADISE;1
Tel Aviv-Jaffa;471;ISLAND EXORCIST;1
Nam Dinh;127;CAT CONEHEADS;1
Tegal;841;STAR OPERATION;1
Ashgabat;189;CREATURES SHAKESPEARE;1
Aurora;587;MOD SECRETARY;1
Huixquilucan;49;BADMAN DAWN;1
Donostia-San Sebastin;403;HARRY IDAHO;1
Moscow;442;HUNTING MUSKETEERS;1
Surakarta;683;PITY BOUND;1
Niznekamsk;55;BARBARELLA STREETCAR;1
Graz;814;SNATCH SLIPPER;1
Tonghae;54;BANGER PINOCCHIO;1
Arecibo;730;RIDGEMONT SUBMARINE;1
Kolpino;140;CHEAPER CLYDE;1
Lausanne;64;BEETHOVEN EXORCIST;1
Datong;223;DESIRE ALIEN;1
Donostia-San Sebastin;303;FANTASY TROOPERS;1
Bilbays;464;INTENTIONS EMPIRE;1
Kuching;97;BRIDE INTRIGUE;1
Purnea (Purnia);764;SATURDAY LAMBS;1
Stara Zagora;101;BROTHERHOOD BLANKET;1
Rio Claro;406;HAUNTING PIANIST;1
Vijayawada;681;PIRATES ROXANNE;1
Cabuyao;91;BOUND CHEAPER;1
So Leopoldo;644;OSCAR GOLD;1
Batna;209;DARKNESS WAR;1
Guaruj;617;NATURAL STOCK;1
Addis Abeba;406;HAUNTING PIANIST;1
Sterling Heights;115;CAMPUS REMEMBER;1
Tabriz;481;JEKYLL FROGMEN;1
Halle/Saale;424;HOLOCAUST HIGHBALL;1
Funafuti;20;AMELIE HELLFIGHTERS;1
Tallahassee;498;KILLER INNOCENT;1
Joliet;500;KISS GLORY;1
Nanyang;447;ICE CROSSING;1
Fukuyama;28;ANTHEM LUKE;1
Baha Blanca;850;STORY SIDE;1
Beira;400;HARDLY ROBBERS;1
Battambang;193;CROSSROADS CASUALTIES;1
Ourense (Orense);962;WASTELAND DIVINE;1
Lhokseumawe;595;MOON BUNCH;1
Warren;369;GOODFELLAS SALUTE;1
Pathankot;964;WATERFRONT DELIVERANCE;1
Otsu;263;DURHAM PANKY;1
Shaoguan;615;NASH CHOCOLAT;1
Erlangen;491;JUMPING WRATH;1
Ljubertsy;428;HOMICIDE PEACH;1
Shaoguan;110;CABIN FLASH;1
Bern;698;PRINCESS GIANT;1
Suihua;567;MEET CHOCOLATE;1
Livorno;90;BOULEVARD MOB;1
Kilis;791;SHOW LORD;1
Stara Zagora;11;ALAMO VIDEOTAPE;1
Allappuzha (Alleppey);220;DEER VIRGINIAN;1
Ezeiza;176;CONGENIALITY QUEST;1
Tartu;890;TIGHTS DAWN;1
Lincoln;372;GRACELAND DYNAMITE;1
Klerksdorp;309;FEUD FROGMEN;1
Balaiha;10;ALADDIN CALENDAR;1
Laredo;689;POLLOCK DELIVERANCE;1
Ciudad del Este;257;DRUMLINE CYCLONE;1
Bradford;1000;ZORRO ARK;1
Botshabelo;796;SIERRA DIVIDE;1
al-Qatif;473;JACKET FRISCO;1
Plock;202;DADDY PITTSBURGH;1
Nam Dinh;307;FELLOWSHIP AUTUMN;1
Szkesfehrvr;37;ARIZONA BANG;1
Shahr-e Kord;947;VISION TORQUE;1
Bergamo;962;WASTELAND DIVINE;1
Dongying;353;GENTLEMEN STAGE;1
Tete;705;PURPLE MOVIE;1
Cuauhtmoc;48;BACKLASH UNDEFEATED;1
Tokat;695;PRESIDENT BANG;1
Asuncin;449;IDENTITY LOVER;1
Tanshui;249;DRACULA CRYSTAL;1
Chisinau;531;LOSE INCH;1
Vaduz;898;TOURIST PELICAN;1
Jamalpur;562;MASKED BUBBLE;1
Sal;274;EGG IGBY;1
Bat Yam;451;IGBY MAKER;1
Ambattur;623;NEWTON LABYRINTH;1
Chungho;914;TROUBLE DATE;1
Joliet;691;POSEIDON FOREVER;1
Mysore;22;AMISTAD MIDSUMMER;1
Sungai Petani;734;ROAD ROXANNE;1
Szkesfehrvr;941;VIDEOTAPE ARSENIC;1
Cheju;82;BLOOD ARGONAUTS;1
Czestochowa;249;DRACULA CRYSTAL;1
Dadu;484;JERK PAYCHECK;1
Balikesir;531;LOSE INCH;1
Nantou;975;WILLOW TRACY;1
Probolinggo;191;CROOKED FROGMEN;1
Firozabad;428;HOMICIDE PEACH;1
Guadalajara;70;BIKINI BORROWERS;1
Yingkou;460;INNOCENT USUAL;1
Nakhon Sawan;735;ROBBERS JOON;1
Banjul;44;ATTACKS HATE;1
Kurashiki;1;ACADEMY DINOSAUR;1
Weifang;162;CLUELESS BUCKET;1
Hohhot;890;TIGHTS DAWN;1
Hidalgo;949;VOLCANO TEXAS;1
Talavera;624;NIGHTMARE CHILL;1
Lengshuijiang;476;JASON TRAP;1
Sumy;901;TRACY CIDER;1
Udine;662;PATHS CONTROL;1
Monclova;524;LION UNCUT;1
Tabora;665;PATTON INTERVIEW;1
Pak Kret;807;SLEUTH ORIENT;1
Fuzhou;266;DYNAMITE TARZAN;1
Tongliao;856;STREETCAR INTENTIONS;1
Malm;823;SOUTH WAIT;1
Haldia;611;MUSKETEERS WAIT;1
NDjamna;317;FIREBALL PHILADELPHIA;1
Hunuco;736;ROBBERY BRIGHT;1
Bayugan;667;PEACH INNOCENT;1
Lipetsk;1;ACADEMY DINOSAUR;1
Shikarpur;654;PANKY SUBMARINE;1
Bayugan;706;QUEEN LUKE;1
Owo;764;SATURDAY LAMBS;1
Rancagua;938;VELVET TERMINATOR;1
Kilis;319;FISH OPUS;1
Cuauhtmoc;864;SUNDANCE INVASION;1
Eskisehir;473;JACKET FRISCO;1
al-Hawiya;567;MEET CHOCOLATE;1
Zeleznogorsk;295;EXPENDABLE STALLION;1
Nagaon;749;RULES HUMAN;1
Balikesir;843;STEEL SANTA;1
Dongying;473;JACKET FRISCO;1
Sungai Petani;524;LION UNCUT;1
Cianjur;39;ARMAGEDDON LOST;1
Mardan;747;ROXANNE REBEL;1
Mukateve;893;TITANS JERK;1
Salzburg;827;SPICE SORORITY;1
Myingyan;239;DOGMA FAMILY;1
Yinchuan;918;TWISTED PIRATES;1
Yangor;444;HUSTLER PARTY;1
Charlotte Amalie;330;FORRESTER COMANCHEROS;1
Almirante Brown;77;BIRDS PERDITION;1
Valle de la Pascua;934;VANILLA DAY;1
Papeete;329;FORREST SONS;1
Valparai;973;WIFE TURN;1
Crdoba;275;EGYPT TENENBAUMS;1
Huejutla de Reyes;154;CLASH FREDDY;1
Dallas;23;ANACONDA CONFESSIONS;1
Tieli;83;BLUES INSTINCT;1
Emeishan;424;HOLOCAUST HIGHBALL;1
Kurashiki;443;HURRICANE AFFAIR;1
Yuncheng;600;MOTIONS DETAILS;1
Adana;209;DARKNESS WAR;1
Touliu;269;EARRING INSTINCT;1
Ife;494;KARATE MOON;1
Battambang;581;MINORITY KISS;1
Luzinia;277;ELEPHANT TROJAN;1
Cam Ranh;445;HYDE DOCTOR;1
Urawa;704;PURE RUNNER;1
Saint Louis;271;EASY GLADIATOR;1
Sasebo;611;MUSKETEERS WAIT;1
Katihar;54;BANGER PINOCCHIO;1
Toulon;280;EMPIRE MALKOVICH;1
A Corua (La Corua);902;TRADING PINOCCHIO;1
Yinchuan;678;PICKUP DRIVING;1
Nam Dinh;816;SNOWMAN ROLLERCOASTER;1
Teboksary;475;JAPANESE RUN;1
Myingyan;431;HOOSIERS BIRDCAGE;1
Hunuco;744;ROOTS REMEMBER;1
Syrakusa;149;CHRISTMAS MOONSHINE;1
Cape Coral;564;MASSAGE IMAGE;1
Effon-Alaiye;893;TITANS JERK;1
Omdurman;74;BIRCH ANTITRUST;1
Brindisi;873;SWEETHEARTS SUSPECTS;1
Imus;826;SPEED SUIT;1
Smolensk;163;CLYDE THEORY;1
Shimonoseki;597;MOONWALKER FOOL;1
Vila Velha;728;REUNION WITCHES;1
Stockport;330;FORRESTER COMANCHEROS;1
Duisburg;565;MATRIX SNOWMAN;1
Merlo;434;HORROR REIGN;1
South Hill;67;BERETS AGENT;1
Qomsheh;587;MOD SECRETARY;1
Cabuyao;155;CLEOPATRA DEVIL;1
Lapu-Lapu;444;HUSTLER PARTY;1
guas Lindas de Gois;930;VACATION BOONDOCK;1
Stockport;858;SUBMARINE BED;1
Belm;695;PRESIDENT BANG;1
Owo;844;STEERS ARMAGEDDON;1
Haldia;366;GOLDFINGER SENSIBILITY;1
Carmen;608;MURDER ANTITRUST;1
Amersfoort;851;STRAIGHT HOURS;1
Imus;57;BASIC EASY;1
Merlo;967;WEEKEND PERSONAL;1
Allappuzha (Alleppey);225;DESTINATION JERK;1
Ondo;837;STAGE WORLD;1
Jining;764;SATURDAY LAMBS;1
Tallahassee;474;JADE BUNCH;1
Izumisano;859;SUGAR WONKA;1
Molodetno;578;MILLION ACE;1
Pjatigorsk;180;CONSPIRACY SPIRIT;1
Brest;730;RIDGEMONT SUBMARINE;1
Joliet;626;NOON PAPI;1
Emmen;610;MUSIC BOONDOCK;1
Dongying;281;ENCINO ELF;1
Haining;130;CELEBRITY HORN;1
Owo;242;DOOM DANCING;1
Toulon;545;MADNESS ATTACKS;1
Ogbomosho;928;UPTOWN YOUNG;1
Zhezqazghan;812;SMOKING BARBARELLA;1
Nuuk;215;DAWN POND;1
NDjamna;361;GLEAMING JAWBREAKER;1
Bijapur;790;SHOOTIST SUPERFLY;1
Sokoto;782;SHAKESPEARE SADDLE;1
Garden Grove;691;POSEIDON FOREVER;1
Laredo;730;RIDGEMONT SUBMARINE;1
Uruapan;408;HEAD STRANGER;1
Salzburg;824;SPARTACUS CHEAPER;1
Hino;865;SUNRISE LEAGUE;1
Batna;267;EAGLES PANKY;1
Amroha;890;TIGHTS DAWN;1
Chisinau;761;SANTA PARIS;1
Hamilton;930;VACATION BOONDOCK;1
Nakhon Sawan;703;PUNK DIVORCE;1
Aden;253;DRIFTER COMMANDMENTS;1
Jelets;536;LOVELY JINGLE;1
Xiangtan;442;HUNTING MUSKETEERS;1
Arlington;398;HANOVER GALAXY;1
Satna;455;IMPOSSIBLE PREJUDICE;1
Batman;209;DARKNESS WAR;1
Songkhla;653;PANIC CLUB;1
Molodetno;725;REQUIEM TYCOON;1
Hidalgo;244;DORADO NOTTING;1
Isesaki;684;PIZZA JUMANJI;1
Sambhal;273;EFFECT GLADIATOR;1
Plock;499;KING EVOLUTION;1
Serpuhov;49;BADMAN DAWN;1
Kimberley;35;ARACHNOPHOBIA ROLLERCOASTER;1
Novoterkassk;273;EFFECT GLADIATOR;1
Angra dos Reis;65;BEHAVIOR RUNAWAY;1
Matsue;6;AGENT TRUMAN;1
So Bernardo do Campo;879;TELEGRAPH VOYAGE;1
Johannesburg;823;SOUTH WAIT;1
Cheju;489;JUGGLER HARDLY;1
Bislig;777;SECRETARY ROUGE;1
Salzburg;456;INCH JET;1
Lausanne;306;FEATHERS METAL;1
Owo;143;CHILL LUCK;1
al-Ayn;545;MADNESS ATTACKS;1
Tanshui;718;REBEL AIRPORT;1
Skikda;782;SHAKESPEARE SADDLE;1
Jos Azueta;641;ORANGE GRAPES;1
Hiroshima;616;NATIONAL STORY;1
Novoterkassk;845;STEPMOM DREAM;1
Donostia-San Sebastin;300;FALCON VOLUME;1
Cuernavaca;565;MATRIX SNOWMAN;1
Gulbarga;743;ROOM ROMAN;1
Coquimbo;169;COMFORTS RUSH;1
Uijongbu;696;PRIDE ALAMO;1
Okayama;887;THIEF PELICAN;1
Ruse;815;SNATCHERS MONTEZUMA;1
Cavite;741;ROMAN PUNK;1
Belm;782;SHAKESPEARE SADDLE;1
Luzinia;153;CITIZEN SHREK;1
Ezhou;629;NOTORIOUS REUNION;1
Mit Ghamr;494;KARATE MOON;1
Garden Grove;92;BOWFINGER GABLES;1
Witten;309;FEUD FROGMEN;1
Vilnius;464;INTENTIONS EMPIRE;1
Anpolis;435;HOTEL HAPPINESS;1
Witten;527;LOLA AGENT;1
Bergamo;908;TRAP GUYS;1
Kumbakonam;85;BONNIE HOLOCAUST;1
Tarlac;541;LUKE MUMMY;1
Cam Ranh;961;WASH HEAVENLY;1
Bhimavaram;967;WEEKEND PERSONAL;1
Escobar;743;ROOM ROMAN;1
Chisinau;496;KICK SAVANNAH;1
Nyeri;500;KISS GLORY;1
Shivapuri;706;QUEEN LUKE;1
Shaoguan;888;THIN SAGEBRUSH;1
San Lorenzo;878;TEEN APOLLO;1
Probolinggo;867;SUPER WYOMING;1
Inegl;958;WARDROBE PHANTOM;1
Jhansi;172;CONEHEADS SMOOCHY;1
Johannesburg;804;SLEEPING SUSPECTS;1
Salamanca;763;SATISFACTION CONFIDENTIAL;1
Abu Dhabi;319;FISH OPUS;1
Florencia;686;PLUTO OLEANDER;1
Baha Blanca;755;SABRINA MIDNIGHT;1
Bhavnagar;112;CALENDAR GUNFIGHT;1
Tabuk;980;WIZARD COLDBLOODED;1
Ipoh;591;MONSOON CAUSE;1
Serpuhov;417;HILLS NEIGHBORS;1
Abu Dhabi;570;MERMAID INSECTS;1
Lancaster;471;ISLAND EXORCIST;1
Springs;402;HARPER DYING;1
al-Qatif;637;OPEN AFRICAN;1
Antofagasta;229;DEVIL DESIRE;1
Talavera;172;CONEHEADS SMOOCHY;1
Soshanguve;493;KANE EXORCIST;1
Binzhou;267;EAGLES PANKY;1
Addis Abeba;420;HOLES BRANNIGAN;1
Jaffna;503;KRAMER CHOCOLATE;1
Shimonoseki;235;DIVIDE MONSTER;1
Yantai;487;JINGLE SAGEBRUSH;1
Juazeiro do Norte;849;STORM HAPPINESS;1
Usolje-Sibirskoje;365;GOLD RIVER;1
Salinas;973;WIFE TURN;1
Tartu;774;SEARCHERS WAIT;1
Baybay;158;CLONES PINOCCHIO;1
Addis Abeba;305;FATAL HAUNTED;1
Baicheng;568;MEMENTO ZOOLANDER;1
Hino;995;YENTL IDAHO;1
Dos Quebradas;121;CAROL TEXAS;1
Citt del Vaticano;771;SCORPION APOLLO;1
Jining;660;PARTY KNOCK;1
Ruse;649;OZ LIAISONS;1
Benguela;556;MALTESE HOPE;1
Antofagasta;387;GUN BONNIE;1
Allende;969;WEST LION;1
Halisahar;450;IDOLS SNATCHERS;1
Escobar;893;TITANS JERK;1
Batna;346;GALAXY SWEETHEARTS;1
Chapra;134;CHAMPION FLATLINERS;1
Avellaneda;603;MOVIE SHAKESPEARE;1
Shubra al-Khayma;557;MANCHURIAN CURTAIN;1
Akishima;150;CIDER DESIRE;1
Fuzhou;890;TIGHTS DAWN;1
Tanauan;11;ALAMO VIDEOTAPE;1
Acua;282;ENCOUNTERS CURTAIN;1
Hamilton;432;HOPE TOOTSIE;1
Salamanca;906;TRAMP OTHERS;1
Cam Ranh;674;PET HAUNTING;1
Brescia;903;TRAFFIC HOBBIT;1
Jedda;725;REQUIEM TYCOON;1
Cuman;683;PITY BOUND;1
Bratislava;710;RAGE GAMES;1
Nha Trang;442;HUNTING MUSKETEERS;1
Santa F;450;IDOLS SNATCHERS;1
Jamalpur;35;ARACHNOPHOBIA ROLLERCOASTER;1
Kamjanets-Podilskyi;17;ALONE TRIP;1
Erlangen;8;AIRPORT POLLOCK;1
Brescia;292;EXCITEMENT EVE;1
Zhoushan;734;ROAD ROXANNE;1
Usolje-Sibirskoje;175;CONFUSED CANDLES;1
Okinawa;248;DOZEN LION;1
Brescia;838;STAGECOACH ARMAGEDDON;1
Naju;135;CHANCE RESURRECTION;1
Datong;623;NEWTON LABYRINTH;1
Pemalang;11;ALAMO VIDEOTAPE;1
Richmond Hill;772;SEA VIRGIN;1
Salinas;159;CLOSER BANG;1
Angra dos Reis;585;MOB DUFFEL;1
Sivas;179;CONQUERER NUTS;1
Zeleznogorsk;442;HUNTING MUSKETEERS;1
Oyo;683;PITY BOUND;1
Kabul;561;MASK PEACH;1
Ashqelon;443;HURRICANE AFFAIR;1
Daxian;816;SNOWMAN ROLLERCOASTER;1
Sultanbeyli;764;SATURDAY LAMBS;1
Zapopan;979;WITCHES PANIC;1
Otsu;227;DETAILS PACKER;1
Haldia;96;BREAKING HOME;1
Bamenda;937;VARSITY TRIP;1
Dadu;877;TAXI KICK;1
Nador;440;HUNGER ROOF;1
Ranchi;443;HURRICANE AFFAIR;1
Bhavnagar;235;DIVIDE MONSTER;1
Hidalgo;187;CRANES RESERVOIR;1
Chapra;661;PAST SUICIDES;1
Onomichi;966;WEDDING APOLLO;1
Amroha;458;INDIAN LOVE;1
Robamba;59;BEAR GRACELAND;1
al-Qatif;849;STORM HAPPINESS;1
Huejutla de Reyes;331;FORWARD TEMPLE;1
Sunnyvale;845;STEPMOM DREAM;1
Yangor;637;OPEN AFRICAN;1
Tanshui;748;RUGRATS SHAKESPEARE;1
Garland;72;BILL OTHERS;1
Kolpino;299;FACTORY DRAGON;1
Tarlac;170;COMMAND DARLING;1
Nakhon Sawan;542;LUST LOCK;1
Beni-Mellal;767;SCALAWAG DUCK;1
Kursk;562;MASKED BUBBLE;1
Lipetsk;215;DAWN POND;1
Pak Kret;733;RIVER OUTLAW;1
Pyongyang;745;ROSES TREASURE;1
Guaruj;650;PACIFIC AMISTAD;1
Vinh;220;DEER VIRGINIAN;1
Caracas;769;SCHOOL JACKET;1
Tsuyama;7;AIRPLANE SIERRA;1
Taizz;976;WIND PHANTOM;1
Quilmes;991;WORST BANGER;1
Kamjanets-Podilskyi;697;PRIMARY GLASS;1
Jinchang;757;SAGEBRUSH CLUELESS;1
Donostia-San Sebastin;580;MINE TITANS;1
Satna;933;VAMPIRE WHALE;1
Kanchrapara;880;TELEMARK HEARTBREAKERS;1
Chatsworth;215;DAWN POND;1
Jinchang;531;LOSE INCH;1
Hodeida;821;SORORITY QUEEN;1
Huejutla de Reyes;205;DANCES NONE;1
NDjamna;421;HOLIDAY GAMES;1
Iwakuni;298;EYES DRIVING;1
Hsichuh;772;SEA VIRGIN;1
Moscow;727;RESURRECTION SILVERADO;1
Mosul;523;LIGHTS DEER;1
Kamarhati;354;GHOST GROUNDHOG;1
Ciparay;99;BRINGING HYSTERICAL;1
Luzinia;115;CAMPUS REMEMBER;1
Kuwana;77;BIRDS PERDITION;1
Kolpino;60;BEAST HUNCHBACK;1
Sousse;129;CAUSE DATE;1
Kitwe;698;PRINCESS GIANT;1
Florencia;875;TALENTED HOMICIDE;1
South Hill;816;SNOWMAN ROLLERCOASTER;1
Hsichuh;849;STORM HAPPINESS;1
Dhule (Dhulia);425;HOLY TADPOLE;1
Ljubertsy;276;ELEMENT FREDDY;1
Chisinau;526;LOCK REAR;1
Purnea (Purnia);322;FLATLINERS KILLER;1
Jodhpur;789;SHOCK CABIN;1
Belm;361;GLEAMING JAWBREAKER;1
Maracabo;852;STRANGELOVE DESIRE;1
Hagonoy;190;CREEPERS KANE;1
Hami;743;ROOM ROMAN;1
Tanshui;546;MADRE GABLES;1
Kimberley;450;IDOLS SNATCHERS;1
Izumisano;6;AGENT TRUMAN;1
Pavlodar;66;BENEATH RUSH;1
Changzhou;615;NASH CHOCOLAT;1
Bhimavaram;572;METROPOLIS COMA;1
Lengshuijiang;941;VIDEOTAPE ARSENIC;1
Tel Aviv-Jaffa;477;JAWBREAKER BROOKLYN;1
Cape Coral;578;MILLION ACE;1
Tsaotun;341;FROST HEAD;1
Mahajanga;668;PEAK FOREVER;1
Dongying;122;CARRIE BUNCH;1
Valencia;875;TALENTED HOMICIDE;1
Vila Velha;276;ELEMENT FREDDY;1
Daugavpils;723;REIGN GENTLEMEN;1
Serpuhov;472;ITALIAN AFRICAN;1
Jamalpur;529;LONELY ELEPHANT;1
Jastrzebie-Zdrj;522;LIFE TWISTED;1
al-Manama;676;PHILADELPHIA WIFE;1
Parbhani;750;RUN PACIFIC;1
Sultanbeyli;167;COMA HEAD;1
Soshanguve;351;GASLIGHT CRUSADE;1
Maikop;139;CHASING FIGHT;1
Dzerzinsk;656;PAPI NECKLACE;1
Batman;844;STEERS ARMAGEDDON;1
Fukuyama;509;LANGUAGE COWBOY;1
Pemalang;567;MEET CHOCOLATE;1
Anpolis;288;ESCAPE METROPOLIS;1
Laiwu;915;TRUMAN CRAZY;1
Rae Bareli;83;BLUES INSTINCT;1
Ogbomosho;730;RIDGEMONT SUBMARINE;1
Rustenburg;140;CHEAPER CLYDE;1
Southampton;483;JERICHO MULAN;1
Lubumbashi;57;BASIC EASY;1
Jedda;731;RIGHT CRANES;1
Shahr-e Kord;229;DEVIL DESIRE;1
Lilongwe;650;PACIFIC AMISTAD;1
Luzinia;966;WEDDING APOLLO;1
Monywa;270;EARTH VISION;1
Florencia;930;VACATION BOONDOCK;1
Ruse;281;ENCINO ELF;1
Sincelejo;588;MODEL FISH;1
Livorno;725;REQUIEM TYCOON;1
Kanazawa;392;HALL CASSIDY;1
Hanoi;324;FLINTSTONES HAPPINESS;1
Sungai Petani;319;FISH OPUS;1
Laredo;592;MONSTER SPARTACUS;1
Yingkou;345;GABLES METROPOLIS;1
Onomichi;219;DEEP CRUSADE;1
Sivas;476;JASON TRAP;1
Ourense (Orense);966;WEDDING APOLLO;1
Botosani;140;CHEAPER CLYDE;1
Pjatigorsk;1;ACADEMY DINOSAUR;1
Tambaram;142;CHICKEN HELLFIGHTERS;1
Pune;574;MIDNIGHT WESTWARD;1
Ourense (Orense);507;LADYBUGS ARMAGEDDON;1
Lilongwe;540;LUCKY FLYING;1
Carmen;624;NIGHTMARE CHILL;1
Kimchon;913;TROOPERS METAL;1
Atinsk;224;DESPERATE TRAINSPOTTING;1
Botosani;232;DIRTY ACE;1
Yaound;97;BRIDE INTRIGUE;1
Bern;731;RIGHT CRANES;1
Belm;300;FALCON VOLUME;1
Kirovo-Tepetsk;619;NEIGHBORS CHARADE;1
Yinchuan;895;TOMORROW HUSTLER;1
Madiun;994;WYOMING STORM;1
Kumbakonam;463;INSTINCT AIRPORT;1
Brescia;676;PHILADELPHIA WIFE;1
Ktahya;111;CADDYSHACK JEDI;1
Arak;982;WOMEN DORADO;1
Ktahya;948;VOICE PEACH;1
Kolpino;696;PRIDE ALAMO;1
Dhule (Dhulia);974;WILD APOLLO;1
Sousse;73;BINGO TALENTED;1
Toulouse;162;CLUELESS BUCKET;1
San Felipe del Progreso;450;IDOLS SNATCHERS;1
Sambhal;450;IDOLS SNATCHERS;1
Maikop;350;GARDEN ISLAND;1
Changhwa;476;JASON TRAP;1
Serpuhov;988;WORKER TARZAN;1
Newcastle;64;BEETHOVEN EXORCIST;1
Mosul;818;SOMETHING DUCK;1
San Felipe del Progreso;752;RUNNER MADIGAN;1
Tabuk;794;SIDE ARK;1
Munger (Monghyr);116;CANDIDATE PERDITION;1
La Plata;975;WILLOW TRACY;1
Laredo;833;SPLENDOR PATTON;1
Joliet;396;HANGING DEEP;1
Nador;562;MASKED BUBBLE;1
Bijapur;42;ARTIST COLDBLOODED;1
Junan;119;CAPER MOTIONS;1
Fuyu;865;SUNRISE LEAGUE;1
Dhaka;808;SLING LUKE;1
Nezahualcyotl;832;SPLASH GUMP;1
Vijayawada;246;DOUBTFIRE LABYRINTH;1
Changzhou;273;EFFECT GLADIATOR;1
Ciudad del Este;725;REQUIEM TYCOON;1
Iwaki;529;LONELY ELEPHANT;1
Varanasi (Benares);181;CONTACT ANONYMOUS;1
Barcelona;61;BEAUTY GREASE;1
Tandil;730;RIDGEMONT SUBMARINE;1
Akishima;212;DARN FORRESTER;1
Jaffna;736;ROBBERY BRIGHT;1
Otsu;969;WEST LION;1
Augusta-Richmond County;353;GENTLEMEN STAGE;1
Santo Andr;218;DECEIVER BETRAYED;1
Allappuzha (Alleppey);189;CREATURES SHAKESPEARE;1
La Romana;905;TRAINSPOTTING STRANGERS;1
Mwene-Ditu;61;BEAUTY GREASE;1
Dadu;559;MARRIED GO;1
Sharja;609;MUSCLE BRIGHT;1
Ashgabat;166;COLOR PHILADELPHIA;1
Cheju;398;HANOVER GALAXY;1
Nezahualcyotl;135;CHANCE RESURRECTION;1
Kolpino;279;ELIZABETH SHANE;1
Nam Dinh;614;NAME DETECTIVE;1
Lungtan;58;BEACH HEARTBREAKERS;1
Syktyvkar;142;CHICKEN HELLFIGHTERS;1
Rajkot;690;POND SEATTLE;1
Yuzhou;413;HEDWIG ALTER;1
Tanauan;99;BRINGING HYSTERICAL;1
Merlo;790;SHOOTIST SUPERFLY;1
Bern;822;SOUP WISDOM;1
Bat Yam;448;IDAHO LOVE;1
Yaound;169;COMFORTS RUSH;1
Donostia-San Sebastin;895;TOMORROW HUSTLER;1
Yaound;391;HALF OUTFIELD;1
Udine;729;RIDER CADDYSHACK;1
Luzinia;610;MUSIC BOONDOCK;1
Nador;228;DETECTIVE VISION;1
Kitwe;992;WRATH MILE;1
Pontianak;253;DRIFTER COMMANDMENTS;1
Kursk;805;SLEEPLESS MONSOON;1
Suihua;94;BRAVEHEART HUMAN;1
Datong;443;HURRICANE AFFAIR;1
Satna;840;STAMPEDE DISTURBING;1
Yuzhou;553;MAKER GABLES;1
Abu Dhabi;186;CRAFT OUTFIELD;1
Dos Quebradas;186;CRAFT OUTFIELD;1
Celaya;362;GLORY TRACY;1
Aden;737;ROCK INSTINCT;1
Valparai;403;HARRY IDAHO;1
Dhaka;597;MOONWALKER FOOL;1
Maring;55;BARBARELLA STREETCAR;1
Beira;702;PULP BEVERLY;1
Ourense (Orense);163;CLYDE THEORY;1
Celaya;514;LEBOWSKI SOLDIERS;1
Augusta-Richmond County;630;NOTTING SPEAKEASY;1
Jodhpur;851;STRAIGHT HOURS;1
Santa Rosa;253;DRIFTER COMMANDMENTS;1
Dayton;928;UPTOWN YOUNG;1
Carmen;350;GARDEN ISLAND;1
El Monte;596;MOONSHINE CABIN;1
Botshabelo;174;CONFIDENTIAL INTERVIEW;1
Pudukkottai;655;PANTHER REDS;1
Haldia;823;SOUTH WAIT;1
Binzhou;2;ACE GOLDFINGER;1
Purwakarta;294;EXPECATIONS NATURAL;1
Santa F;643;ORIENT CLOSER;1
Laiwu;966;WEDDING APOLLO;1
Pingxiang;442;HUNTING MUSKETEERS;1
Idfu;175;CONFUSED CANDLES;1
Simferopol;285;ENGLISH BULWORTH;1
Binzhou;151;CINCINATTI WHISPERER;1
Maring;228;DETECTIVE VISION;1
Tychy;102;BUBBLE GROSSE;1
Jakarta;214;DAUGHTER MADIGAN;1
Jos Azueta;940;VICTORY ACADEMY;1
Saarbrcken;703;PUNK DIVORCE;1
Probolinggo;846;STING PERSONAL;1
Ogbomosho;314;FIGHT JAWBREAKER;1
Lilongwe;668;PEAK FOREVER;1
Atinsk;877;TAXI KICK;1
Liaocheng;271;EASY GLADIATOR;1
Onomichi;863;SUN CONFESSIONS;1
Luzinia;745;ROSES TREASURE;1
Atinsk;687;POCUS PULP;1
Kisumu;852;STRANGELOVE DESIRE;1
Munger (Monghyr);960;WARS PLUTO;1
Chungho;869;SUSPECTS QUILLS;1
Jinchang;313;FIDELITY DEVIL;1
Weifang;608;MURDER ANTITRUST;1
Mukateve;31;APACHE DIVINE;1
Belm;356;GIANT TROOPERS;1
Shanwei;571;METAL ARMAGEDDON;1
Hanoi;491;JUMPING WRATH;1
Owo;460;INNOCENT USUAL;1
Tanshui;750;RUN PACIFIC;1
Pjatigorsk;170;COMMAND DARLING;1
San Felipe de Puerto Plata;353;GENTLEMEN STAGE;1
Changzhou;759;SALUTE APOLLO;1
Juazeiro do Norte;887;THIEF PELICAN;1
Tanza;913;TROOPERS METAL;1
Taizz;928;UPTOWN YOUNG;1
Udaipur;1;ACADEMY DINOSAUR;1
Gulbarga;243;DOORS PRESIDENT;1
Bijapur;344;FURY MURDER;1
Nanyang;39;ARMAGEDDON LOST;1
Tabora;413;HEDWIG ALTER;1
Mwene-Ditu;871;SWEDEN SHINING;1
Sterling Heights;961;WASH HEAVENLY;1
Botosani;764;SATURDAY LAMBS;1
Salala;974;WILD APOLLO;1
Huejutla de Reyes;93;BRANNIGAN SUNRISE;1
Karnal;846;STING PERSONAL;1
Yinchuan;822;SOUP WISDOM;1
Jastrzebie-Zdrj;56;BAREFOOT MANCHURIAN;1
Laiwu;702;PULP BEVERLY;1
Haining;220;DEER VIRGINIAN;1
Laredo;862;SUMMER SCARFACE;1
Salinas;818;SOMETHING DUCK;1
Lipetsk;388;GUNFIGHT MOON;1
Carmen;44;ATTACKS HATE;1
Bayugan;67;BERETS AGENT;1
Uijongbu;305;FATAL HAUNTED;1
Tuguegarao;118;CANYON STOCK;1
Jurez;972;WHISPERER GIANT;1
Baku;488;JOON NORTHWEST;1
Aden;760;SAMURAI LION;1
Xintai;852;STRANGELOVE DESIRE;1
Augusta-Richmond County;25;ANGELS LIFE;1
Konotop;262;DUMBO LUST;1
Memphis;273;EFFECT GLADIATOR;1
Valencia;89;BORROWERS BEDAZZLED;1
La Romana;413;HEDWIG ALTER;1
La Paz;259;DUCK RACER;1
Junan;572;METROPOLIS COMA;1
Jakarta;295;EXPENDABLE STALLION;1
Cam Ranh;800;SINNERS ATLANTIS;1
Po;353;GENTLEMEN STAGE;1
Korla;330;FORRESTER COMANCHEROS;1
Nakhon Sawan;143;CHILL LUCK;1
Pingxiang;641;ORANGE GRAPES;1
Shahr-e Kord;536;LOVELY JINGLE;1
Shimonoseki;360;GLASS DYING;1
Korolev;551;MAIDEN HOME;1
Hidalgo;270;EARTH VISION;1
Pangkal Pinang;994;WYOMING STORM;1
Namibe;505;LABYRINTH LEAGUE;1
Kurashiki;314;FIGHT JAWBREAKER;1
Vijayawada;385;GROUNDHOG UNCUT;1
Sanaa;709;RACER EGG;1
Cape Coral;583;MISSION ZOOLANDER;1
Kolpino;350;GARDEN ISLAND;1
Korla;281;ENCINO ELF;1
Blumenau;902;TRADING PINOCCHIO;1
Huixquilucan;679;PILOT HOOSIERS;1
Yerevan;420;HOLES BRANNIGAN;1
Bhopal;428;HOMICIDE PEACH;1
Tangail;759;SALUTE APOLLO;1
Emmen;924;UNFORGIVEN ZOOLANDER;1
Sasebo;490;JUMANJI BLADE;1
Santo Andr;271;EASY GLADIATOR;1
Yuncheng;534;LOUISIANA HARRY;1
Patiala;153;CITIZEN SHREK;1
Santo Andr;282;ENCOUNTERS CURTAIN;1
Ponce;263;DURHAM PANKY;1
Pjatigorsk;996;YOUNG LANGUAGE;1
Garland;349;GANGS PRIDE;1
Lengshuijiang;105;BULL SHAWSHANK;1
Lapu-Lapu;913;TROOPERS METAL;1
Springs;491;JUMPING WRATH;1
Suihua;235;DIVIDE MONSTER;1
Kimberley;786;SHEPHERD MIDSUMMER;1
Kanchrapara;787;SHINING ROSES;1
Augusta-Richmond County;668;PEAK FOREVER;1
Zhoushan;231;DINOSAUR SECRETARY;1
Novi Sad;726;RESERVOIR ADAPTATION;1
Tarlac;604;MULAN MOON;1
Antofagasta;967;WEEKEND PERSONAL;1
Yuzhou;595;MOON BUNCH;1
Abha;861;SUIT WALLS;1
Charlotte Amalie;23;ANACONDA CONFESSIONS;1
ostka;623;NEWTON LABYRINTH;1
Tiefa;4;AFFAIR PREJUDICE;1
Nukualofa;952;WAGON JAWS;1
Halle/Saale;21;AMERICAN CIRCUS;1
Buenaventura;479;JEDI BENEATH;1
Sultanbeyli;758;SAINTS BRIDE;1
Bijapur;134;CHAMPION FLATLINERS;1
Santa F;879;TELEGRAPH VOYAGE;1
Liaocheng;696;PRIDE ALAMO;1
Uruapan;55;BARBARELLA STREETCAR;1
So Leopoldo;65;BEHAVIOR RUNAWAY;1
Botshabelo;741;ROMAN PUNK;1
Ueda;551;MAIDEN HOME;1
Kitwe;725;REQUIEM TYCOON;1
Udine;141;CHICAGO NORTH;1
Vila Velha;880;TELEMARK HEARTBREAKERS;1
Ziguinchor;487;JINGLE SAGEBRUSH;1
Mogiljov;181;CONTACT ANONYMOUS;1
Vilnius;917;TUXEDO MILE;1
Quilmes;720;REDEMPTION COMFORTS;1
Nuuk;741;ROMAN PUNK;1
Cape Coral;461;INSECTS STONE;1
Iligan;975;WILLOW TRACY;1
So Leopoldo;766;SAVANNAH TOWN;1
Ikerre;298;EYES DRIVING;1
Etawah;790;SHOOTIST SUPERFLY;1
Tangail;793;SHRUNK DIVINE;1
Lhokseumawe;320;FLAMINGOS CONNECTICUT;1
Klerksdorp;500;KISS GLORY;1
Lungtan;428;HOMICIDE PEACH;1
Balurghat;43;ATLANTIS CAUSE;1
Tongliao;142;CHICKEN HELLFIGHTERS;1
Suihua;515;LEGALLY SECRETARY;1
Hsichuh;170;COMMAND DARLING;1
Junan;246;DOUBTFIRE LABYRINTH;1
Guaruj;70;BIKINI BORROWERS;1
London;242;DOOM DANCING;1
Dos Quebradas;879;TELEGRAPH VOYAGE;1
Dos Quebradas;147;CHOCOLAT HARRY;1
Rockford;709;RACER EGG;1
Baku;786;SHEPHERD MIDSUMMER;1
Alessandria;637;OPEN AFRICAN;1
Inegl;657;PARADISE SABRINA;1
Tychy;385;GROUNDHOG UNCUT;1
Miyakonojo;880;TELEMARK HEARTBREAKERS;1
Goinia;26;ANNIE IDENTITY;1
Esfahan;91;BOUND CHEAPER;1
Shimonoseki;545;MADNESS ATTACKS;1
Bhusawal;415;HIGH ENCINO;1
Beira;101;BROTHERHOOD BLANKET;1
Florencia;243;DOORS PRESIDENT;1
Gijn;354;GHOST GROUNDHOG;1
Kuching;460;INNOCENT USUAL;1
Valle de la Pascua;361;GLEAMING JAWBREAKER;1
Shivapuri;291;EVOLUTION ALTER;1
Cavite;395;HANDICAP BOONDOCK;1
Southport;105;BULL SHAWSHANK;1
Niznekamsk;884;TERMINATOR CLUB;1
Iwakuni;46;AUTUMN CROW;1
Trshavn;39;ARMAGEDDON LOST;1
Monywa;278;ELF MURDER;1
Anpolis;143;CHILL LUCK;1
Ourense (Orense);494;KARATE MOON;1
Ponce;414;HELLFIGHTERS SIERRA;1
Korolev;331;FORWARD TEMPLE;1
Pingxiang;865;SUNRISE LEAGUE;1
Kaduna;432;HOPE TOOTSIE;1
Adana;973;WIFE TURN;1
Bellevue;309;FEUD FROGMEN;1
Ilorin;858;SUBMARINE BED;1
Haldia;737;ROCK INSTINCT;1
Ciudad del Este;778;SECRETS PARADISE;1
San Felipe de Puerto Plata;998;ZHIVAGO CORE;1
Novi Sad;856;STREETCAR INTENTIONS;1
Carmen;92;BOWFINGER GABLES;1
Purnea (Purnia);755;SABRINA MIDNIGHT;1
Taguig;301;FAMILY SWEET;1
Adoni;334;FREDDY STORM;1
A Corua (La Corua);507;LADYBUGS ARMAGEDDON;1
Asuncin;212;DARN FORRESTER;1
Omdurman;646;OUTBREAK DIVINE;1
Beira;73;BINGO TALENTED;1
Citt del Vaticano;945;VIRGINIAN PLUTO;1
Haiphong;814;SNATCH SLIPPER;1
Halle/Saale;592;MONSTER SPARTACUS;1
Osmaniye;350;GARDEN ISLAND;1
Iligan;920;UNBREAKABLE KARATE;1
Probolinggo;563;MASSACRE USUAL;1
Basel;317;FIREBALL PHILADELPHIA;1
Moscow;625;NONE SPIKING;1
Konotop;986;WONKA SEA;1
Rae Bareli;810;SLUMS DUCK;1
Jalib al-Shuyukh;682;PITTSBURGH HUNCHBACK;1
Cuauhtmoc;552;MAJESTIC FLOATS;1
Rampur;179;CONQUERER NUTS;1
Halisahar;302;FANTASIA PARK;1
Vinh;165;COLDBLOODED DARLING;1
Coacalco de Berriozbal;193;CROSSROADS CASUALTIES;1
Jakarta;190;CREEPERS KANE;1
Pingxiang;119;CAPER MOTIONS;1
Augusta-Richmond County;952;WAGON JAWS;1
Hamilton;847;STOCK GLASS;1
Ashqelon;73;BINGO TALENTED;1
Pyongyang;588;MODEL FISH;1
Skikda;772;SEA VIRGIN;1
Kowloon and New Kowloon;444;HUSTLER PARTY;1
Kowloon and New Kowloon;572;METROPOLIS COMA;1
San Juan Bautista Tuxtepec;271;EASY GLADIATOR;1
Laiwu;382;GRIT CLOCKWORK;1
Syrakusa;219;DEEP CRUSADE;1
Coatzacoalcos;706;QUEEN LUKE;1
La Paz;544;MADISON TRAP;1
Toulouse;603;MOVIE SHAKESPEARE;1
Kurashiki;83;BLUES INSTINCT;1
Laiwu;239;DOGMA FAMILY;1
Batna;364;GODFATHER DIARY;1
Santa Brbara dOeste;609;MUSCLE BRIGHT;1
guas Lindas de Gois;153;CITIZEN SHREK;1
Baicheng;747;ROXANNE REBEL;1
Tiefa;31;APACHE DIVINE;1
Jodhpur;812;SMOKING BARBARELLA;1
Okinawa;644;OSCAR GOLD;1
Naala-Porto;540;LUCKY FLYING;1
Brescia;279;ELIZABETH SHANE;1
Datong;152;CIRCUS YOUTH;1
Mukateve;462;INSIDER ARIZONA;1
Deba Habe;873;SWEETHEARTS SUSPECTS;1
Vitria de Santo Anto;784;SHANGHAI TYCOON;1
Maikop;857;STRICTLY SCARFACE;1
Liaocheng;77;BIRDS PERDITION;1
Valparai;445;HYDE DOCTOR;1
Amersfoort;773;SEABISCUIT PUNK;1
Bijapur;21;AMERICAN CIRCUS;1
Athenai;263;DURHAM PANKY;1
Botosani;849;STORM HAPPINESS;1
Toulon;914;TROUBLE DATE;1
Tiefa;651;PACKER MADIGAN;1
Shikarpur;253;DRIFTER COMMANDMENTS;1
Dadu;825;SPEAKEASY DATE;1
Haldia;586;MOCKINGBIRD HOLLYWOOD;1
Fukuyama;623;NEWTON LABYRINTH;1
Richmond Hill;61;BEAUTY GREASE;1
Shenzhen;119;CAPER MOTIONS;1
Ourense (Orense);531;LOSE INCH;1
Kursk;958;WARDROBE PHANTOM;1
Sokoto;226;DESTINY SATURDAY;1
Beni-Mellal;870;SWARM GOLD;1
Kolpino;531;LOSE INCH;1
Haldia;458;INDIAN LOVE;1
Paarl;838;STAGECOACH ARMAGEDDON;1
Iwakuni;774;SEARCHERS WAIT;1
Dos Quebradas;804;SLEEPING SUSPECTS;1
Songkhla;982;WOMEN DORADO;1
Sharja;244;DORADO NOTTING;1
al-Qadarif;741;ROMAN PUNK;1
Owo;163;CLYDE THEORY;1
Bucuresti;462;INSIDER ARIZONA;1
Patras;388;GUNFIGHT MOON;1
Sanaa;948;VOICE PEACH;1
Serpuhov;919;TYCOON GATHERING;1
Saint-Denis;387;GUN BONNIE;1
Klerksdorp;911;TRIP NEWTON;1
Yaound;303;FANTASY TROOPERS;1
Joliet;890;TIGHTS DAWN;1
Pyongyang;609;MUSCLE BRIGHT;1
Tongliao;728;REUNION WITCHES;1
Rampur;654;PANKY SUBMARINE;1
South Hill;59;BEAR GRACELAND;1
Qomsheh;257;DRUMLINE CYCLONE;1
guas Lindas de Gois;394;HAMLET WISDOM;1
Lengshuijiang;644;OSCAR GOLD;1
Funafuti;540;LUCKY FLYING;1
Portoviejo;319;FISH OPUS;1
Jinzhou;368;GONE TROUBLE;1
Ciomas;420;HOLES BRANNIGAN;1
Ueda;746;ROUGE SQUAD;1
Tiefa;351;GASLIGHT CRUSADE;1
Nha Trang;723;REIGN GENTLEMEN;1
Tarsus;474;JADE BUNCH;1
Emeishan;895;TOMORROW HUSTLER;1
Vijayawada;393;HALLOWEEN NUTS;1
Kalisz;480;JEEPERS WEDDING;1
Tonghae;518;LIAISONS SWEET;1
Salamanca;396;HANGING DEEP;1
Tieli;100;BROOKLYN DESERT;1
Davao;986;WONKA SEA;1
Vila Velha;19;AMADEUS HOLY;1
Vila Velha;175;CONFUSED CANDLES;1
Jodhpur;897;TORQUE BOUND;1
Fukuyama;491;JUMPING WRATH;1
Cianjur;634;ODDS BOOGIE;1
Pangkal Pinang;879;TELEGRAPH VOYAGE;1
Yantai;439;HUNCHBACK IMPOSSIBLE;1
Lilongwe;932;VALLEY PACKER;1
Mwanza;211;DARLING BREAKING;1
Toulouse;489;JUGGLER HARDLY;1
Jedda;437;HOUSE DYNAMITE;1
Hsichuh;274;EGG IGBY;1
Owo;784;SHANGHAI TYCOON;1
Kowloon and New Kowloon;279;ELIZABETH SHANE;1
Shikarpur;97;BRIDE INTRIGUE;1
Chisinau;283;ENDING CROWDS;1
Tanza;675;PHANTOM GLORY;1
Coquimbo;771;SCORPION APOLLO;1
Boa Vista;843;STEEL SANTA;1
Brescia;450;IDOLS SNATCHERS;1
Baha Blanca;570;MERMAID INSECTS;1
Roanoke;704;PURE RUNNER;1
Tanza;133;CHAMBER ITALIAN;1
Sanaa;887;THIEF PELICAN;1
Berhampore (Baharampur);569;MENAGERIE RUSHMORE;1
Skikda;595;MOON BUNCH;1
Sogamoso;757;SAGEBRUSH CLUELESS;1
Tongliao;78;BLACKOUT PRIVATE;1
Yerevan;697;PRIMARY GLASS;1
Florencia;304;FARGO GANDHI;1
Garden Grove;138;CHARIOTS CONSPIRACY;1
Mwanza;286;ENOUGH RAGING;1
Fontana;776;SECRET GROUNDHOG;1
Graz;391;HALF OUTFIELD;1
Sincelejo;254;DRIVER ANNIE;1
Dhule (Dhulia);706;QUEEN LUKE;1
Ahmadnagar;302;FANTASIA PARK;1
Shimonoseki;656;PAPI NECKLACE;1
Bhopal;873;SWEETHEARTS SUSPECTS;1
Udaipur;889;TIES HUNGER;1
Laredo;280;EMPIRE MALKOVICH;1
Osmaniye;339;FROGMEN BREAKING;1
Touliu;2;ACE GOLDFINGER;1
Emeishan;730;RIDGEMONT SUBMARINE;1
Bchar;592;MONSTER SPARTACUS;1
Touliu;73;BINGO TALENTED;1
Kragujevac;396;HANGING DEEP;1
Witten;517;LESSON CLEOPATRA;1
Shimoga;559;MARRIED GO;1
Kuching;402;HARPER DYING;1
Weifang;768;SCARFACE BANG;1
Lhokseumawe;585;MOB DUFFEL;1
Liepaja;907;TRANSLATION SUMMER;1
Chapra;624;NIGHTMARE CHILL;1
Jastrzebie-Zdrj;859;SUGAR WONKA;1
Lincoln;521;LIES TREATMENT;1
Kirovo-Tepetsk;634;ODDS BOOGIE;1
Kakamigahara;463;INSTINCT AIRPORT;1
Quilmes;279;ELIZABETH SHANE;1
Dallas;151;CINCINATTI WHISPERER;1
Matamoros;243;DOORS PRESIDENT;1
Jos Azueta;184;CORE SUIT;1
Robamba;500;KISS GLORY;1
Ife;119;CAPER MOTIONS;1
Szkesfehrvr;197;CRUSADE HONEY;1
Batman;982;WOMEN DORADO;1
Yinchuan;524;LION UNCUT;1
Moscow;880;TELEMARK HEARTBREAKERS;1
Ede;339;FROGMEN BREAKING;1
Hidalgo;823;SOUTH WAIT;1
Sullana;211;DARLING BREAKING;1
Kolpino;285;ENGLISH BULWORTH;1
Brest;572;METROPOLIS COMA;1
Tsaotun;73;BINGO TALENTED;1
Monywa;798;SILVERADO GOLDFINGER;1
Changhwa;346;GALAXY SWEETHEARTS;1
Sharja;725;REQUIEM TYCOON;1
Skikda;396;HANGING DEEP;1
Akron;738;ROCKETEER MOTHER;1
Duisburg;735;ROBBERS JOON;1
Tanza;251;DRAGONFLY STRANGERS;1
Mogiljov;301;FAMILY SWEET;1
Guaruj;191;CROOKED FROGMEN;1
Halisahar;191;CROOKED FROGMEN;1
Botshabelo;20;AMELIE HELLFIGHTERS;1
Maikop;512;LEAGUE HELLFIGHTERS;1
Southend-on-Sea;445;HYDE DOCTOR;1
Hunuco;544;MADISON TRAP;1
Jastrzebie-Zdrj;321;FLASH WARS;1
Nakhon Sawan;649;OZ LIAISONS;1
Fuzhou;242;DOOM DANCING;1
Ashdod;629;NOTORIOUS REUNION;1
Guadalajara;898;TOURIST PELICAN;1
Xintai;288;ESCAPE METROPOLIS;1
Batman;370;GORGEOUS BINGO;1
Tabriz;238;DOCTOR GRAIL;1
Teboksary;812;SMOKING BARBARELLA;1
Pavlodar;942;VIETNAM SMOOCHY;1
Apeldoorn;647;OUTFIELD MASSACRE;1
Baha Blanca;911;TRIP NEWTON;1
al-Qatif;277;ELEPHANT TROJAN;1
Sasebo;315;FINDING ANACONDA;1
Mexicali;868;SUPERFLY TRIP;1
Mandi Bahauddin;203;DAISY MENAGERIE;1
Livorno;619;NEIGHBORS CHARADE;1
Gingoog;967;WEEKEND PERSONAL;1
Shahr-e Kord;375;GRAIL FRANKENSTEIN;1
Tartu;377;GREASE YOUTH;1
Monywa;657;PARADISE SABRINA;1
San Felipe de Puerto Plata;246;DOUBTFIRE LABYRINTH;1
Hodeida;774;SEARCHERS WAIT;1
Tabriz;444;HUSTLER PARTY;1
Banjul;74;BIRCH ANTITRUST;1
Mandaluyong;409;HEARTBREAKERS BRIGHT;1
Oshawa;103;BUCKET BROTHERHOOD;1
Livorno;743;ROOM ROMAN;1
Skikda;679;PILOT HOOSIERS;1
Nantou;131;CENTER DINOSAUR;1
Sal;567;MEET CHOCOLATE;1
Jinchang;737;ROCK INSTINCT;1
Mahajanga;625;NONE SPIKING;1
Jinzhou;206;DANCING FEVER;1
Alessandria;200;CURTAIN VIDEOTAPE;1
Yuncheng;234;DISTURBING SCARFACE;1
Araatuba;715;RANGE MOONWALKER;1
Bucuresti;942;VIETNAM SMOOCHY;1
Saint Louis;352;GATHERING CALENDAR;1
Effon-Alaiye;52;BALLROOM MOCKINGBIRD;1
Paarl;835;SPY MILE;1
Bislig;827;SPICE SORORITY;1
Maring;518;LIAISONS SWEET;1
Xintai;624;NIGHTMARE CHILL;1
Garland;122;CARRIE BUNCH;1
Athenai;732;RINGS HEARTBREAKERS;1
Pune;309;FEUD FROGMEN;1
Molodetno;411;HEAVENLY GUN;1
Santa Rosa;835;SPY MILE;1
Peoria;358;GILMORE BOILED;1
Saint-Denis;166;COLOR PHILADELPHIA;1
Kimchon;136;CHAPLIN LICENSE;1
Apeldoorn;135;CHANCE RESURRECTION;1
Pak Kret;641;ORANGE GRAPES;1
Mandaluyong;291;EVOLUTION ALTER;1
Tete;870;SWARM GOLD;1
Probolinggo;589;MODERN DORADO;1
Wroclaw;924;UNFORGIVEN ZOOLANDER;1
Halle/Saale;870;SWARM GOLD;1
Gorontalo;833;SPLENDOR PATTON;1
Quilmes;941;VIDEOTAPE ARSENIC;1
Kermanshah;366;GOLDFINGER SENSIBILITY;1
Duisburg;852;STRANGELOVE DESIRE;1
Mandaluyong;912;TROJAN TOMORROW;1
Juazeiro do Norte;247;DOWNHILL ENOUGH;1
Karnal;150;CIDER DESIRE;1
Ashdod;418;HOBBIT ALIEN;1
Gingoog;433;HORN WORKING;1
Tsaotun;645;OTHERS SOUP;1
Zeleznogorsk;11;ALAMO VIDEOTAPE;1
Cuernavaca;164;COAST RAINBOW;1
Goinia;64;BEETHOVEN EXORCIST;1
Ziguinchor;899;TOWERS HURRICANE;1
Guadalajara;838;STAGECOACH ARMAGEDDON;1
Kalisz;706;QUEEN LUKE;1
Torren;835;SPY MILE;1
Hami;49;BADMAN DAWN;1
Klerksdorp;266;DYNAMITE TARZAN;1
Lapu-Lapu;432;HOPE TOOTSIE;1
Yerevan;583;MISSION ZOOLANDER;1
Huaian;670;PELICAN COMFORTS;1
Celaya;743;ROOM ROMAN;1
Qomsheh;1000;ZORRO ARK;1
Tabora;919;TYCOON GATHERING;1
Davao;344;FURY MURDER;1
Haldia;211;DARLING BREAKING;1
Valle de la Pascua;366;GOLDFINGER SENSIBILITY;1
Halisahar;491;JUMPING WRATH;1
Vinh;683;PITY BOUND;1
Alvorada;149;CHRISTMAS MOONSHINE;1
Korolev;18;ALTER VICTORY;1
Ashgabat;791;SHOW LORD;1
Greensboro;9;ALABAMA DEVIL;1
El Fuerte;370;GORGEOUS BINGO;1
Banjul;150;CIDER DESIRE;1
Jurez;979;WITCHES PANIC;1
Kolpino;160;CLUB GRAFFITI;1
Haiphong;767;SCALAWAG DUCK;1
Santo Andr;606;MUMMY CREATURES;1
Sullana;620;NEMO CAMPUS;1
Tartu;159;CLOSER BANG;1
Pudukkottai;559;MARRIED GO;1
Karnal;331;FORWARD TEMPLE;1
Saarbrcken;863;SUN CONFESSIONS;1
Ogbomosho;397;HANKY OCTOBER;1
Taizz;889;TIES HUNGER;1
Fukuyama;681;PIRATES ROXANNE;1
Pyongyang;28;ANTHEM LUKE;1
Sharja;538;LOVERBOY ATTACKS;1
Xintai;186;CRAFT OUTFIELD;1
Cam Ranh;157;CLOCKWORK PARADISE;1
Nantou;245;DOUBLE WRATH;1
Emeishan;243;DOORS PRESIDENT;1
Omdurman;119;CAPER MOTIONS;1
Bratislava;264;DWARFS ALTER;1
Jaffna;61;BEAUTY GREASE;1
Jastrzebie-Zdrj;869;SUSPECTS QUILLS;1
Jining;488;JOON NORTHWEST;1
Paarl;85;BONNIE HOLOCAUST;1
Vila Velha;764;SATURDAY LAMBS;1
Bern;341;FROST HEAD;1
Amersfoort;893;TITANS JERK;1
Yangor;753;RUSH GOODFELLAS;1
Dongying;922;UNDEFEATED DALMATIONS;1
Santiago de Compostela;613;MYSTIC TRUMAN;1
Batna;200;CURTAIN VIDEOTAPE;1
Vijayawada;846;STING PERSONAL;1
Balikesir;869;SUSPECTS QUILLS;1
Ktahya;543;MADIGAN DORADO;1
Taizz;288;ESCAPE METROPOLIS;1
Graz;460;INNOCENT USUAL;1
Robamba;967;WEEKEND PERSONAL;1
Bucuresti;309;FEUD FROGMEN;1
Imus;149;CHRISTMAS MOONSHINE;1
Clarksville;623;NEWTON LABYRINTH;1
Xinxiang;241;DONNIE ALLEY;1
Cam Ranh;563;MASSACRE USUAL;1
Zeleznogorsk;191;CROOKED FROGMEN;1
La Romana;677;PIANIST OUTFIELD;1
Xiangfan;93;BRANNIGAN SUNRISE;1
Nagareyama;397;HANKY OCTOBER;1
Aurora;533;LOST BIRD;1
Namibe;433;HORN WORKING;1
Benguela;938;VELVET TERMINATOR;1
Salinas;651;PACKER MADIGAN;1
Athenai;371;GOSFORD DONNIE;1
Maikop;906;TRAMP OTHERS;1
Bradford;270;EARTH VISION;1
Baiyin;700;PRIX UNDEFEATED;1
Rizhao;418;HOBBIT ALIEN;1
Dhule (Dhulia);941;VIDEOTAPE ARSENIC;1
Escobar;429;HONEY TIES;1
Gandhinagar;531;LOSE INCH;1
So Bernardo do Campo;437;HOUSE DYNAMITE;1
Binzhou;746;ROUGE SQUAD;1
Serpuhov;286;ENOUGH RAGING;1
Mandaluyong;193;CROSSROADS CASUALTIES;1
Pudukkottai;745;ROSES TREASURE;1
Smolensk;5;AFRICAN EGG;1
Imus;435;HOTEL HAPPINESS;1
Etawah;295;EXPENDABLE STALLION;1
Peoria;164;COAST RAINBOW;1
Hoshiarpur;511;LAWRENCE LOVE;1
Jalib al-Shuyukh;450;IDOLS SNATCHERS;1
Asuncin;936;VANISHING ROCKY;1
El Fuerte;450;IDOLS SNATCHERS;1
Rae Bareli;676;PHILADELPHIA WIFE;1
Yerevan;589;MODERN DORADO;1
Clarksville;476;JASON TRAP;1
Monclova;545;MADNESS ATTACKS;1
Iwaki;257;DRUMLINE CYCLONE;1
Berhampore (Baharampur);258;DRUMS DYNAMITE;1
Masqat;826;SPEED SUIT;1
Taguig;392;HALL CASSIDY;1
La Plata;351;GASLIGHT CRUSADE;1
Baicheng;863;SUN CONFESSIONS;1
Shahr-e Kord;299;FACTORY DRAGON;1
Sasebo;228;DETECTIVE VISION;1
Po;580;MINE TITANS;1
Qomsheh;414;HELLFIGHTERS SIERRA;1
Nagareyama;15;ALIEN CENTER;1
Ueda;233;DISCIPLE MOTHER;1
Jastrzebie-Zdrj;356;GIANT TROOPERS;1
Cayenne;449;IDENTITY LOVER;1
Ikerre;418;HOBBIT ALIEN;1
Haldia;444;HUSTLER PARTY;1
Karnal;609;MUSCLE BRIGHT;1
Okinawa;479;JEDI BENEATH;1
Haldia;459;INFORMER DOUBLE;1
Bergamo;282;ENCOUNTERS CURTAIN;1
Firozabad;284;ENEMY ODDS;1
Lipetsk;596;MOONSHINE CABIN;1
Kragujevac;730;RIDGEMONT SUBMARINE;1
Callao;763;SATISFACTION CONFIDENTIAL;1
Coatzacoalcos;875;TALENTED HOMICIDE;1
Kirovo-Tepetsk;807;SLEUTH ORIENT;1
Dhule (Dhulia);527;LOLA AGENT;1
Jos Azueta;232;DIRTY ACE;1
Gatineau;422;HOLLOW JEOPARDY;1
Ourense (Orense);245;DOUBLE WRATH;1
Bucuresti;619;NEIGHBORS CHARADE;1
Portoviejo;456;INCH JET;1
Sullana;369;GOODFELLAS SALUTE;1
Parbhani;895;TOMORROW HUSTLER;1
Yamuna Nagar;662;PATHS CONTROL;1
Balaiha;206;DANCING FEVER;1
Tonghae;764;SATURDAY LAMBS;1
Dhule (Dhulia);209;DARKNESS WAR;1
Bern;445;HYDE DOCTOR;1
Usolje-Sibirskoje;880;TELEMARK HEARTBREAKERS;1
Iwakuni;224;DESPERATE TRAINSPOTTING;1
Gorontalo;349;GANGS PRIDE;1
Springs;773;SEABISCUIT PUNK;1
Halisahar;527;LOLA AGENT;1
Mandi Bahauddin;927;UPRISING UPTOWN;1
Bellevue;55;BARBARELLA STREETCAR;1
Bag;678;PICKUP DRIVING;1
Vinh;871;SWEDEN SHINING;1
Santa Rosa;902;TRADING PINOCCHIO;1
Cabuyao;135;CHANCE RESURRECTION;1
Lancaster;151;CINCINATTI WHISPERER;1
Benguela;998;ZHIVAGO CORE;1
Vitria de Santo Anto;869;SUSPECTS QUILLS;1
Salala;438;HUMAN GRAFFITI;1
Battambang;114;CAMELOT VACATION;1
Hami;716;REAP UNFAITHFUL;1
Amersfoort;787;SHINING ROSES;1
Varanasi (Benares);101;BROTHERHOOD BLANKET;1
Sumy;267;EAGLES PANKY;1
Daxian;966;WEDDING APOLLO;1
Tuguegarao;154;CLASH FREDDY;1
Ezeiza;300;FALCON VOLUME;1
Ede;720;REDEMPTION COMFORTS;1
Kuching;452;ILLUSION AMELIE;1
Greensboro;312;FIDDLER LOST;1
Jining;122;CARRIE BUNCH;1
Jodhpur;358;GILMORE BOILED;1
Ciomas;270;EARTH VISION;1
Pyongyang;887;THIEF PELICAN;1
Batna;790;SHOOTIST SUPERFLY;1
Graz;776;SECRET GROUNDHOG;1
Sumqayit;245;DOUBLE WRATH;1
Arecibo;580;MINE TITANS;1
Taizz;709;RACER EGG;1
Tanshui;330;FORRESTER COMANCHEROS;1
Rustenburg;830;SPIRIT FLINTSTONES;1
Citt del Vaticano;266;DYNAMITE TARZAN;1
Coacalco de Berriozbal;533;LOST BIRD;1
Uijongbu;726;RESERVOIR ADAPTATION;1
Gulbarga;768;SCARFACE BANG;1
Quilmes;593;MONTEREY LABYRINTH;1
Bandar Seri Begawan;796;SIERRA DIVIDE;1
Syrakusa;522;LIFE TWISTED;1
Changhwa;77;BIRDS PERDITION;1
Allende;51;BALLOON HOMEWARD;1
Chungho;509;LANGUAGE COWBOY;1
Zaoyang;206;DANCING FEVER;1
Xinxiang;870;SWARM GOLD;1
Szkesfehrvr;39;ARMAGEDDON LOST;1
Moscow;936;VANISHING ROCKY;1
Mannheim;303;FANTASY TROOPERS;1
Ipoh;693;POTTER CONNECTICUT;1
Matsue;452;ILLUSION AMELIE;1
Ife;722;REEF SALUTE;1
Myingyan;11;ALAMO VIDEOTAPE;1
Bandar Seri Begawan;869;SUSPECTS QUILLS;1
Springs;745;ROSES TREASURE;1
Coatzacoalcos;109;BUTTERFLY CHOCOLAT;1
Daugavpils;754;RUSHMORE MERMAID;1
Tabora;143;CHILL LUCK;1
La Paz;137;CHARADE DUFFEL;1
Madiun;723;REIGN GENTLEMEN;1
Bhavnagar;101;BROTHERHOOD BLANKET;1
Santa F;794;SIDE ARK;1
Sambhal;253;DRIFTER COMMANDMENTS;1
Po;40;ARMY FLINTSTONES;1
Uijongbu;326;FLYING HOOK;1
Ljubertsy;736;ROBBERY BRIGHT;1
Beira;320;FLAMINGOS CONNECTICUT;1
Banjul;901;TRACY CIDER;1
Banjul;949;VOLCANO TEXAS;1
La Plata;514;LEBOWSKI SOLDIERS;1
Funafuti;733;RIVER OUTLAW;1
Nakhon Sawan;939;VERTIGO NORTHWEST;1
Ambattur;324;FLINTSTONES HAPPINESS;1
Benin City;574;MIDNIGHT WESTWARD;1
Mardan;109;BUTTERFLY CHOCOLAT;1
Mandaluyong;417;HILLS NEIGHBORS;1
Robamba;788;SHIP WONDERLAND;1
Sasebo;997;YOUTH KICK;1
Weifang;969;WEST LION;1
Malm;29;ANTITRUST TOMATOES;1
Adoni;316;FIRE WOLVES;1
Okara;103;BUCKET BROTHERHOOD;1
Toulouse;727;RESURRECTION SILVERADO;1
Zapopan;929;USUAL UNTOUCHABLES;1
Florencia;460;INNOCENT USUAL;1
Mwene-Ditu;257;DRUMLINE CYCLONE;1
Owo;945;VIRGINIAN PLUTO;1
San Lorenzo;551;MAIDEN HOME;1
Daxian;330;FORRESTER COMANCHEROS;1
Iligan;790;SHOOTIST SUPERFLY;1
Sirjan;637;OPEN AFRICAN;1
Sagamihara;677;PIANIST OUTFIELD;1
Yantai;481;JEKYLL FROGMEN;1
Poos de Caldas;456;INCH JET;1
Bratislava;315;FINDING ANACONDA;1
Salinas;869;SUSPECTS QUILLS;1
Karnal;720;REDEMPTION COMFORTS;1
Jinchang;716;REAP UNFAITHFUL;1
Baiyin;284;ENEMY ODDS;1
Charlotte Amalie;415;HIGH ENCINO;1
Tambaram;945;VIRGINIAN PLUTO;1
Carmen;856;STREETCAR INTENTIONS;1
Shikarpur;145;CHISUM BEHAVIOR;1
Patiala;376;GRAPES FURY;1
Ahmadnagar;68;BETRAYED REAR;1
Bislig;334;FREDDY STORM;1
Jedda;661;PAST SUICIDES;1
Juazeiro do Norte;864;SUNDANCE INVASION;1
Novi Sad;755;SABRINA MIDNIGHT;1
Wroclaw;764;SATURDAY LAMBS;1
Vancouver;717;REAR TRADING;1
Isesaki;349;GANGS PRIDE;1
Szkesfehrvr;218;DECEIVER BETRAYED;1
Bhusawal;189;CREATURES SHAKESPEARE;1
Portoviejo;896;TOOTSIE PILOT;1
Oyo;903;TRAFFIC HOBBIT;1
Pontianak;188;CRAZY HOME;1
Mit Ghamr;869;SUSPECTS QUILLS;1
Jedda;715;RANGE MOONWALKER;1
Kowloon and New Kowloon;151;CINCINATTI WHISPERER;1
Brescia;914;TROUBLE DATE;1
Santiago de los Caballeros;572;METROPOLIS COMA;1
Olomouc;450;IDOLS SNATCHERS;1
Touliu;960;WARS PLUTO;1
Basel;27;ANONYMOUS HUMAN;1
Nha Trang;403;HARRY IDAHO;1
Tambaram;369;GOODFELLAS SALUTE;1
Tabora;513;LEATHERNECKS DWARFS;1
Ivanovo;212;DARN FORRESTER;1
Talavera;489;JUGGLER HARDLY;1
Bern;895;TOMORROW HUSTLER;1
Huixquilucan;638;OPERATION OPERATION;1
Ede;149;CHRISTMAS MOONSHINE;1
Sivas;483;JERICHO MULAN;1
Sorocaba;963;WATCH TRACY;1
Carmen;972;WHISPERER GIANT;1
Nakhon Sawan;71;BILKO ANONYMOUS;1
Pudukkottai;903;TRAFFIC HOBBIT;1
Ranchi;716;REAP UNFAITHFUL;1
Rajkot;232;DIRTY ACE;1
Czestochowa;272;EDGE KISSING;1
Kanchrapara;98;BRIGHT ENCOUNTERS;1
Valle de la Pascua;823;SOUTH WAIT;1
El Fuerte;520;LICENSE WEEKEND;1
Hohhot;19;AMADEUS HOLY;1
Florencia;241;DONNIE ALLEY;1
Gandhinagar;397;HANKY OCTOBER;1
Maikop;519;LIBERTY MAGNIFICENT;1
Almirante Brown;537;LOVER TRUMAN;1
Okinawa;307;FELLOWSHIP AUTUMN;1
Kakamigahara;300;FALCON VOLUME;1
Balikesir;374;GRAFFITI LOVE;1
Gandhinagar;50;BAKED CLEOPATRA;1
So Leopoldo;31;APACHE DIVINE;1
Lubumbashi;489;JUGGLER HARDLY;1
Sasebo;3;ADAPTATION HOLES;1
Trshavn;88;BORN SPINAL;1
Leshan;176;CONGENIALITY QUEST;1
Mysore;77;BIRDS PERDITION;1
Ocumare del Tuy;301;FAMILY SWEET;1
Vilnius;163;CLYDE THEORY;1
Yerevan;203;DAISY MENAGERIE;1
Qomsheh;253;DRIFTER COMMANDMENTS;1
Shivapuri;858;SUBMARINE BED;1
Shubra al-Khayma;381;GRINCH MASSAGE;1
Tabora;243;DOORS PRESIDENT;1
Madiun;382;GRIT CLOCKWORK;1
al-Hawiya;994;WYOMING STORM;1
Kanchrapara;970;WESTWARD SEABISCUIT;1
Brindisi;899;TOWERS HURRICANE;1
Shahr-e Kord;595;MOON BUNCH;1
Valle de Santiago;809;SLIPPER FIDELITY;1
Ibirit;401;HAROLD FRENCH;1
Siegen;465;INTERVIEW LIAISONS;1
Yerevan;449;IDENTITY LOVER;1
Salinas;249;DRACULA CRYSTAL;1
Jaipur;549;MAGNOLIA FORRESTER;1
Tanza;816;SNOWMAN ROLLERCOASTER;1
Sucre;915;TRUMAN CRAZY;1
Simferopol;482;JEOPARDY ENCINO;1
Baha Blanca;767;SCALAWAG DUCK;1
Augusta-Richmond County;605;MULHOLLAND BEAST;1
San Juan Bautista Tuxtepec;23;ANACONDA CONFESSIONS;1
La Romana;966;WEDDING APOLLO;1
Hunuco;480;JEEPERS WEDDING;1
Usak;34;ARABIA DOGMA;1
Higashiosaka;924;UNFORGIVEN ZOOLANDER;1
Bhusawal;418;HOBBIT ALIEN;1
Iwatsuki;127;CAT CONEHEADS;1
Nanyang;215;DAWN POND;1
Xiangtan;271;EASY GLADIATOR;1
Vila Velha;227;DETAILS PACKER;1
Hsichuh;670;PELICAN COMFORTS;1
Owo;121;CAROL TEXAS;1
Bandar Seri Begawan;114;CAMELOT VACATION;1
Stara Zagora;202;DADDY PITTSBURGH;1
Mosul;438;HUMAN GRAFFITI;1
Rio Claro;972;WHISPERER GIANT;1
Uruapan;608;MURDER ANTITRUST;1
Jelets;56;BAREFOOT MANCHURIAN;1
Osmaniye;358;GILMORE BOILED;1
Atinsk;461;INSECTS STONE;1
Emeishan;137;CHARADE DUFFEL;1
Urawa;383;GROOVE FICTION;1
Songkhla;100;BROOKLYN DESERT;1
Garden Grove;127;CAT CONEHEADS;1
Korolev;951;VOYAGE LEGALLY;1
Nyeri;133;CHAMBER ITALIAN;1
Amroha;428;HOMICIDE PEACH;1
Bchar;862;SUMMER SCARFACE;1
Izumisano;10;ALADDIN CALENDAR;1
El Monte;663;PATIENT SISTER;1
Kowloon and New Kowloon;82;BLOOD ARGONAUTS;1
Nabereznyje Telny;579;MINDS TRUMAN;1
Santo Andr;142;CHICKEN HELLFIGHTERS;1
guas Lindas de Gois;109;BUTTERFLY CHOCOLAT;1
Shimonoseki;189;CREATURES SHAKESPEARE;1
Bergamo;50;BAKED CLEOPATRA;1
Tanza;621;NETWORK PEAK;1
Newcastle;342;FUGITIVE MAGUIRE;1
Zalantun;482;JEOPARDY ENCINO;1
Ikerre;579;MINDS TRUMAN;1
Songkhla;357;GILBERT PELICAN;1
Elista;879;TELEGRAPH VOYAGE;1
Mahajanga;242;DOOM DANCING;1
Sterling Heights;938;VELVET TERMINATOR;1
Shimoga;578;MILLION ACE;1
So Bernardo do Campo;610;MUSIC BOONDOCK;1
Iwatsuki;410;HEAVEN FREEDOM;1
Sunnyvale;269;EARRING INSTINCT;1
Citt del Vaticano;773;SEABISCUIT PUNK;1
Pachuca de Soto;844;STEERS ARMAGEDDON;1
Tangail;264;DWARFS ALTER;1
Stara Zagora;378;GREATEST NORTH;1
Chapra;399;HAPPINESS UNITED;1
Vila Velha;517;LESSON CLEOPATRA;1
Avellaneda;982;WOMEN DORADO;1
Coacalco de Berriozbal;88;BORN SPINAL;1
Kingstown;491;JUMPING WRATH;1
Mukateve;461;INSECTS STONE;1
Nam Dinh;932;VALLEY PACKER;1
Faaa;956;WANDA CHAMBER;1
Acua;827;SPICE SORORITY;1
Bhopal;527;LOLA AGENT;1
Ranchi;89;BORROWERS BEDAZZLED;1
Athenai;447;ICE CROSSING;1
Valle de Santiago;659;PARK CITIZEN;1
Vitria de Santo Anto;132;CHAINSAW UPTOWN;1
Munger (Monghyr);907;TRANSLATION SUMMER;1
Shivapuri;915;TRUMAN CRAZY;1
Ciomas;447;ICE CROSSING;1
Atinsk;155;CLEOPATRA DEVIL;1
Skikda;199;CUPBOARD SINNERS;1
Xinxiang;517;LESSON CLEOPATRA;1
Emeishan;690;POND SEATTLE;1
Bradford;101;BROTHERHOOD BLANKET;1
Ashgabat;172;CONEHEADS SMOOCHY;1
Gandhinagar;97;BRIDE INTRIGUE;1
al-Qatif;137;CHARADE DUFFEL;1
Baicheng;300;FALCON VOLUME;1
Surakarta;482;JEOPARDY ENCINO;1
Angra dos Reis;331;FORWARD TEMPLE;1
Ponce;380;GREEK EVERYONE;1
Ourense (Orense);578;MILLION ACE;1
Beira;640;OPUS ICE;1
Huejutla de Reyes;421;HOLIDAY GAMES;1
Imus;947;VISION TORQUE;1
Vitria de Santo Anto;524;LION UNCUT;1
Hodeida;10;ALADDIN CALENDAR;1
Sivas;579;MINDS TRUMAN;1
Pavlodar;636;OLEANDER CLUE;1
Siegen;263;DURHAM PANKY;1
Lapu-Lapu;247;DOWNHILL ENOUGH;1
Karnal;756;SADDLE ANTITRUST;1
Santa Rosa;438;HUMAN GRAFFITI;1
Buenaventura;697;PRIMARY GLASS;1
Iwaki;827;SPICE SORORITY;1
Coatzacoalcos;855;STREAK RIDGEMONT;1
Cuman;877;TAXI KICK;1
Tanza;726;RESERVOIR ADAPTATION;1
Bijapur;479;JEDI BENEATH;1
Sawhaj;560;MARS ROMAN;1
Benin City;399;HAPPINESS UNITED;1
Banjul;923;UNFAITHFUL KILL;1
Yuzhou;73;BINGO TALENTED;1
Cuauhtmoc;164;COAST RAINBOW;1
Warren;668;PEAK FOREVER;1
Uluberia;689;POLLOCK DELIVERANCE;1
Urawa;461;INSECTS STONE;1
Ibirit;334;FREDDY STORM;1
Pontianak;589;MODERN DORADO;1
Tete;130;CELEBRITY HORN;1
Tabriz;127;CAT CONEHEADS;1
La Plata;847;STOCK GLASS;1
Tallahassee;114;CAMELOT VACATION;1
Gingoog;507;LADYBUGS ARMAGEDDON;1
Jining;757;SAGEBRUSH CLUELESS;1
Abha;194;CROW GREASE;1
Dhaka;339;FROGMEN BREAKING;1
Usolje-Sibirskoje;563;MASSACRE USUAL;1
Allappuzha (Alleppey);351;GASLIGHT CRUSADE;1
Ikerre;277;ELEPHANT TROJAN;1
Udaipur;720;REDEMPTION COMFORTS;1
Tanza;702;PULP BEVERLY;1
Saint-Denis;167;COMA HEAD;1
Daxian;433;HORN WORKING;1
Southampton;127;CAT CONEHEADS;1
Inegl;533;LOST BIRD;1
La Plata;439;HUNCHBACK IMPOSSIBLE;1
Aden;553;MAKER GABLES;1
Kolpino;284;ENEMY ODDS;1
Linz;130;CELEBRITY HORN;1
Yantai;995;YENTL IDAHO;1
Benguela;738;ROCKETEER MOTHER;1
Graz;129;CAUSE DATE;1
Sagamihara;976;WIND PHANTOM;1
Xiangtan;680;PINOCCHIO SIMON;1
Braslia;654;PANKY SUBMARINE;1
Jakarta;956;WANDA CHAMBER;1
Gorontalo;759;SALUTE APOLLO;1
Korla;467;INTRIGUE WORST;1
Paarl;864;SUNDANCE INVASION;1
Udaipur;320;FLAMINGOS CONNECTICUT;1
Pyongyang;417;HILLS NEIGHBORS;1
Daugavpils;515;LEGALLY SECRETARY;1
Lipetsk;284;ENEMY ODDS;1
Benguela;917;TUXEDO MILE;1
Izumisano;602;MOURNING PURPLE;1
Tsuyama;139;CHASING FIGHT;1
Shivapuri;776;SECRET GROUNDHOG;1
Ambattur;514;LEBOWSKI SOLDIERS;1
Jaffna;88;BORN SPINAL;1
Jaipur;453;IMAGE PRINCESS;1
Fuyu;284;ENEMY ODDS;1
Toulon;709;RACER EGG;1
Suihua;603;MOVIE SHAKESPEARE;1
Warren;438;HUMAN GRAFFITI;1
Ueda;158;CLONES PINOCCHIO;1
Kermanshah;735;ROBBERS JOON;1
Zalantun;738;ROCKETEER MOTHER;1
Halle/Saale;378;GREATEST NORTH;1
Halisahar;273;EFFECT GLADIATOR;1
Mosul;353;GENTLEMEN STAGE;1
Roanoke;611;MUSKETEERS WAIT;1
Okayama;646;OUTBREAK DIVINE;1
Bayugan;727;RESURRECTION SILVERADO;1
Jaffna;119;CAPER MOTIONS;1
Matsue;586;MOCKINGBIRD HOLLYWOOD;1
Kamakura;881;TEMPLE ATTRACTION;1
Asuncin;331;FORWARD TEMPLE;1
Osmaniye;914;TROUBLE DATE;1
Gulbarga;649;OZ LIAISONS;1
Guadalajara;762;SASSY PACKER;1
Kurashiki;312;FIDDLER LOST;1
Katihar;590;MONEY HAROLD;1
Novi Sad;133;CHAMBER ITALIAN;1
Pune;870;SWARM GOLD;1
Mandaluyong;142;CHICKEN HELLFIGHTERS;1
Kanchrapara;767;SCALAWAG DUCK;1
Bern;409;HEARTBREAKERS BRIGHT;1
Warren;680;PINOCCHIO SIMON;1
Abu Dhabi;356;GIANT TROOPERS;1
Nha Trang;850;STORY SIDE;1
Uluberia;310;FEVER EMPIRE;1
Apeldoorn;382;GRIT CLOCKWORK;1
Skikda;121;CAROL TEXAS;1
Kermanshah;85;BONNIE HOLOCAUST;1
Ikerre;257;DRUMLINE CYCLONE;1
al-Ayn;679;PILOT HOOSIERS;1
Mardan;443;HURRICANE AFFAIR;1
El Fuerte;154;CLASH FREDDY;1
Ourense (Orense);336;FRENCH HOLIDAY;1
Katihar;587;MOD SECRETARY;1
Kanchrapara;973;WIFE TURN;1
Tama;420;HOLES BRANNIGAN;1
Cuernavaca;378;GREATEST NORTH;1
Yerevan;789;SHOCK CABIN;1
Almirante Brown;248;DOZEN LION;1
Vila Velha;233;DISCIPLE MOTHER;1
Oyo;26;ANNIE IDENTITY;1
Allende;301;FAMILY SWEET;1
Belm;993;WRONG BEHAVIOR;1
Acua;845;STEPMOM DREAM;1
So Bernardo do Campo;525;LOATHING LEGALLY;1
Chungho;557;MANCHURIAN CURTAIN;1
Baku;334;FREDDY STORM;1
Santa F;410;HEAVEN FREEDOM;1
Shikarpur;893;TITANS JERK;1
Tabriz;866;SUNSET RACER;1
Bhusawal;244;DORADO NOTTING;1
Hodeida;110;CABIN FLASH;1
al-Ayn;319;FISH OPUS;1
Ranchi;10;ALADDIN CALENDAR;1
Wroclaw;308;FERRIS MOTHER;1
Ranchi;275;EGYPT TENENBAUMS;1
Mosul;836;SQUAD FISH;1
Pavlodar;830;SPIRIT FLINTSTONES;1
Bandar Seri Begawan;981;WOLVES DESIRE;1
Suihua;663;PATIENT SISTER;1
Pangkal Pinang;120;CARIBBEAN LIBERTY;1
Augusta-Richmond County;98;BRIGHT ENCOUNTERS;1
Elista;810;SLUMS DUCK;1
Halisahar;120;CARIBBEAN LIBERTY;1
Tanauan;191;CROOKED FROGMEN;1
Florencia;518;LIAISONS SWEET;1
Coquimbo;176;CONGENIALITY QUEST;1
Phnom Penh;405;HAUNTED ANTITRUST;1
Sirjan;616;NATIONAL STORY;1
Alvorada;65;BEHAVIOR RUNAWAY;1
Abu Dhabi;206;DANCING FEVER;1
Songkhla;715;RANGE MOONWALKER;1
Nanyang;643;ORIENT CLOSER;1
Merlo;555;MALLRATS UNITED;1
Bhavnagar;944;VIRGIN DAISY;1
Mandi Bahauddin;571;METAL ARMAGEDDON;1
Mysore;255;DRIVING POLISH;1
Sagamihara;812;SMOKING BARBARELLA;1
Kanazawa;408;HEAD STRANGER;1
Changzhou;484;JERK PAYCHECK;1
Tandil;314;FIGHT JAWBREAKER;1
Nagareyama;944;VIRGIN DAISY;1
El Fuerte;240;DOLLS RAGE;1
Salinas;284;ENEMY ODDS;1
Phnom Penh;136;CHAPLIN LICENSE;1
Molodetno;659;PARK CITIZEN;1
Vicente Lpez;804;SLEEPING SUSPECTS;1
Plock;580;MINE TITANS;1
Pudukkottai;653;PANIC CLUB;1
Alvorada;101;BROTHERHOOD BLANKET;1
Bradford;870;SWARM GOLD;1
Naju;334;FREDDY STORM;1
El Alto;619;NEIGHBORS CHARADE;1
Kakamigahara;207;DANGEROUS UPTOWN;1
Matamoros;797;SILENCE KANE;1
Monclova;930;VACATION BOONDOCK;1
Liaocheng;660;PARTY KNOCK;1
Greensboro;170;COMMAND DARLING;1
Cuautla;224;DESPERATE TRAINSPOTTING;1
Chungho;956;WANDA CHAMBER;1
Guadalajara;777;SECRETARY ROUGE;1
Allappuzha (Alleppey);655;PANTHER REDS;1
Ziguinchor;73;BINGO TALENTED;1
Tama;835;SPY MILE;1
Xiangtan;238;DOCTOR GRAIL;1
Haiphong;56;BAREFOOT MANCHURIAN;1
Tokat;664;PATRIOT ROMAN;1
Cavite;181;CONTACT ANONYMOUS;1
Kilis;354;GHOST GROUNDHOG;1
Batna;385;GROUNDHOG UNCUT;1
Mogiljov;656;PAPI NECKLACE;1
Southend-on-Sea;71;BILKO ANONYMOUS;1
Kaduna;356;GIANT TROOPERS;1
Siliguri (Shiliguri);363;GO PURPLE;1
Emmen;11;ALAMO VIDEOTAPE;1
Meixian;20;AMELIE HELLFIGHTERS;1
Anpolis;370;GORGEOUS BINGO;1
Salzburg;863;SUN CONFESSIONS;1
Qomsheh;908;TRAP GUYS;1
Otsu;434;HORROR REIGN;1
Imus;215;DAWN POND;1
San Lorenzo;995;YENTL IDAHO;1
Zaria;362;GLORY TRACY;1
Sunnyvale;6;AGENT TRUMAN;1
Rampur;865;SUNRISE LEAGUE;1
Pathankot;385;GROUNDHOG UNCUT;1
Alvorada;428;HOMICIDE PEACH;1
Fontana;46;AUTUMN CROW;1
Chisinau;866;SUNSET RACER;1
Rampur;473;JACKET FRISCO;1
Shubra al-Khayma;321;FLASH WARS;1
Rancagua;426;HOME PITY;1
Kuching;739;ROCKY WAR;1
Greensboro;729;RIDER CADDYSHACK;1
Effon-Alaiye;592;MONSTER SPARTACUS;1
El Alto;547;MAGIC MALLRATS;1
Kolpino;355;GHOSTBUSTERS ELF;1
Miraj;609;MUSCLE BRIGHT;1
Salamanca;25;ANGELS LIFE;1
s-Hertogenbosch;991;WORST BANGER;1
Barcelona;789;SHOCK CABIN;1
Lancaster;82;BLOOD ARGONAUTS;1
Yaound;461;INSECTS STONE;1
al-Manama;361;GLEAMING JAWBREAKER;1
Adana;392;HALL CASSIDY;1
Rockford;556;MALTESE HOPE;1
Ourense (Orense);971;WHALE BIKINI;1
al-Qadarif;159;CLOSER BANG;1
El Fuerte;554;MALKOVICH PET;1
Sasebo;341;FROST HEAD;1
Juiz de Fora;681;PIRATES ROXANNE;1
Saint-Denis;543;MADIGAN DORADO;1
Sorocaba;677;PIANIST OUTFIELD;1
Malm;31;APACHE DIVINE;1
Gandhinagar;375;GRAIL FRANKENSTEIN;1
Shubra al-Khayma;418;HOBBIT ALIEN;1
Vancouver;696;PRIDE ALAMO;1
al-Ayn;211;DARLING BREAKING;1
Vinh;18;ALTER VICTORY;1
Jurez;785;SHAWSHANK BUBBLE;1
Dadu;366;GOLDFINGER SENSIBILITY;1
Monywa;182;CONTROL ANTHEM;1
Omiya;439;HUNCHBACK IMPOSSIBLE;1
Erlangen;97;BRIDE INTRIGUE;1
Bandar Seri Begawan;737;ROCK INSTINCT;1
Miraj;836;SQUAD FISH;1
Gaziantep;505;LABYRINTH LEAGUE;1
Jalib al-Shuyukh;133;CHAMBER ITALIAN;1
Cuernavaca;902;TRADING PINOCCHIO;1
Coquimbo;862;SUMMER SCARFACE;1
Lausanne;902;TRADING PINOCCHIO;1
Monclova;34;ARABIA DOGMA;1
Baku;591;MONSOON CAUSE;1
ostka;721;REDS POCUS;1
Santo Andr;828;SPIKING ELEMENT;1
Grand Prairie;302;FANTASIA PARK;1
Santo Andr;298;EYES DRIVING;1
Etawah;268;EARLY HOME;1
Korla;152;CIRCUS YOUTH;1
La Romana;545;MADNESS ATTACKS;1
Nha Trang;789;SHOCK CABIN;1
Crdoba;281;ENCINO ELF;1
Weifang;421;HOLIDAY GAMES;1
Cuauhtmoc;519;LIBERTY MAGNIFICENT;1
Nakhon Sawan;300;FALCON VOLUME;1
Patras;856;STREETCAR INTENTIONS;1
Mukateve;106;BULWORTH COMMANDMENTS;1
Satna;788;SHIP WONDERLAND;1
Aurora;494;KARATE MOON;1
San Juan Bautista Tuxtepec;445;HYDE DOCTOR;1
Allende;348;GANDHI KWAI;1
Sirjan;529;LONELY ELEPHANT;1
Kermanshah;941;VIDEOTAPE ARSENIC;1
Bucuresti;890;TIGHTS DAWN;1
Gorontalo;823;SOUTH WAIT;1
La Paz;129;CAUSE DATE;1
Rampur;149;CHRISTMAS MOONSHINE;1
York;304;FARGO GANDHI;1
Papeete;906;TRAMP OTHERS;1
Balikesir;602;MOURNING PURPLE;1
al-Qadarif;813;SMOOCHY CONTROL;1
NDjamna;395;HANDICAP BOONDOCK;1
Bijapur;456;INCH JET;1
Higashiosaka;234;DISTURBING SCARFACE;1
Brockton;239;DOGMA FAMILY;1
Carmen;894;TOMATOES HELLFIGHTERS;1
Elista;792;SHREK LICENSE;1
Ourense (Orense);75;BIRD INDEPENDENCE;1
Manchester;791;SHOW LORD;1
Qalyub;605;MULHOLLAND BEAST;1
Graz;366;GOLDFINGER SENSIBILITY;1
Shimonoseki;726;RESERVOIR ADAPTATION;1
San Bernardino;331;FORWARD TEMPLE;1
Imus;504;KWAI HOMEWARD;1
Izumisano;744;ROOTS REMEMBER;1
Rae Bareli;162;CLUELESS BUCKET;1
Kaduna;680;PINOCCHIO SIMON;1
Suihua;673;PERSONAL LADYBUGS;1
Deba Habe;140;CHEAPER CLYDE;1
Onomichi;526;LOCK REAR;1
Sirjan;4;AFFAIR PREJUDICE;1
San Juan Bautista Tuxtepec;741;ROMAN PUNK;1
Siliguri (Shiliguri);112;CALENDAR GUNFIGHT;1
Chisinau;72;BILL OTHERS;1
Shimonoseki;122;CARRIE BUNCH;1
Purnea (Purnia);460;INNOCENT USUAL;1
Binzhou;200;CURTAIN VIDEOTAPE;1
Sanaa;369;GOODFELLAS SALUTE;1
Bhusawal;714;RANDOM GO;1
Cuman;15;ALIEN CENTER;1
Esfahan;407;HAWK CHILL;1
Baybay;503;KRAMER CHOCOLATE;1
Benguela;21;AMERICAN CIRCUS;1
Ourense (Orense);726;RESERVOIR ADAPTATION;1
Tangail;44;ATTACKS HATE;1
Arlington;353;GENTLEMEN STAGE;1
Mukateve;488;JOON NORTHWEST;1
Okayama;722;REEF SALUTE;1
Ashdod;323;FLIGHT LIES;1
Firozabad;469;IRON MOON;1
Kurashiki;624;NIGHTMARE CHILL;1
York;500;KISS GLORY;1
Greensboro;31;APACHE DIVINE;1
Matsue;64;BEETHOVEN EXORCIST;1
Papeete;536;LOVELY JINGLE;1
Charlotte Amalie;853;STRANGER STRANGERS;1
Izumisano;309;FEUD FROGMEN;1
Izumisano;391;HALF OUTFIELD;1
Lhokseumawe;609;MUSCLE BRIGHT;1
Denizli;330;FORRESTER COMANCHEROS;1
Richmond Hill;680;PINOCCHIO SIMON;1
Coatzacoalcos;611;MUSKETEERS WAIT;1
Kitwe;702;PULP BEVERLY;1
Cuauhtmoc;169;COMFORTS RUSH;1
Abu Dhabi;447;ICE CROSSING;1
Usak;770;SCISSORHANDS SLUMS;1
Yuncheng;975;WILLOW TRACY;1
Alessandria;531;LOSE INCH;1
Crdoba;511;LAWRENCE LOVE;1
Saint-Denis;709;RACER EGG;1
Usolje-Sibirskoje;710;RAGE GAMES;1
Fukuyama;499;KING EVOLUTION;1
Rajkot;42;ARTIST COLDBLOODED;1
Anpolis;294;EXPECATIONS NATURAL;1
Monywa;672;PERFECT GROOVE;1
Onomichi;857;STRICTLY SCARFACE;1
Boksburg;231;DINOSAUR SECRETARY;1
Jinzhou;767;SCALAWAG DUCK;1
Juiz de Fora;79;BLADE POLISH;1
Basel;930;VACATION BOONDOCK;1
Roanoke;35;ARACHNOPHOBIA ROLLERCOASTER;1
Fengshan;699;PRIVATE DROP;1
Cuautla;501;KISSING DOLLS;1
San Felipe de Puerto Plata;467;INTRIGUE WORST;1
Jinzhou;788;SHIP WONDERLAND;1
Cianjur;1;ACADEMY DINOSAUR;1
Pavlodar;521;LIES TREATMENT;1
Wroclaw;25;ANGELS LIFE;1
Daugavpils;469;IRON MOON;1
Tychy;628;NORTHWEST POLISH;1
Vancouver;702;PULP BEVERLY;1
Surakarta;228;DETECTIVE VISION;1
Apeldoorn;747;ROXANNE REBEL;1
Sterling Heights;941;VIDEOTAPE ARSENIC;1
Tonghae;781;SEVEN SWARM;1
Zanzibar;98;BRIGHT ENCOUNTERS;1
A Corua (La Corua);926;UNTOUCHABLES SUNRISE;1
Alvorada;268;EARLY HOME;1
Idfu;721;REDS POCUS;1
Santa Brbara dOeste;420;HOLES BRANNIGAN;1
Banjul;100;BROOKLYN DESERT;1
Hidalgo;254;DRIVER ANNIE;1
Beira;72;BILL OTHERS;1
Linz;813;SMOOCHY CONTROL;1
Jodhpur;366;GOLDFINGER SENSIBILITY;1
Jalib al-Shuyukh;37;ARIZONA BANG;1
Botosani;471;ISLAND EXORCIST;1
Batna;234;DISTURBING SCARFACE;1
Olomouc;104;BUGSY SONG;1
Lima;854;STRANGERS GRAFFITI;1
Haiphong;200;CURTAIN VIDEOTAPE;1
al-Qatif;1000;ZORRO ARK;1
Monclova;757;SAGEBRUSH CLUELESS;1
Pathankot;549;MAGNOLIA FORRESTER;1
Kansas City;920;UNBREAKABLE KARATE;1
Jhansi;676;PHILADELPHIA WIFE;1
Zhezqazghan;975;WILLOW TRACY;1
Maikop;336;FRENCH HOLIDAY;1
Vancouver;861;SUIT WALLS;1
Binzhou;786;SHEPHERD MIDSUMMER;1
Bhopal;361;GLEAMING JAWBREAKER;1
Karnal;992;WRATH MILE;1
Jaffna;72;BILL OTHERS;1
Jaroslavl;319;FISH OPUS;1
Phnom Penh;152;CIRCUS YOUTH;1
Leshan;745;ROSES TREASURE;1
Chiayi;60;BEAST HUNCHBACK;1
Rustenburg;67;BERETS AGENT;1
Hino;748;RUGRATS SHAKESPEARE;1
Ashgabat;793;SHRUNK DIVINE;1
Tuguegarao;347;GAMES BOWFINGER;1
Lausanne;99;BRINGING HYSTERICAL;1
Oyo;187;CRANES RESERVOIR;1
Palghat (Palakkad);439;HUNCHBACK IMPOSSIBLE;1
Salala;677;PIANIST OUTFIELD;1
Deba Habe;43;ATLANTIS CAUSE;1
Mahajanga;973;WIFE TURN;1
Adoni;852;STRANGELOVE DESIRE;1
Santiago de los Caballeros;139;CHASING FIGHT;1
Abha;883;TEQUILA PAST;1
Pemalang;396;HANGING DEEP;1
Kisumu;432;HOPE TOOTSIE;1
Kingstown;250;DRAGON SQUAD;1
Hamilton;329;FORREST SONS;1
Novi Sad;508;LAMBS CINCINATTI;1
Tandil;525;LOATHING LEGALLY;1
Songkhla;147;CHOCOLAT HARRY;1
Graz;315;FINDING ANACONDA;1
San Lorenzo;932;VALLEY PACKER;1
Jinchang;460;INNOCENT USUAL;1
Caracas;937;VARSITY TRIP;1
Myingyan;35;ARACHNOPHOBIA ROLLERCOASTER;1
Compton;835;SPY MILE;1
South Hill;157;CLOCKWORK PARADISE;1
Sungai Petani;127;CAT CONEHEADS;1
Tanshui;109;BUTTERFLY CHOCOLAT;1
s-Hertogenbosch;792;SHREK LICENSE;1
Chungho;166;COLOR PHILADELPHIA;1
Benin City;654;PANKY SUBMARINE;1
Munger (Monghyr);510;LAWLESS VISION;1
Hohhot;746;ROUGE SQUAD;1
Jurez;391;HALF OUTFIELD;1
A Corua (La Corua);367;GOLDMINE TYCOON;1
Botshabelo;840;STAMPEDE DISTURBING;1
Kamyin;103;BUCKET BROTHERHOOD;1
Warren;220;DEER VIRGINIAN;1
San Felipe de Puerto Plata;321;FLASH WARS;1
Davao;37;ARIZONA BANG;1
Nyeri;112;CALENDAR GUNFIGHT;1
Gulbarga;563;MASSACRE USUAL;1
Moscow;334;FREDDY STORM;1
Haldia;629;NOTORIOUS REUNION;1
Pyongyang;428;HOMICIDE PEACH;1
Warren;173;CONFESSIONS MAGUIRE;1
Jurez;698;PRINCESS GIANT;1
Liepaja;850;STORY SIDE;1
Kumbakonam;896;TOOTSIE PILOT;1
Ambattur;25;ANGELS LIFE;1
Ciomas;153;CITIZEN SHREK;1
Pak Kret;206;DANCING FEVER;1
Ktahya;740;ROLLERCOASTER BRINGING;1
Mexicali;293;EXORCIST STING;1
Sorocaba;67;BERETS AGENT;1
Shubra al-Khayma;730;RIDGEMONT SUBMARINE;1
Gingoog;613;MYSTIC TRUMAN;1
Benin City;116;CANDIDATE PERDITION;1
Sterling Heights;690;POND SEATTLE;1
Chapra;621;NETWORK PEAK;1
Naju;994;WYOMING STORM;1
Jinzhou;930;VACATION BOONDOCK;1
Chandrapur;779;SENSE GREEK;1
Jos Azueta;255;DRIVING POLISH;1
Ljubertsy;957;WAR NOTTING;1
Tangail;181;CONTACT ANONYMOUS;1
Xiangtan;317;FIREBALL PHILADELPHIA;1
Luzinia;757;SAGEBRUSH CLUELESS;1
Zeleznogorsk;962;WASTELAND DIVINE;1
Omiya;165;COLDBLOODED DARLING;1
Aparecida de Goinia;260;DUDE BLINDNESS;1
Salzburg;5;AFRICAN EGG;1
Maikop;773;SEABISCUIT PUNK;1
Funafuti;88;BORN SPINAL;1
Cianjur;688;POLISH BROOKLYN;1
Citt del Vaticano;207;DANGEROUS UPTOWN;1
Bellevue;602;MOURNING PURPLE;1
Jining;627;NORTH TEQUILA;1
Chiayi;468;INVASION CYCLONE;1
Patiala;45;ATTRACTION NEWTON;1
Bat Yam;729;RIDER CADDYSHACK;1
Santa F;174;CONFIDENTIAL INTERVIEW;1
Gijn;790;SHOOTIST SUPERFLY;1
Valencia;118;CANYON STOCK;1
Vancouver;200;CURTAIN VIDEOTAPE;1
Belm;349;GANGS PRIDE;1
Mosul;871;SWEDEN SHINING;1
Yaound;468;INVASION CYCLONE;1
Eskisehir;446;HYSTERICAL GRAIL;1
Talavera;183;CONVERSATION DOWNHILL;1
Tambaram;73;BINGO TALENTED;1
Basel;813;SMOOCHY CONTROL;1
Baybay;629;NOTORIOUS REUNION;1
Idfu;138;CHARIOTS CONSPIRACY;1
Nam Dinh;97;BRIDE INTRIGUE;1
Southport;382;GRIT CLOCKWORK;1
Alvorada;132;CHAINSAW UPTOWN;1
Juazeiro do Norte;604;MULAN MOON;1
Southend-on-Sea;100;BROOKLYN DESERT;1
Pyongyang;587;MOD SECRETARY;1
Cam Ranh;481;JEKYLL FROGMEN;1
Qomsheh;556;MALTESE HOPE;1
Sucre;774;SEARCHERS WAIT;1
Gingoog;380;GREEK EVERYONE;1
Brescia;174;CONFIDENTIAL INTERVIEW;1
Cam Ranh;777;SECRETARY ROUGE;1
Kolpino;763;SATISFACTION CONFIDENTIAL;1
Lincoln;47;BABY HALL;1
Wroclaw;483;JERICHO MULAN;1
Smolensk;78;BLACKOUT PRIVATE;1
Bislig;804;SLEEPING SUSPECTS;1
Sasebo;243;DOORS PRESIDENT;1
Datong;601;MOULIN WAKE;1
Halifax;464;INTENTIONS EMPIRE;1
Boksburg;129;CAUSE DATE;1
Huejutla de Reyes;583;MISSION ZOOLANDER;1
Uruapan;752;RUNNER MADIGAN;1
Yuzhou;970;WESTWARD SEABISCUIT;1
Emeishan;773;SEABISCUIT PUNK;1
Mwene-Ditu;878;TEEN APOLLO;1
Laredo;293;EXORCIST STING;1
Hodeida;130;CELEBRITY HORN;1
Effon-Alaiye;489;JUGGLER HARDLY;1
Jinzhou;983;WON DARES;1
Quilmes;789;SHOCK CABIN;1
Robamba;323;FLIGHT LIES;1
Jaroslavl;917;TUXEDO MILE;1
Hino;489;JUGGLER HARDLY;1
Iwatsuki;407;HAWK CHILL;1
Kalisz;981;WOLVES DESIRE;1
Liaocheng;352;GATHERING CALENDAR;1
Joliet;283;ENDING CROWDS;1
Baha Blanca;881;TEMPLE ATTRACTION;1
Goinia;244;DORADO NOTTING;1
Mannheim;651;PACKER MADIGAN;1
Zaria;869;SUSPECTS QUILLS;1
Belm;32;APOCALYPSE FLAMINGOS;1
Yinchuan;849;STORM HAPPINESS;1
Lapu-Lapu;191;CROOKED FROGMEN;1
Baicheng;839;STALLION SUNDANCE;1
Dadu;117;CANDLES GRAPES;1
Tianjin;159;CLOSER BANG;1
Smolensk;478;JAWS HARRY;1
Lubumbashi;64;BEETHOVEN EXORCIST;1
Benguela;930;VACATION BOONDOCK;1
Pereira;118;CANYON STOCK;1
Molodetno;664;PATRIOT ROMAN;1
Lungtan;715;RANGE MOONWALKER;1
Bhimavaram;281;ENCINO ELF;1
Myingyan;63;BEDAZZLED MARRIED;1
Datong;851;STRAIGHT HOURS;1
Xiangfan;162;CLUELESS BUCKET;1
Nha Trang;828;SPIKING ELEMENT;1
Salala;107;BUNCH MINDS;1
Ambattur;625;NONE SPIKING;1
Nezahualcyotl;689;POLLOCK DELIVERANCE;1
Bamenda;575;MIDSUMMER GROUNDHOG;1
Cianjur;188;CRAZY HOME;1
Otsu;873;SWEETHEARTS SUSPECTS;1
Faaa;710;RAGE GAMES;1
Batman;540;LUCKY FLYING;1
Rockford;850;STORY SIDE;1
Szkesfehrvr;810;SLUMS DUCK;1
Ondo;739;ROCKY WAR;1
Atinsk;900;TOWN ARK;1
Aurora;331;FORWARD TEMPLE;1
Po;143;CHILL LUCK;1
Cabuyao;953;WAIT CIDER;1
Onomichi;972;WHISPERER GIANT;1
Sumy;480;JEEPERS WEDDING;1
Liaocheng;202;DADDY PITTSBURGH;1
Saint Louis;24;ANALYZE HOOSIERS;1
Ocumare del Tuy;103;BUCKET BROTHERHOOD;1
Bamenda;296;EXPRESS LONELY;1
El Alto;231;DINOSAUR SECRETARY;1
Brockton;423;HOLLYWOOD ANONYMOUS;1
Skikda;615;NASH CHOCOLAT;1
Ciomas;233;DISCIPLE MOTHER;1
Vijayawada;241;DONNIE ALLEY;1
Toulon;720;REDEMPTION COMFORTS;1
Ashgabat;309;FEUD FROGMEN;1
Salinas;571;METAL ARMAGEDDON;1
Fontana;880;TELEMARK HEARTBREAKERS;1
Daugavpils;772;SEA VIRGIN;1
Sucre;851;STRAIGHT HOURS;1
Yamuna Nagar;922;UNDEFEATED DALMATIONS;1
Toulon;307;FELLOWSHIP AUTUMN;1
Kumbakonam;141;CHICAGO NORTH;1
Pontianak;403;HARRY IDAHO;1
Qomsheh;324;FLINTSTONES HAPPINESS;1
South Hill;651;PACKER MADIGAN;1
Jos Azueta;1;ACADEMY DINOSAUR;1
Emeishan;745;ROSES TREASURE;1
Tanshui;118;CANYON STOCK;1
Maikop;236;DIVINE RESURRECTION;1
Matsue;311;FICTION CHRISTMAS;1
Graz;861;SUIT WALLS;1
San Miguel de Tucumn;835;SPY MILE;1
La Paz;640;OPUS ICE;1
Najafabad;901;TRACY CIDER;1
Dayton;944;VIRGIN DAISY;1
Gandhinagar;875;TALENTED HOMICIDE;1
Bhimavaram;71;BILKO ANONYMOUS;1
Ourense (Orense);352;GATHERING CALENDAR;1
Balurghat;63;BEDAZZLED MARRIED;1
al-Ayn;135;CHANCE RESURRECTION;1
Rio Claro;732;RINGS HEARTBREAKERS;1
Miraj;267;EAGLES PANKY;1
Yaound;829;SPINAL ROCKY;1
Jining;904;TRAIN BUNCH;1
Bayugan;845;STEPMOM DREAM;1
Kamakura;907;TRANSLATION SUMMER;1
Kitwe;382;GRIT CLOCKWORK;1
Fuyu;636;OLEANDER CLUE;1
Kisumu;370;GORGEOUS BINGO;1
Patras;488;JOON NORTHWEST;1
Toulon;292;EXCITEMENT EVE;1
Serpuhov;263;DURHAM PANKY;1
Toulouse;782;SHAKESPEARE SADDLE;1
Mwene-Ditu;35;ARACHNOPHOBIA ROLLERCOASTER;1
Yantai;391;HALF OUTFIELD;1
Benguela;849;STORM HAPPINESS;1
Blumenau;32;APOCALYPSE FLAMINGOS;1
Lhokseumawe;28;ANTHEM LUKE;1
Acua;20;AMELIE HELLFIGHTERS;1
Ourense (Orense);145;CHISUM BEHAVIOR;1
Baiyin;496;KICK SAVANNAH;1
Rockford;448;IDAHO LOVE;1
Nezahualcyotl;589;MODERN DORADO;1
Ueda;44;ATTACKS HATE;1
Dzerzinsk;521;LIES TREATMENT;1
NDjamna;39;ARMAGEDDON LOST;1
Aden;392;HALL CASSIDY;1
Lilongwe;378;GREATEST NORTH;1
Tartu;112;CALENDAR GUNFIGHT;1
Tabriz;159;CLOSER BANG;1
Nha Trang;415;HIGH ENCINO;1
Aurora;491;JUMPING WRATH;1
Bhilwara;707;QUEST MUSSOLINI;1
Bchar;398;HANOVER GALAXY;1
Shimonoseki;698;PRINCESS GIANT;1
Pathankot;58;BEACH HEARTBREAKERS;1
Hunuco;136;CHAPLIN LICENSE;1
Aden;691;POSEIDON FOREVER;1
Daugavpils;85;BONNIE HOLOCAUST;1
Emmen;991;WORST BANGER;1
Kakamigahara;559;MARRIED GO;1
Santa Brbara dOeste;682;PITTSBURGH HUNCHBACK;1
Balaiha;572;METROPOLIS COMA;1
Ranchi;644;OSCAR GOLD;1
Kumbakonam;799;SIMON NORTH;1
Usolje-Sibirskoje;346;GALAXY SWEETHEARTS;1
Effon-Alaiye;10;ALADDIN CALENDAR;1
Usolje-Sibirskoje;218;DECEIVER BETRAYED;1
Vancouver;596;MOONSHINE CABIN;1
Esfahan;227;DETAILS PACKER;1
Adoni;795;SIEGE MADRE;1
Korolev;655;PANTHER REDS;1
Santa F;827;SPICE SORORITY;1
Cape Coral;724;REMEMBER DIARY;1
Nakhon Sawan;941;VIDEOTAPE ARSENIC;1
Saint-Denis;374;GRAFFITI LOVE;1
Effon-Alaiye;230;DIARY PANIC;1
Tarlac;11;ALAMO VIDEOTAPE;1
Ede;342;FUGITIVE MAGUIRE;1
Tonghae;676;PHILADELPHIA WIFE;1
Nagaon;21;AMERICAN CIRCUS;1
Shimoga;624;NIGHTMARE CHILL;1
San Felipe de Puerto Plata;308;FERRIS MOTHER;1
Coquimbo;643;ORIENT CLOSER;1
Iwaki;124;CASPER DRAGONFLY;1
Korla;849;STORM HAPPINESS;1
Botshabelo;383;GROOVE FICTION;1
Karnal;138;CHARIOTS CONSPIRACY;1
Laiwu;443;HURRICANE AFFAIR;1
Shimoga;243;DOORS PRESIDENT;1
Citrus Heights;739;ROCKY WAR;1
Fuyu;602;MOURNING PURPLE;1
Tychy;259;DUCK RACER;1
Tallahassee;972;WHISPERER GIANT;1
Tarsus;295;EXPENDABLE STALLION;1
Kaliningrad;414;HELLFIGHTERS SIERRA;1
Huejutla de Reyes;986;WONKA SEA;1
Braslia;394;HAMLET WISDOM;1
Koriyama;678;PICKUP DRIVING;1
Bucuresti;963;WATCH TRACY;1
Citrus Heights;893;TITANS JERK;1
Arlington;809;SLIPPER FIDELITY;1
Mogiljov;536;LOVELY JINGLE;1
Monclova;587;MOD SECRETARY;1
Lublin;963;WATCH TRACY;1
Najafabad;577;MILE MULAN;1
Bhopal;194;CROW GREASE;1
Tel Aviv-Jaffa;138;CHARIOTS CONSPIRACY;1
Ezhou;966;WEDDING APOLLO;1
Ciomas;985;WONDERLAND CHRISTMAS;1
Yamuna Nagar;69;BEVERLY OUTLAW;1
Amersfoort;608;MURDER ANTITRUST;1
Boksburg;554;MALKOVICH PET;1
Lapu-Lapu;249;DRACULA CRYSTAL;1
Masqat;931;VALENTINE VANISHING;1
Saint Louis;186;CRAFT OUTFIELD;1
Pudukkottai;644;OSCAR GOLD;1
Kurgan;518;LIAISONS SWEET;1
Cam Ranh;111;CADDYSHACK JEDI;1
Czestochowa;167;COMA HEAD;1
Qalyub;70;BIKINI BORROWERS;1
Ziguinchor;868;SUPERFLY TRIP;1
Coatzacoalcos;422;HOLLOW JEOPARDY;1
Barcelona;119;CAPER MOTIONS;1
Laredo;83;BLUES INSTINCT;1
Cavite;767;SCALAWAG DUCK;1
Faaa;571;METAL ARMAGEDDON;1
Cavite;708;QUILLS BULL;1
Miraj;93;BRANNIGAN SUNRISE;1
Akron;294;EXPECATIONS NATURAL;1
Kisumu;347;GAMES BOWFINGER;1
Ede;216;DAY UNFAITHFUL;1
Weifang;745;ROSES TREASURE;1
Zapopan;502;KNOCK WARLOCK;1
Shaoguan;175;CONFUSED CANDLES;1
Purwakarta;461;INSECTS STONE;1
Po;481;JEKYLL FROGMEN;1
Dhaka;458;INDIAN LOVE;1
Ashgabat;764;SATURDAY LAMBS;1
Hohhot;463;INSTINCT AIRPORT;1
Masqat;445;HYDE DOCTOR;1
Kamakura;641;ORANGE GRAPES;1
Chiayi;4;AFFAIR PREJUDICE;1
Vancouver;391;HALF OUTFIELD;1
Acua;61;BEAUTY GREASE;1
Korolev;984;WONDERFUL DROP;1
Baybay;644;OSCAR GOLD;1
Portoviejo;91;BOUND CHEAPER;1
Cape Coral;330;FORRESTER COMANCHEROS;1
Songkhla;875;TALENTED HOMICIDE;1
Ourense (Orense);13;ALI FOREVER;1
Quilmes;498;KILLER INNOCENT;1
Ljubertsy;376;GRAPES FURY;1
Santa F;348;GANDHI KWAI;1
Tarlac;998;ZHIVAGO CORE;1
Sumy;466;INTOLERABLE INTENTIONS;1
Nuuk;444;HUSTLER PARTY;1
Bhimavaram;435;HOTEL HAPPINESS;1
Amroha;975;WILLOW TRACY;1
Balaiha;617;NATURAL STOCK;1
Bilbays;467;INTRIGUE WORST;1
Citt del Vaticano;177;CONNECTICUT TRAMP;1
Bucuresti;588;MODEL FISH;1
Fuyu;358;GILMORE BOILED;1
Santiago de los Caballeros;584;MIXED DOORS;1
Gandhinagar;917;TUXEDO MILE;1
Jaffna;276;ELEMENT FREDDY;1
Kuching;637;OPEN AFRICAN;1
Jinzhou;709;RACER EGG;1
Kaduna;740;ROLLERCOASTER BRINGING;1
Shubra al-Khayma;267;EAGLES PANKY;1
Aurora;309;FEUD FROGMEN;1
Nha Trang;975;WILLOW TRACY;1
Salala;535;LOVE SUICIDES;1
Naju;439;HUNCHBACK IMPOSSIBLE;1
Deba Habe;10;ALADDIN CALENDAR;1
Lublin;159;CLOSER BANG;1
Taguig;886;THEORY MERMAID;1
Zhezqazghan;304;FARGO GANDHI;1
Araatuba;951;VOYAGE LEGALLY;1
Tartu;408;HEAD STRANGER;1
Crdoba;344;FURY MURDER;1
Aparecida de Goinia;922;UNDEFEATED DALMATIONS;1
Iwaki;681;PIRATES ROXANNE;1
Mandaluyong;421;HOLIDAY GAMES;1
al-Hawiya;420;HOLES BRANNIGAN;1
Compton;374;GRAFFITI LOVE;1
Vilnius;506;LADY STAGE;1
Kanazawa;663;PATIENT SISTER;1
Bilbays;806;SLEEPY JAPANESE;1
Ilorin;696;PRIDE ALAMO;1
Hiroshima;766;SAVANNAH TOWN;1
Clarksville;810;SLUMS DUCK;1
La Romana;595;MOON BUNCH;1
Bhilwara;626;NOON PAPI;1
Firozabad;465;INTERVIEW LIAISONS;1
Yangor;724;REMEMBER DIARY;1
Sharja;806;SLEEPY JAPANESE;1
Yinchuan;661;PAST SUICIDES;1
Siegen;666;PAYCHECK WAIT;1
Patras;866;SUNSET RACER;1
Dundee;683;PITY BOUND;1
Mannheim;239;DOGMA FAMILY;1
Hsichuh;61;BEAUTY GREASE;1
Syrakusa;418;HOBBIT ALIEN;1
Peoria;768;SCARFACE BANG;1
Kirovo-Tepetsk;28;ANTHEM LUKE;1
Jhansi;638;OPERATION OPERATION;1
Huaian;600;MOTIONS DETAILS;1
Almirante Brown;1;ACADEMY DINOSAUR;1
Fontana;390;GUYS FALCON;1
al-Ayn;835;SPY MILE;1
Touliu;776;SECRET GROUNDHOG;1
Richmond Hill;879;TELEGRAPH VOYAGE;1
Kamarhati;311;FICTION CHRISTMAS;1
Botosani;677;PIANIST OUTFIELD;1
Papeete;117;CANDLES GRAPES;1
Lausanne;666;PAYCHECK WAIT;1
Mannheim;859;SUGAR WONKA;1
Kilis;680;PINOCCHIO SIMON;1
Sumy;222;DESERT POSEIDON;1
Chiayi;683;PITY BOUND;1
Adana;75;BIRD INDEPENDENCE;1
Izumisano;982;WOMEN DORADO;1
Boksburg;84;BOILED DARES;1
Valencia;992;WRATH MILE;1
Jos Azueta;811;SMILE EARRING;1
A Corua (La Corua);738;ROCKETEER MOTHER;1
Uijongbu;970;WESTWARD SEABISCUIT;1
San Bernardino;243;DOORS PRESIDENT;1
Naala-Porto;715;RANGE MOONWALKER;1
Escobar;886;THEORY MERMAID;1
So Leopoldo;549;MAGNOLIA FORRESTER;1
Madiun;50;BAKED CLEOPATRA;1
Shahr-e Kord;374;GRAFFITI LOVE;1
Ashqelon;627;NORTH TEQUILA;1
Quilmes;355;GHOSTBUSTERS ELF;1
Baiyin;312;FIDDLER LOST;1
Valparai;295;EXPENDABLE STALLION;1
Balurghat;142;CHICKEN HELLFIGHTERS;1
Hoshiarpur;972;WHISPERER GIANT;1
al-Qadarif;130;CELEBRITY HORN;1
Patras;67;BERETS AGENT;1
Batman;412;HEAVYWEIGHTS BEAST;1
Halle/Saale;30;ANYTHING SAVANNAH;1
Bat Yam;686;PLUTO OLEANDER;1
Valparai;895;TOMORROW HUSTLER;1
Escobar;992;WRATH MILE;1
Santiago de los Caballeros;603;MOVIE SHAKESPEARE;1
Molodetno;37;ARIZONA BANG;1
Bilbays;388;GUNFIGHT MOON;1
Pangkal Pinang;465;INTERVIEW LIAISONS;1
Sumy;917;TUXEDO MILE;1
Patras;263;DURHAM PANKY;1
Izumisano;573;MICROCOSMOS PARADISE;1
Aurora;288;ESCAPE METROPOLIS;1
Salzburg;45;ATTRACTION NEWTON;1
Faaa;390;GUYS FALCON;1
Sambhal;23;ANACONDA CONFESSIONS;1
Goinia;35;ARACHNOPHOBIA ROLLERCOASTER;1
El Alto;477;JAWBREAKER BROOKLYN;1
Patras;513;LEATHERNECKS DWARFS;1
Arecibo;378;GREATEST NORTH;1
Brest;356;GIANT TROOPERS;1
Almirante Brown;560;MARS ROMAN;1
Greensboro;953;WAIT CIDER;1
San Juan Bautista Tuxtepec;302;FANTASIA PARK;1
Tegal;760;SAMURAI LION;1
Poos de Caldas;282;ENCOUNTERS CURTAIN;1
Zhezqazghan;870;SWARM GOLD;1
Baiyin;15;ALIEN CENTER;1
Tokat;670;PELICAN COMFORTS;1
Botosani;382;GRIT CLOCKWORK;1
Santa Brbara dOeste;775;SEATTLE EXPECATIONS;1
Uruapan;282;ENCOUNTERS CURTAIN;1
Blumenau;46;AUTUMN CROW;1
Naju;523;LIGHTS DEER;1
Sincelejo;687;POCUS PULP;1
Guadalajara;31;APACHE DIVINE;1
Braslia;900;TOWN ARK;1
Qinhuangdao;396;HANGING DEEP;1
Naala-Porto;879;TELEGRAPH VOYAGE;1
Yinchuan;514;LEBOWSKI SOLDIERS;1
Omdurman;748;RUGRATS SHAKESPEARE;1
Aurora;702;PULP BEVERLY;1
Idfu;893;TITANS JERK;1
Brindisi;702;PULP BEVERLY;1
Ponce;949;VOLCANO TEXAS;1
Amroha;45;ATTRACTION NEWTON;1
Sungai Petani;472;ITALIAN AFRICAN;1
Banjul;630;NOTTING SPEAKEASY;1
Tanshui;46;AUTUMN CROW;1
Effon-Alaiye;146;CHITTY LOCK;1
El Alto;164;COAST RAINBOW;1
Amroha;839;STALLION SUNDANCE;1
Faaa;579;MINDS TRUMAN;1
Shubra al-Khayma;206;DANCING FEVER;1
Yaound;200;CURTAIN VIDEOTAPE;1
Malm;808;SLING LUKE;1
Ogbomosho;809;SLIPPER FIDELITY;1
Sumy;838;STAGECOACH ARMAGEDDON;1
Baicheng;377;GREASE YOUTH;1
Ljubertsy;469;IRON MOON;1
Cuauhtmoc;446;HYSTERICAL GRAIL;1
Richmond Hill;428;HOMICIDE PEACH;1
al-Manama;981;WOLVES DESIRE;1
Baybay;438;HUMAN GRAFFITI;1
Jodhpur;535;LOVE SUICIDES;1
Jaipur;786;SHEPHERD MIDSUMMER;1
Ziguinchor;655;PANTHER REDS;1
Rockford;741;ROMAN PUNK;1
Lincoln;791;SHOW LORD;1
Jastrzebie-Zdrj;864;SUNDANCE INVASION;1
Shivapuri;696;PRIDE ALAMO;1
Nam Dinh;963;WATCH TRACY;1
Tarsus;173;CONFESSIONS MAGUIRE;1
Laredo;562;MASKED BUBBLE;1
Sogamoso;579;MINDS TRUMAN;1
Sambhal;394;HAMLET WISDOM;1
La Paz;119;CAPER MOTIONS;1
Bandar Seri Begawan;18;ALTER VICTORY;1
Hidalgo;117;CANDLES GRAPES;1
Weifang;687;POCUS PULP;1
Pachuca de Soto;948;VOICE PEACH;1
Santa Brbara dOeste;110;CABIN FLASH;1
Araatuba;625;NONE SPIKING;1
Cuernavaca;181;CONTACT ANONYMOUS;1
Fontana;417;HILLS NEIGHBORS;1
Miyakonojo;193;CROSSROADS CASUALTIES;1
Siegen;167;COMA HEAD;1
Usak;24;ANALYZE HOOSIERS;1
Kimchon;309;FEUD FROGMEN;1
Jastrzebie-Zdrj;821;SORORITY QUEEN;1
Korolev;898;TOURIST PELICAN;1
Liaocheng;663;PATIENT SISTER;1
Tabuk;125;CASSIDY WYOMING;1
Abha;55;BARBARELLA STREETCAR;1
Miyakonojo;914;TROUBLE DATE;1
Klerksdorp;514;LEBOWSKI SOLDIERS;1
Rustenburg;913;TROOPERS METAL;1
Nyeri;647;OUTFIELD MASSACRE;1
Hami;485;JERSEY SASSY;1
Qinhuangdao;392;HALL CASSIDY;1
Batman;816;SNOWMAN ROLLERCOASTER;1
Patras;718;REBEL AIRPORT;1
Livorno;843;STEEL SANTA;1
Jamalpur;665;PATTON INTERVIEW;1
Olomouc;379;GREEDY ROOTS;1
Le Mans;739;ROCKY WAR;1
Sucre;989;WORKING MICROCOSMOS;1
Coquimbo;768;SCARFACE BANG;1
Owo;970;WESTWARD SEABISCUIT;1
Tallahassee;431;HOOSIERS BIRDCAGE;1
Guadalajara;463;INSTINCT AIRPORT;1
Mannheim;77;BIRDS PERDITION;1
Balaiha;961;WASH HEAVENLY;1
Bandar Seri Begawan;568;MEMENTO ZOOLANDER;1
Iwaki;31;APACHE DIVINE;1
Lengshuijiang;759;SALUTE APOLLO;1
Lungtan;524;LION UNCUT;1
Vicente Lpez;931;VALENTINE VANISHING;1
Shubra al-Khayma;553;MAKER GABLES;1
Banjul;338;FRISCO FORREST;1
Izumisano;572;METROPOLIS COMA;1
Richmond Hill;774;SEARCHERS WAIT;1
Abha;308;FERRIS MOTHER;1
Salzburg;218;DECEIVER BETRAYED;1
Omiya;976;WIND PHANTOM;1
Naju;622;NEWSIES STORY;1
Eskisehir;9;ALABAMA DEVIL;1
Sorocaba;543;MADIGAN DORADO;1
Leshan;890;TIGHTS DAWN;1
Maikop;968;WEREWOLF LOLA;1
Nezahualcyotl;445;HYDE DOCTOR;1
Dadu;499;KING EVOLUTION;1
Boa Vista;527;LOLA AGENT;1
Cavite;330;FORRESTER COMANCHEROS;1
Vicente Lpez;679;PILOT HOOSIERS;1
Robamba;925;UNITED PILOT;1
Rae Bareli;432;HOPE TOOTSIE;1
Battambang;314;FIGHT JAWBREAKER;1
Springs;697;PRIMARY GLASS;1
Nantou;314;FIGHT JAWBREAKER;1
Cuernavaca;55;BARBARELLA STREETCAR;1
Ozamis;28;ANTHEM LUKE;1
Datong;779;SENSE GREEK;1
Araatuba;727;RESURRECTION SILVERADO;1
Kirovo-Tepetsk;219;DEEP CRUSADE;1
al-Ayn;834;SPOILERS HELLFIGHTERS;1
Yantai;888;THIN SAGEBRUSH;1
Tieli;49;BADMAN DAWN;1
Kuwana;846;STING PERSONAL;1
Soshanguve;796;SIERRA DIVIDE;1
Mit Ghamr;372;GRACELAND DYNAMITE;1
Yuncheng;548;MAGNIFICENT CHITTY;1
Tsuyama;222;DESERT POSEIDON;1
Xintai;782;SHAKESPEARE SADDLE;1
Koriyama;66;BENEATH RUSH;1
Jos Azueta;231;DINOSAUR SECRETARY;1
Amersfoort;925;UNITED PILOT;1
Baicheng;861;SUIT WALLS;1
Linz;865;SUNRISE LEAGUE;1
Omiya;161;CLUE GRAIL;1
Baicheng;659;PARK CITIZEN;1
Jelets;858;SUBMARINE BED;1
Tychy;358;GILMORE BOILED;1
Izumisano;434;HORROR REIGN;1
Baku;324;FLINTSTONES HAPPINESS;1
Halisahar;78;BLACKOUT PRIVATE;1
Cape Coral;349;GANGS PRIDE;1
Arak;17;ALONE TRIP;1
Teboksary;269;EARRING INSTINCT;1
Jodhpur;833;SPLENDOR PATTON;1
Cuernavaca;288;ESCAPE METROPOLIS;1
NDjamna;829;SPINAL ROCKY;1
Molodetno;23;ANACONDA CONFESSIONS;1
Baicheng;608;MURDER ANTITRUST;1
Coatzacoalcos;53;BANG KWAI;1
Springs;541;LUKE MUMMY;1
Ourense (Orense);50;BAKED CLEOPATRA;1
Moscow;248;DOZEN LION;1
Halifax;146;CHITTY LOCK;1
al-Qatif;133;CHAMBER ITALIAN;1
Ashqelon;402;HARPER DYING;1
Phnom Penh;303;FANTASY TROOPERS;1
Haldia;979;WITCHES PANIC;1
Cuauhtmoc;214;DAUGHTER MADIGAN;1
Lipetsk;239;DOGMA FAMILY;1
Ivanovo;715;RANGE MOONWALKER;1
Citt del Vaticano;592;MONSTER SPARTACUS;1
Saint-Denis;645;OTHERS SOUP;1
Hohhot;976;WIND PHANTOM;1
Lincoln;767;SCALAWAG DUCK;1
Robamba;849;STORM HAPPINESS;1
Santo Andr;870;SWARM GOLD;1
Clarksville;81;BLINDNESS GUN;1
Onomichi;847;STOCK GLASS;1
Binzhou;71;BILKO ANONYMOUS;1
Kolpino;751;RUNAWAY TENENBAUMS;1
Le Mans;562;MASKED BUBBLE;1
Meixian;157;CLOCKWORK PARADISE;1
Sawhaj;708;QUILLS BULL;1
Taguig;507;LADYBUGS ARMAGEDDON;1
Wroclaw;143;CHILL LUCK;1
Garden Grove;907;TRANSLATION SUMMER;1
Ondo;466;INTOLERABLE INTENTIONS;1
Matamoros;803;SLACKER LIAISONS;1
El Monte;426;HOME PITY;1
Cuman;734;ROAD ROXANNE;1
So Bernardo do Campo;609;MUSCLE BRIGHT;1
Acua;207;DANGEROUS UPTOWN;1
Huixquilucan;178;CONNECTION MICROCOSMOS;1
Daxian;443;HURRICANE AFFAIR;1
Grand Prairie;538;LOVERBOY ATTACKS;1
Richmond Hill;395;HANDICAP BOONDOCK;1
Szkesfehrvr;670;PELICAN COMFORTS;1
Ipoh;505;LABYRINTH LEAGUE;1
Lincoln;303;FANTASY TROOPERS;1
Ilorin;748;RUGRATS SHAKESPEARE;1
Ozamis;232;DIRTY ACE;1
Idfu;792;SHREK LICENSE;1
Moscow;922;UNDEFEATED DALMATIONS;1
Teboksary;284;ENEMY ODDS;1
Dallas;931;VALENTINE VANISHING;1
Kuwana;735;ROBBERS JOON;1
Santa Rosa;245;DOUBLE WRATH;1
Nha Trang;122;CARRIE BUNCH;1
Mysore;792;SHREK LICENSE;1
Smolensk;715;RANGE MOONWALKER;1
Papeete;451;IGBY MAKER;1
Goinia;1;ACADEMY DINOSAUR;1
Garland;945;VIRGINIAN PLUTO;1
Sterling Heights;434;HORROR REIGN;1
Johannesburg;767;SCALAWAG DUCK;1
Memphis;824;SPARTACUS CHEAPER;1
Brescia;274;EGG IGBY;1
Kaduna;199;CUPBOARD SINNERS;1
Davao;845;STEPMOM DREAM;1
Kilis;214;DAUGHTER MADIGAN;1
Tychy;433;HORN WORKING;1
Arlington;484;JERK PAYCHECK;1
Santa Brbara dOeste;282;ENCOUNTERS CURTAIN;1
al-Qadarif;728;REUNION WITCHES;1
Czestochowa;247;DOWNHILL ENOUGH;1
Ashdod;345;GABLES METROPOLIS;1
Siliguri (Shiliguri);833;SPLENDOR PATTON;1
Sanaa;637;OPEN AFRICAN;1
Kermanshah;678;PICKUP DRIVING;1
Beni-Mellal;51;BALLOON HOMEWARD;1
Sal;627;NORTH TEQUILA;1
al-Manama;319;FISH OPUS;1
Laohekou;945;VIRGINIAN PLUTO;1
Tandil;543;MADIGAN DORADO;1
al-Manama;43;ATLANTIS CAUSE;1
Hagonoy;810;SLUMS DUCK;1
South Hill;425;HOLY TADPOLE;1
South Hill;228;DETECTIVE VISION;1
Sousse;861;SUIT WALLS;1
Sawhaj;790;SHOOTIST SUPERFLY;1
Okara;890;TIGHTS DAWN;1
Jedda;605;MULHOLLAND BEAST;1
Denizli;373;GRADUATE LORD;1
Purnea (Purnia);164;COAST RAINBOW;1
Sanya;89;BORROWERS BEDAZZLED;1
Idfu;634;ODDS BOOGIE;1
Anpolis;631;NOVOCAINE FLIGHT;1
Siegen;379;GREEDY ROOTS;1
Southend-on-Sea;993;WRONG BEHAVIOR;1
Simferopol;2;ACE GOLDFINGER;1
Lilongwe;73;BINGO TALENTED;1
Guaruj;199;CUPBOARD SINNERS;1
Sawhaj;333;FREAKY POCUS;1
Jakarta;484;JERK PAYCHECK;1
Taguig;239;DOGMA FAMILY;1
Usak;755;SABRINA MIDNIGHT;1
Alessandria;468;INVASION CYCLONE;1
Jamalpur;886;THEORY MERMAID;1
Xintai;999;ZOOLANDER FICTION;1
Qalyub;693;POTTER CONNECTICUT;1
Livorno;636;OLEANDER CLUE;1
Tartu;526;LOCK REAR;1
Taizz;610;MUSIC BOONDOCK;1
Udaipur;502;KNOCK WARLOCK;1
Sucre;273;EFFECT GLADIATOR;1
Bhavnagar;851;STRAIGHT HOURS;1
Nakhon Sawan;624;NIGHTMARE CHILL;1
Jhansi;624;NIGHTMARE CHILL;1
Simferopol;600;MOTIONS DETAILS;1
Lancaster;189;CREATURES SHAKESPEARE;1
Duisburg;286;ENOUGH RAGING;1
Peoria;835;SPY MILE;1
Alvorada;233;DISCIPLE MOTHER;1
Allende;293;EXORCIST STING;1
Sumqayit;468;INVASION CYCLONE;1
Dos Quebradas;639;OPPOSITE NECKLACE;1
Buenaventura;369;GOODFELLAS SALUTE;1
Poos de Caldas;415;HIGH ENCINO;1
Yerevan;748;RUGRATS SHAKESPEARE;1
Lausanne;988;WORKER TARZAN;1
Songkhla;862;SUMMER SCARFACE;1
Citt del Vaticano;936;VANISHING ROCKY;1
Naala-Porto;77;BIRDS PERDITION;1
Yinchuan;556;MALTESE HOPE;1
Acua;976;WIND PHANTOM;1
Uttarpara-Kotrung;613;MYSTIC TRUMAN;1
El Fuerte;467;INTRIGUE WORST;1
Ourense (Orense);873;SWEETHEARTS SUSPECTS;1
Blumenau;77;BIRDS PERDITION;1
Vijayawada;115;CAMPUS REMEMBER;1
Valparai;916;TURN STAR;1
Chiayi;792;SHREK LICENSE;1
Citrus Heights;433;HORN WORKING;1
Graz;829;SPINAL ROCKY;1
Daxian;496;KICK SAVANNAH;1
Pune;409;HEARTBREAKERS BRIGHT;1
Bucuresti;265;DYING MAKER;1
San Miguel de Tucumn;698;PRINCESS GIANT;1
s-Hertogenbosch;220;DEER VIRGINIAN;1
Charlotte Amalie;759;SALUTE APOLLO;1
Arlington;252;DREAM PICKUP;1
Pereira;409;HEARTBREAKERS BRIGHT;1
Pontianak;693;POTTER CONNECTICUT;1
Fuzhou;80;BLANKET BEVERLY;1
Brindisi;80;BLANKET BEVERLY;1
Paarl;292;EXCITEMENT EVE;1
Toulouse;890;TIGHTS DAWN;1
Davao;476;JASON TRAP;1
Changzhou;129;CAUSE DATE;1
Ivanovo;101;BROTHERHOOD BLANKET;1
Kragujevac;156;CLERKS ANGELS;1
Batman;769;SCHOOL JACKET;1
Salinas;274;EGG IGBY;1
Pjatigorsk;892;TITANIC BOONDOCK;1
Kirovo-Tepetsk;688;POLISH BROOKLYN;1
Mukateve;252;DREAM PICKUP;1
Faaa;267;EAGLES PANKY;1
Vancouver;787;SHINING ROSES;1
Kuching;377;GREASE YOUTH;1
Pyongyang;900;TOWN ARK;1
Soshanguve;245;DOUBLE WRATH;1
Vijayawada;574;MIDNIGHT WESTWARD;1
Jos Azueta;828;SPIKING ELEMENT;1
Torren;291;EVOLUTION ALTER;1
Matamoros;754;RUSHMORE MERMAID;1
Brindisi;977;WINDOW SIDE;1
Asuncin;326;FLYING HOOK;1
Barcelona;687;POCUS PULP;1
Bandar Seri Begawan;282;ENCOUNTERS CURTAIN;1
Jurez;652;PAJAMA JAWBREAKER;1
Vaduz;817;SOLDIERS EVOLUTION;1
Tallahassee;336;FRENCH HOLIDAY;1
Brescia;255;DRIVING POLISH;1
Valle de Santiago;366;GOLDFINGER SENSIBILITY;1
Kansas City;963;WATCH TRACY;1
Klerksdorp;432;HOPE TOOTSIE;1
Datong;269;EARRING INSTINCT;1
Jinchang;121;CAROL TEXAS;1
Otsu;772;SEA VIRGIN;1
Tartu;448;IDAHO LOVE;1
Allende;700;PRIX UNDEFEATED;1
York;79;BLADE POLISH;1
Kakamigahara;166;COLOR PHILADELPHIA;1
Witten;692;POTLUCK MIXED;1
Ezhou;797;SILENCE KANE;1
Miyakonojo;391;HALF OUTFIELD;1
Juazeiro do Norte;189;CREATURES SHAKESPEARE;1
Kurashiki;719;RECORDS ZORRO;1
Meixian;401;HAROLD FRENCH;1
Arlington;61;BEAUTY GREASE;1
Pjatigorsk;72;BILL OTHERS;1
Kolpino;123;CASABLANCA SUPER;1
Usolje-Sibirskoje;255;DRIVING POLISH;1
San Juan Bautista Tuxtepec;47;BABY HALL;1
Sungai Petani;137;CHARADE DUFFEL;1
Davao;641;ORANGE GRAPES;1
Chungho;526;LOCK REAR;1
Parbhani;559;MARRIED GO;1
Masqat;531;LOSE INCH;1
Rajkot;484;JERK PAYCHECK;1
Yaound;201;CYCLONE FAMILY;1
Lublin;231;DINOSAUR SECRETARY;1
Koriyama;364;GODFATHER DIARY;1
Parbhani;329;FORREST SONS;1
al-Manama;267;EAGLES PANKY;1
Ife;294;EXPECATIONS NATURAL;1
guas Lindas de Gois;660;PARTY KNOCK;1
Kurgan;73;BINGO TALENTED;1
Araatuba;51;BALLOON HOMEWARD;1
El Monte;101;BROTHERHOOD BLANKET;1
Nam Dinh;256;DROP WATERFRONT;1
Matamoros;261;DUFFEL APOCALYPSE;1
Santa Brbara dOeste;167;COMA HEAD;1
Alvorada;376;GRAPES FURY;1
Laredo;367;GOLDMINE TYCOON;1
Yamuna Nagar;249;DRACULA CRYSTAL;1
Richmond Hill;771;SCORPION APOLLO;1
Nukualofa;809;SLIPPER FIDELITY;1
Mandi Bahauddin;428;HOMICIDE PEACH;1
Changzhou;658;PARIS WEEKEND;1
So Bernardo do Campo;912;TROJAN TOMORROW;1
Springs;898;TOURIST PELICAN;1
Dayton;90;BOULEVARD MOB;1
Cuman;591;MONSOON CAUSE;1
Pangkal Pinang;319;FISH OPUS;1
Banjul;412;HEAVYWEIGHTS BEAST;1
Graz;159;CLOSER BANG;1
Berhampore (Baharampur);296;EXPRESS LONELY;1
Patras;563;MASSACRE USUAL;1
Mysore;84;BOILED DARES;1
Bhilwara;480;JEEPERS WEDDING;1
Lausanne;309;FEUD FROGMEN;1
Apeldoorn;717;REAR TRADING;1
Cam Ranh;643;ORIENT CLOSER;1
Ahmadnagar;927;UPRISING UPTOWN;1
Nyeri;242;DOOM DANCING;1
Tianjin;926;UNTOUCHABLES SUNRISE;1
Hubli-Dharwad;678;PICKUP DRIVING;1
Cayenne;564;MASSAGE IMAGE;1
Czestochowa;531;LOSE INCH;1
Kermanshah;358;GILMORE BOILED;1
Kolpino;162;CLUELESS BUCKET;1
Salala;204;DALMATIONS SWEDEN;1
Bhopal;73;BINGO TALENTED;1
Sirjan;576;MIGHTY LUCK;1
Munger (Monghyr);520;LICENSE WEEKEND;1
Botosani;891;TIMBERLAND SKY;1
Balikesir;31;APACHE DIVINE;1
Kurashiki;222;DESERT POSEIDON;1
Datong;679;PILOT HOOSIERS;1
Mogiljov;851;STRAIGHT HOURS;1
Huejutla de Reyes;744;ROOTS REMEMBER;1
Huixquilucan;640;OPUS ICE;1
Phnom Penh;50;BAKED CLEOPATRA;1
Yangor;447;ICE CROSSING;1
Dadu;709;RACER EGG;1
Batman;624;NIGHTMARE CHILL;1
So Bernardo do Campo;374;GRAFFITI LOVE;1
Kamjanets-Podilskyi;510;LAWLESS VISION;1
Sivas;753;RUSH GOODFELLAS;1
Vaduz;555;MALLRATS UNITED;1
Omiya;638;OPERATION OPERATION;1
Soshanguve;788;SHIP WONDERLAND;1
Apeldoorn;722;REEF SALUTE;1
Korla;446;HYSTERICAL GRAIL;1
Nam Dinh;850;STORY SIDE;1
Saint Louis;193;CROSSROADS CASUALTIES;1
Taguig;436;HOURS RAGE;1
Tonghae;724;REMEMBER DIARY;1
Cuernavaca;767;SCALAWAG DUCK;1
Almirante Brown;17;ALONE TRIP;1
Tokat;744;ROOTS REMEMBER;1
Hohhot;488;JOON NORTHWEST;1
Urawa;132;CHAINSAW UPTOWN;1
La Romana;794;SIDE ARK;1
Mexicali;568;MEMENTO ZOOLANDER;1
Sambhal;451;IGBY MAKER;1
Bhusawal;380;GREEK EVERYONE;1
Balikesir;741;ROMAN PUNK;1
La Paz;979;WITCHES PANIC;1
Mandaluyong;154;CLASH FREDDY;1
Nabereznyje Telny;204;DALMATIONS SWEDEN;1
Portoviejo;687;POCUS PULP;1
Ruse;598;MOSQUITO ARMAGEDDON;1
Bandar Seri Begawan;102;BUBBLE GROSSE;1
Abha;319;FISH OPUS;1
Huaian;586;MOCKINGBIRD HOLLYWOOD;1
Shikarpur;620;NEMO CAMPUS;1
San Bernardino;690;POND SEATTLE;1
Bandar Seri Begawan;31;APACHE DIVINE;1
Sharja;694;PREJUDICE OLEANDER;1
Olomouc;247;DOWNHILL ENOUGH;1
Valle de Santiago;895;TOMORROW HUSTLER;1
Molodetno;755;SABRINA MIDNIGHT;1
Barcelona;387;GUN BONNIE;1
Nam Dinh;956;WANDA CHAMBER;1
Santiago de Compostela;215;DAWN POND;1
Stockport;100;BROOKLYN DESERT;1
Sharja;839;STALLION SUNDANCE;1
Cavite;141;CHICAGO NORTH;1
Loja;981;WOLVES DESIRE;1
Shimonoseki;993;WRONG BEHAVIOR;1
Lhokseumawe;451;IGBY MAKER;1
Mogiljov;270;EARTH VISION;1
Tabriz;165;COLDBLOODED DARLING;1
Maracabo;327;FOOL MOCKINGBIRD;1
Ashqelon;470;ISHTAR ROCKETEER;1
Zeleznogorsk;262;DUMBO LUST;1
Joliet;206;DANCING FEVER;1
Songkhla;834;SPOILERS HELLFIGHTERS;1
Abha;849;STORM HAPPINESS;1
Kabul;529;LONELY ELEPHANT;1
Boksburg;789;SHOCK CABIN;1
Liaocheng;458;INDIAN LOVE;1
Zalantun;536;LOVELY JINGLE;1
Witten;138;CHARIOTS CONSPIRACY;1
Omiya;552;MAJESTIC FLOATS;1
Ambattur;417;HILLS NEIGHBORS;1
Benin City;416;HIGHBALL POTTER;1
Mandaluyong;866;SUNSET RACER;1
Kisumu;212;DARN FORRESTER;1
Tambaram;973;WIFE TURN;1
Ponce;16;ALLEY EVOLUTION;1
Hodeida;735;ROBBERS JOON;1
Yuncheng;933;VAMPIRE WHALE;1
Kamakura;770;SCISSORHANDS SLUMS;1
Sawhaj;980;WIZARD COLDBLOODED;1
Palghat (Palakkad);494;KARATE MOON;1
Surakarta;47;BABY HALL;1
Sokoto;302;FANTASIA PARK;1
Peoria;393;HALLOWEEN NUTS;1
Batna;590;MONEY HAROLD;1
Mwene-Ditu;621;NETWORK PEAK;1
Valle de la Pascua;286;ENOUGH RAGING;1
Urawa;748;RUGRATS SHAKESPEARE;1
Shaoguan;70;BIKINI BORROWERS;1
Otsu;763;SATISFACTION CONFIDENTIAL;1
Jos Azueta;154;CLASH FREDDY;1
Ziguinchor;57;BASIC EASY;1
Sanaa;899;TOWERS HURRICANE;1
Ikerre;333;FREAKY POCUS;1
Yaound;344;FURY MURDER;1
Skikda;481;JEKYLL FROGMEN;1
Purwakarta;156;CLERKS ANGELS;1
Siliguri (Shiliguri);460;INNOCENT USUAL;1
Cuman;602;MOURNING PURPLE;1
Pjatigorsk;57;BASIC EASY;1
Ibirit;688;POLISH BROOKLYN;1
Owo;302;FANTASIA PARK;1
Kansas City;268;EARLY HOME;1
Angra dos Reis;59;BEAR GRACELAND;1
Zhoushan;916;TURN STAR;1
Olomouc;59;BEAR GRACELAND;1
Tanauan;43;ATLANTIS CAUSE;1
Oshawa;31;APACHE DIVINE;1
Uijongbu;414;HELLFIGHTERS SIERRA;1
Adoni;10;ALADDIN CALENDAR;1
Rustenburg;760;SAMURAI LION;1
Maracabo;688;POLISH BROOKLYN;1
Faaa;69;BEVERLY OUTLAW;1
Botshabelo;510;LAWLESS VISION;1
Allappuzha (Alleppey);173;CONFESSIONS MAGUIRE;1
Warren;948;VOICE PEACH;1
Greensboro;807;SLEUTH ORIENT;1
Urawa;992;WRATH MILE;1
Hamilton;692;POTLUCK MIXED;1
Tangail;502;KNOCK WARLOCK;1
Nabereznyje Telny;12;ALASKA PHANTOM;1
Shaoguan;448;IDAHO LOVE;1
Smolensk;518;LIAISONS SWEET;1
Syktyvkar;996;YOUNG LANGUAGE;1
Tanza;183;CONVERSATION DOWNHILL;1
Charlotte Amalie;489;JUGGLER HARDLY;1
Hami;77;BIRDS PERDITION;1
Novi Sad;154;CLASH FREDDY;1
Tabuk;854;STRANGERS GRAFFITI;1
Jining;116;CANDIDATE PERDITION;1
Santo Andr;261;DUFFEL APOCALYPSE;1
Sunnyvale;689;POLLOCK DELIVERANCE;1
Lublin;961;WASH HEAVENLY;1
Bucuresti;301;FAMILY SWEET;1
Salinas;205;DANCES NONE;1
Mogiljov;132;CHAINSAW UPTOWN;1
Esfahan;613;MYSTIC TRUMAN;1
Tongliao;571;METAL ARMAGEDDON;1
Ashdod;517;LESSON CLEOPATRA;1
Tarsus;625;NONE SPIKING;1
Naala-Porto;908;TRAP GUYS;1
Cape Coral;412;HEAVYWEIGHTS BEAST;1
San Bernardino;878;TEEN APOLLO;1
Xintai;554;MALKOVICH PET;1
Juiz de Fora;668;PEAK FOREVER;1
Nador;649;OZ LIAISONS;1
Avellaneda;329;FORREST SONS;1
Usolje-Sibirskoje;921;UNCUT SUICIDES;1
Banjul;200;CURTAIN VIDEOTAPE;1
Callao;904;TRAIN BUNCH;1
Belm;207;DANGEROUS UPTOWN;1
Vilnius;526;LOCK REAR;1
La Paz;967;WEEKEND PERSONAL;1
Jos Azueta;284;ENEMY ODDS;1
Southampton;995;YENTL IDAHO;1
Isesaki;317;FIREBALL PHILADELPHIA;1
Ozamis;99;BRINGING HYSTERICAL;1
Syktyvkar;212;DARN FORRESTER;1
Klerksdorp;872;SWEET BROTHERHOOD;1
Tabora;271;EASY GLADIATOR;1
Alvorada;445;HYDE DOCTOR;1
Katihar;776;SECRET GROUNDHOG;1
Yingkou;476;JASON TRAP;1
Jaffna;224;DESPERATE TRAINSPOTTING;1
Siliguri (Shiliguri);694;PREJUDICE OLEANDER;1
Urawa;504;KWAI HOMEWARD;1
Niznekamsk;460;INNOCENT USUAL;1
Namibe;873;SWEETHEARTS SUSPECTS;1
Baybay;673;PERSONAL LADYBUGS;1
Dayton;704;PURE RUNNER;1
Olomouc;267;EAGLES PANKY;1
Brest;920;UNBREAKABLE KARATE;1
Salinas;757;SAGEBRUSH CLUELESS;1
Halifax;56;BAREFOOT MANCHURIAN;1
Sagamihara;438;HUMAN GRAFFITI;1
Jhansi;849;STORM HAPPINESS;1
Chatsworth;184;CORE SUIT;1
Sokoto;983;WON DARES;1
Dadu;626;NOON PAPI;1
Boa Vista;245;DOUBLE WRATH;1
Rockford;697;PRIMARY GLASS;1
San Miguel de Tucumn;842;STATE WASTELAND;1
Urawa;794;SIDE ARK;1
Nakhon Sawan;953;WAIT CIDER;1
Arak;641;ORANGE GRAPES;1
Changhwa;471;ISLAND EXORCIST;1
Dos Quebradas;345;GABLES METROPOLIS;1
Emmen;658;PARIS WEEKEND;1
Shikarpur;133;CHAMBER ITALIAN;1
Adoni;774;SEARCHERS WAIT;1
Mexicali;946;VIRTUAL SPOILERS;1
Erlangen;865;SUNRISE LEAGUE;1
Allende;718;REBEL AIRPORT;1
Lipetsk;300;FALCON VOLUME;1
Ruse;417;HILLS NEIGHBORS;1
Bat Yam;586;MOCKINGBIRD HOLLYWOOD;1
Balurghat;269;EARRING INSTINCT;1
Dadu;471;ISLAND EXORCIST;1
Kabul;765;SATURN NAME;1
Atinsk;272;EDGE KISSING;1
Kalisz;336;FRENCH HOLIDAY;1
Malm;989;WORKING MICROCOSMOS;1
Nuuk;687;POCUS PULP;1
Emeishan;720;REDEMPTION COMFORTS;1
Enshi;596;MOONSHINE CABIN;1
Arak;870;SWARM GOLD;1
Owo;44;ATTACKS HATE;1
Southend-on-Sea;898;TOURIST PELICAN;1
Lhokseumawe;276;ELEMENT FREDDY;1
Pak Kret;852;STRANGELOVE DESIRE;1
Addis Abeba;154;CLASH FREDDY;1
Zeleznogorsk;410;HEAVEN FREEDOM;1
Changhwa;833;SPLENDOR PATTON;1
Abha;583;MISSION ZOOLANDER;1
Higashiosaka;232;DIRTY ACE;1
Onomichi;521;LIES TREATMENT;1
La Paz;804;SLEEPING SUSPECTS;1
Satna;846;STING PERSONAL;1
Taguig;31;APACHE DIVINE;1
Salala;747;ROXANNE REBEL;1
Beira;534;LOUISIANA HARRY;1
Memphis;309;FEUD FROGMEN;1
Bandar Seri Begawan;133;CHAMBER ITALIAN;1
Nador;475;JAPANESE RUN;1
Lhokseumawe;531;LOSE INCH;1
Vitria de Santo Anto;223;DESIRE ALIEN;1
La Romana;676;PHILADELPHIA WIFE;1
Patras;273;EFFECT GLADIATOR;1
Ueda;664;PATRIOT ROMAN;1
Jinzhou;317;FIREBALL PHILADELPHIA;1
Almirante Brown;667;PEACH INNOCENT;1
Gandhinagar;631;NOVOCAINE FLIGHT;1
Masqat;763;SATISFACTION CONFIDENTIAL;1
Konotop;147;CHOCOLAT HARRY;1
Gingoog;806;SLEEPY JAPANESE;1
Zalantun;10;ALADDIN CALENDAR;1
Lipetsk;539;LUCK OPUS;1
Usolje-Sibirskoje;961;WASH HEAVENLY;1
Tokat;275;EGYPT TENENBAUMS;1
Purnea (Purnia);611;MUSKETEERS WAIT;1
Mannheim;919;TYCOON GATHERING;1
Davao;444;HUSTLER PARTY;1
Fontana;641;ORANGE GRAPES;1
Zaoyang;49;BADMAN DAWN;1
Mogiljov;476;JASON TRAP;1
Jakarta;951;VOYAGE LEGALLY;1
Kamarhati;440;HUNGER ROOF;1
Aurora;328;FOREVER CANDIDATE;1
Fontana;126;CASUALTIES ENCINO;1
London;710;RAGE GAMES;1
Miraj;94;BRAVEHEART HUMAN;1
Siegen;432;HOPE TOOTSIE;1
Berhampore (Baharampur);918;TWISTED PIRATES;1
Dzerzinsk;843;STEEL SANTA;1
Cape Coral;83;BLUES INSTINCT;1
Rio Claro;394;HAMLET WISDOM;1
Coatzacoalcos;562;MASKED BUBBLE;1
Talavera;857;STRICTLY SCARFACE;1
Kalisz;999;ZOOLANDER FICTION;1
Santiago de los Caballeros;544;MADISON TRAP;1
Vitria de Santo Anto;789;SHOCK CABIN;1
Fontana;91;BOUND CHEAPER;1
Jalib al-Shuyukh;788;SHIP WONDERLAND;1
Bag;558;MANNEQUIN WORST;1
Bislig;456;INCH JET;1
Ivanovo;840;STAMPEDE DISTURBING;1
Touliu;971;WHALE BIKINI;1
Tanauan;804;SLEEPING SUSPECTS;1
Cuautla;58;BEACH HEARTBREAKERS;1
Akishima;402;HARPER DYING;1
Mwanza;79;BLADE POLISH;1
Bhilwara;206;DANCING FEVER;1
Nagareyama;744;ROOTS REMEMBER;1
Chandrapur;446;HYSTERICAL GRAIL;1
Alvorada;626;NOON PAPI;1
Santiago de Compostela;888;THIN SAGEBRUSH;1
Cheju;417;HILLS NEIGHBORS;1
San Lorenzo;652;PAJAMA JAWBREAKER;1
Hunuco;104;BUGSY SONG;1
Haldia;452;ILLUSION AMELIE;1
La Romana;243;DOORS PRESIDENT;1
Daxian;651;PACKER MADIGAN;1
Kolpino;745;ROSES TREASURE;1
Santa Brbara dOeste;989;WORKING MICROCOSMOS;1
Osmaniye;661;PAST SUICIDES;1
Nyeri;872;SWEET BROTHERHOOD;1
Tiefa;59;BEAR GRACELAND;1
Yamuna Nagar;103;BUCKET BROTHERHOOD;1
Kimchon;235;DIVIDE MONSTER;1
Jamalpur;952;WAGON JAWS;1
Chandrapur;443;HURRICANE AFFAIR;1
Jinzhou;60;BEAST HUNCHBACK;1
Laohekou;363;GO PURPLE;1
Rustenburg;477;JAWBREAKER BROOKLYN;1
Dadu;414;HELLFIGHTERS SIERRA;1
Florencia;395;HANDICAP BOONDOCK;1
Xintai;806;SLEEPY JAPANESE;1
Tambaram;402;HARPER DYING;1
Deba Habe;496;KICK SAVANNAH;1
Cianjur;285;ENGLISH BULWORTH;1
Daugavpils;878;TEEN APOLLO;1
Kamarhati;131;CENTER DINOSAUR;1
Myingyan;958;WARDROBE PHANTOM;1
Cuman;707;QUEST MUSSOLINI;1
NDjamna;16;ALLEY EVOLUTION;1
Ivanovo;990;WORLD LEATHERNECKS;1
Vaduz;292;EXCITEMENT EVE;1
Sanya;668;PEAK FOREVER;1
Rockford;647;OUTFIELD MASSACRE;1
Kirovo-Tepetsk;132;CHAINSAW UPTOWN;1
Vaduz;738;ROCKETEER MOTHER;1
Pavlodar;457;INDEPENDENCE HOTEL;1
Hamilton;491;JUMPING WRATH;1
Tambaram;334;FREDDY STORM;1
Iwatsuki;605;MULHOLLAND BEAST;1
Anpolis;267;EAGLES PANKY;1
Malm;443;HURRICANE AFFAIR;1
Faaa;608;MURDER ANTITRUST;1
Masqat;493;KANE EXORCIST;1
Koriyama;304;FARGO GANDHI;1
Osmaniye;537;LOVER TRUMAN;1
Kanchrapara;367;GOLDMINE TYCOON;1
Guaruj;529;LONELY ELEPHANT;1
Pavlodar;544;MADISON TRAP;1
So Bernardo do Campo;391;HALF OUTFIELD;1
Yangor;179;CONQUERER NUTS;1
Bhimavaram;62;BED HIGHBALL;1
Songkhla;564;MASSAGE IMAGE;1
Bilbays;291;EVOLUTION ALTER;1
Santiago de los Caballeros;272;EDGE KISSING;1
Mandaluyong;572;METROPOLIS COMA;1
Ljubertsy;466;INTOLERABLE INTENTIONS;1
Benguela;637;OPEN AFRICAN;1
Addis Abeba;176;CONGENIALITY QUEST;1
Gaziantep;336;FRENCH HOLIDAY;1
Dadu;799;SIMON NORTH;1
Santo Andr;374;GRAFFITI LOVE;1
San Juan Bautista Tuxtepec;784;SHANGHAI TYCOON;1
Jaipur;378;GREATEST NORTH;1
Salamanca;231;DINOSAUR SECRETARY;1
Xinxiang;610;MUSIC BOONDOCK;1
Newcastle;261;DUFFEL APOCALYPSE;1
Avellaneda;569;MENAGERIE RUSHMORE;1
Kaliningrad;709;RACER EGG;1
La Romana;27;ANONYMOUS HUMAN;1
Dadu;660;PARTY KNOCK;1
Lengshuijiang;462;INSIDER ARIZONA;1
Ozamis;251;DRAGONFLY STRANGERS;1
Nezahualcyotl;681;PIRATES ROXANNE;1
Chungho;385;GROUNDHOG UNCUT;1
Lengshuijiang;947;VISION TORQUE;1
Izumisano;176;CONGENIALITY QUEST;1
Saint-Denis;275;EGYPT TENENBAUMS;1
Kilis;730;RIDGEMONT SUBMARINE;1
Witten;322;FLATLINERS KILLER;1
Sasebo;22;AMISTAD MIDSUMMER;1
Beira;431;HOOSIERS BIRDCAGE;1
Tanauan;111;CADDYSHACK JEDI;1
Coquimbo;467;INTRIGUE WORST;1
Mandaluyong;727;RESURRECTION SILVERADO;1
Sokoto;4;AFFAIR PREJUDICE;1
Emmen;137;CHARADE DUFFEL;1
Kamjanets-Podilskyi;341;FROST HEAD;1
Avellaneda;910;TREATMENT JEKYLL;1
Udaipur;200;CURTAIN VIDEOTAPE;1
Korolev;574;MIDNIGHT WESTWARD;1
Sanaa;999;ZOOLANDER FICTION;1
Qinhuangdao;376;GRAPES FURY;1
Papeete;970;WESTWARD SEABISCUIT;1
Ciparay;175;CONFUSED CANDLES;1
Bislig;698;PRINCESS GIANT;1
Imus;902;TRADING PINOCCHIO;1
Serpuhov;333;FREAKY POCUS;1
Valparai;625;NONE SPIKING;1
London;705;PURPLE MOVIE;1
Uluberia;435;HOTEL HAPPINESS;1
Otsu;518;LIAISONS SWEET;1
Belm;846;STING PERSONAL;1
Nagareyama;575;MIDSUMMER GROUNDHOG;1
Datong;583;MISSION ZOOLANDER;1
Akron;218;DECEIVER BETRAYED;1
Atinsk;981;WOLVES DESIRE;1
Tieli;891;TIMBERLAND SKY;1
San Felipe del Progreso;446;HYSTERICAL GRAIL;1
Sumy;679;PILOT HOOSIERS;1
Salala;436;HOURS RAGE;1
Lungtan;271;EASY GLADIATOR;1
Dayton;747;ROXANNE REBEL;1
Baiyin;574;MIDNIGHT WESTWARD;1
Abu Dhabi;551;MAIDEN HOME;1
Olomouc;938;VELVET TERMINATOR;1
Urawa;718;REBEL AIRPORT;1
Sal;112;CALENDAR GUNFIGHT;1
Ozamis;840;STAMPEDE DISTURBING;1
Tel Aviv-Jaffa;179;CONQUERER NUTS;1
Cape Coral;313;FIDELITY DEVIL;1
Barcelona;829;SPINAL ROCKY;1
Miyakonojo;953;WAIT CIDER;1
Sterling Heights;368;GONE TROUBLE;1
Malm;606;MUMMY CREATURES;1
Hami;305;FATAL HAUNTED;1
Karnal;490;JUMANJI BLADE;1
Ezhou;912;TROJAN TOMORROW;1
Avellaneda;677;PIANIST OUTFIELD;1
Ciomas;901;TRACY CIDER;1
Urawa;263;DURHAM PANKY;1
Addis Abeba;560;MARS ROMAN;1
Taizz;817;SOLDIERS EVOLUTION;1
Hiroshima;172;CONEHEADS SMOOCHY;1
Nagareyama;645;OTHERS SOUP;1
Hino;327;FOOL MOCKINGBIRD;1
Novi Sad;57;BASIC EASY;1
La Paz;807;SLEUTH ORIENT;1
Karnal;114;CAMELOT VACATION;1
Czestochowa;698;PRINCESS GIANT;1
Garland;935;VANISHED GARDEN;1
Kimchon;266;DYNAMITE TARZAN;1
San Bernardino;678;PICKUP DRIVING;1
Usolje-Sibirskoje;768;SCARFACE BANG;1
Uijongbu;444;HUSTLER PARTY;1
Tafuna;266;DYNAMITE TARZAN;1
Hodeida;729;RIDER CADDYSHACK;1
Rustenburg;360;GLASS DYING;1
San Felipe del Progreso;670;PELICAN COMFORTS;1
Hohhot;432;HOPE TOOTSIE;1
Beira;353;GENTLEMEN STAGE;1
Pak Kret;953;WAIT CIDER;1
Salamanca;690;POND SEATTLE;1
Yangor;8;AIRPORT POLLOCK;1
Cuman;548;MAGNIFICENT CHITTY;1
Ipoh;789;SHOCK CABIN;1
Uijongbu;341;FROST HEAD;1
Torren;56;BAREFOOT MANCHURIAN;1
Jinchang;11;ALAMO VIDEOTAPE;1
Shubra al-Khayma;552;MAJESTIC FLOATS;1
Jhansi;739;ROCKY WAR;1
Joliet;352;GATHERING CALENDAR;1
Asuncin;761;SANTA PARIS;1
Qinhuangdao;479;JEDI BENEATH;1
Gulbarga;10;ALADDIN CALENDAR;1
Yingkou;110;CABIN FLASH;1
Dhaka;76;BIRDCAGE CASPER;1
Taizz;412;HEAVYWEIGHTS BEAST;1
Tianjin;838;STAGECOACH ARMAGEDDON;1
Carmen;638;OPERATION OPERATION;1
Southend-on-Sea;651;PACKER MADIGAN;1
South Hill;377;GREASE YOUTH;1
Botosani;559;MARRIED GO;1
Jakarta;45;ATTRACTION NEWTON;1
Ipoh;861;SUIT WALLS;1
Erlangen;944;VIRGIN DAISY;1
Hubli-Dharwad;843;STEEL SANTA;1
Shikarpur;76;BIRDCAGE CASPER;1
Ashdod;390;GUYS FALCON;1
Madiun;525;LOATHING LEGALLY;1
Ciparay;636;OLEANDER CLUE;1
Onomichi;696;PRIDE ALAMO;1
Ashgabat;961;WASH HEAVENLY;1
Baiyin;388;GUNFIGHT MOON;1
Rampur;816;SNOWMAN ROLLERCOASTER;1
Shubra al-Khayma;327;FOOL MOCKINGBIRD;1
Kowloon and New Kowloon;231;DINOSAUR SECRETARY;1
Kuwana;184;CORE SUIT;1
Tarlac;648;OUTLAW HANKY;1
Hubli-Dharwad;376;GRAPES FURY;1
Boksburg;130;CELEBRITY HORN;1
Tanauan;236;DIVINE RESURRECTION;1
Sumy;758;SAINTS BRIDE;1
Rampur;893;TITANS JERK;1
Nantou;575;MIDSUMMER GROUNDHOG;1
Tiefa;509;LANGUAGE COWBOY;1
Naju;228;DETECTIVE VISION;1
Wroclaw;789;SHOCK CABIN;1
Nabereznyje Telny;165;COLDBLOODED DARLING;1
Palghat (Palakkad);378;GREATEST NORTH;1
Pingxiang;256;DROP WATERFRONT;1
Buenaventura;819;SONG HEDWIG;1
Isesaki;172;CONEHEADS SMOOCHY;1
Korla;737;ROCK INSTINCT;1
Matamoros;737;ROCK INSTINCT;1
Urawa;425;HOLY TADPOLE;1
Beira;476;JASON TRAP;1
Cape Coral;736;ROBBERY BRIGHT;1
Ktahya;511;LAWRENCE LOVE;1
Pangkal Pinang;506;LADY STAGE;1
Kirovo-Tepetsk;580;MINE TITANS;1
Bchar;292;EXCITEMENT EVE;1
Hagonoy;846;STING PERSONAL;1
Bellevue;48;BACKLASH UNDEFEATED;1
Batman;649;OZ LIAISONS;1
Fuyu;777;SECRETARY ROUGE;1
Avellaneda;296;EXPRESS LONELY;1
El Alto;670;PELICAN COMFORTS;1
Sambhal;484;JERK PAYCHECK;1
Xiangtan;429;HONEY TIES;1
Kursk;327;FOOL MOCKINGBIRD;1
Uijongbu;693;POTTER CONNECTICUT;1
Idfu;176;CONGENIALITY QUEST;1
Avellaneda;18;ALTER VICTORY;1
Kaduna;445;HYDE DOCTOR;1
Hodeida;985;WONDERLAND CHRISTMAS;1
Rampur;199;CUPBOARD SINNERS;1
Shimoga;994;WYOMING STORM;1
Maring;484;JERK PAYCHECK;1
Witten;927;UPRISING UPTOWN;1
Hiroshima;231;DINOSAUR SECRETARY;1
Botosani;595;MOON BUNCH;1
Ogbomosho;941;VIDEOTAPE ARSENIC;1
Hsichuh;58;BEACH HEARTBREAKERS;1
Dos Quebradas;736;ROBBERY BRIGHT;1
Nha Trang;393;HALLOWEEN NUTS;1
Tuguegarao;479;JEDI BENEATH;1
Kamjanets-Podilskyi;988;WORKER TARZAN;1
Maikop;253;DRIFTER COMMANDMENTS;1
Laohekou;367;GOLDMINE TYCOON;1
A Corua (La Corua);621;NETWORK PEAK;1
Malm;52;BALLROOM MOCKINGBIRD;1
Kitwe;225;DESTINATION JERK;1
Sullana;434;HORROR REIGN;1
Gaziantep;321;FLASH WARS;1
Ahmadnagar;973;WIFE TURN;1
Tambaram;595;MOON BUNCH;1
Akron;628;NORTHWEST POLISH;1
Vilnius;75;BIRD INDEPENDENCE;1
Mardan;420;HOLES BRANNIGAN;1
Onomichi;350;GARDEN ISLAND;1
Tongliao;145;CHISUM BEHAVIOR;1
Sal;287;ENTRAPMENT SATISFACTION;1
Pathankot;500;KISS GLORY;1
Nyeri;929;USUAL UNTOUCHABLES;1
Caracas;854;STRANGERS GRAFFITI;1
Isesaki;973;WIFE TURN;1
Hunuco;458;INDIAN LOVE;1
Braslia;920;UNBREAKABLE KARATE;1
Ocumare del Tuy;366;GOLDFINGER SENSIBILITY;1
Jodhpur;43;ATLANTIS CAUSE;1
Birgunj;738;ROCKETEER MOTHER;1
Chandrapur;700;PRIX UNDEFEATED;1
Cabuyao;70;BIKINI BORROWERS;1
Mosul;474;JADE BUNCH;1
Namibe;805;SLEEPLESS MONSOON;1
Pjatigorsk;788;SHIP WONDERLAND;1
Dhaka;803;SLACKER LIAISONS;1
Livorno;439;HUNCHBACK IMPOSSIBLE;1
Goinia;977;WINDOW SIDE;1
Robamba;678;PICKUP DRIVING;1
Cuman;370;GORGEOUS BINGO;1
Naala-Porto;296;EXPRESS LONELY;1
Sirjan;790;SHOOTIST SUPERFLY;1
Cuman;622;NEWSIES STORY;1
Taizz;174;CONFIDENTIAL INTERVIEW;1
Tafuna;646;OUTBREAK DIVINE;1
Kamarhati;487;JINGLE SAGEBRUSH;1
Uruapan;206;DANCING FEVER;1
Almirante Brown;367;GOLDMINE TYCOON;1
Abha;122;CARRIE BUNCH;1
Shanwei;938;VELVET TERMINATOR;1
Tel Aviv-Jaffa;947;VISION TORQUE;1
Soshanguve;596;MOONSHINE CABIN;1
Balikesir;130;CELEBRITY HORN;1
Kamakura;35;ARACHNOPHOBIA ROLLERCOASTER;1
Kimchon;113;CALIFORNIA BIRDS;1
Yingkou;967;WEEKEND PERSONAL;1
Serpuhov;543;MADIGAN DORADO;1
Chisinau;134;CHAMPION FLATLINERS;1
Kragujevac;103;BUCKET BROTHERHOOD;1
Halifax;818;SOMETHING DUCK;1
Tandil;652;PAJAMA JAWBREAKER;1
Ife;670;PELICAN COMFORTS;1
Ilorin;646;OUTBREAK DIVINE;1
Daugavpils;915;TRUMAN CRAZY;1
Kuwana;156;CLERKS ANGELS;1
Acua;930;VACATION BOONDOCK;1
Kurashiki;735;ROBBERS JOON;1
Amroha;958;WARDROBE PHANTOM;1
Laredo;514;LEBOWSKI SOLDIERS;1
Ikerre;842;STATE WASTELAND;1
Alvorada;870;SWARM GOLD;1
Ljubertsy;314;FIGHT JAWBREAKER;1
Pune;213;DATE SPEED;1
Munger (Monghyr);788;SHIP WONDERLAND;1
Daugavpils;773;SEABISCUIT PUNK;1
Tieli;353;GENTLEMEN STAGE;1
Udaipur;603;MOVIE SHAKESPEARE;1
Pjatigorsk;665;PATTON INTERVIEW;1
Arlington;293;EXORCIST STING;1
Iligan;754;RUSHMORE MERMAID;1
Tangail;753;RUSH GOODFELLAS;1
Lungtan;258;DRUMS DYNAMITE;1
Citt del Vaticano;19;AMADEUS HOLY;1
Inegl;231;DINOSAUR SECRETARY;1
Baicheng;670;PELICAN COMFORTS;1
Santiago de Compostela;57;BASIC EASY;1
Sivas;78;BLACKOUT PRIVATE;1
Southampton;728;REUNION WITCHES;1
Maracabo;239;DOGMA FAMILY;1
Ezhou;45;ATTRACTION NEWTON;1
Konotop;117;CANDLES GRAPES;1
Kirovo-Tepetsk;103;BUCKET BROTHERHOOD;1
Po;759;SALUTE APOLLO;1
Valparai;86;BOOGIE AMELIE;1
Botosani;95;BREAKFAST GOLDFINGER;1
Yuncheng;666;PAYCHECK WAIT;1
Novi Sad;301;FAMILY SWEET;1
Chungho;330;FORRESTER COMANCHEROS;1
Pune;601;MOULIN WAKE;1
Korolev;961;WASH HEAVENLY;1
Tongliao;193;CROSSROADS CASUALTIES;1
Atinsk;509;LANGUAGE COWBOY;1
Mardan;147;CHOCOLAT HARRY;1
Gaziantep;118;CANYON STOCK;1
Aurora;254;DRIVER ANNIE;1
Qalyub;902;TRADING PINOCCHIO;1
Funafuti;625;NONE SPIKING;1
Rancagua;730;RIDGEMONT SUBMARINE;1
Jelets;583;MISSION ZOOLANDER;1
Akishima;145;CHISUM BEHAVIOR;1
Sasebo;44;ATTACKS HATE;1
Korolev;586;MOCKINGBIRD HOLLYWOOD;1
Szkesfehrvr;959;WARLOCK WEREWOLF;1
Haining;645;OTHERS SOUP;1
Pyongyang;724;REMEMBER DIARY;1
Sal;971;WHALE BIKINI;1
Smolensk;264;DWARFS ALTER;1
Cam Ranh;806;SLEEPY JAPANESE;1
Shikarpur;268;EARLY HOME;1
Yamuna Nagar;772;SEA VIRGIN;1
San Bernardino;694;PREJUDICE OLEANDER;1
Ogbomosho;145;CHISUM BEHAVIOR;1
Aurora;982;WOMEN DORADO;1
Koriyama;615;NASH CHOCOLAT;1
Manchester;702;PULP BEVERLY;1
Tanauan;275;EGYPT TENENBAUMS;1
Klerksdorp;793;SHRUNK DIVINE;1
Stockport;117;CANDLES GRAPES;1
Mwene-Ditu;294;EXPECATIONS NATURAL;1
Fontana;204;DALMATIONS SWEDEN;1
Vaduz;157;CLOCKWORK PARADISE;1
Chiayi;436;HOURS RAGE;1
Binzhou;570;MERMAID INSECTS;1
al-Ayn;872;SWEET BROTHERHOOD;1
El Alto;688;POLISH BROOKLYN;1
Yinchuan;126;CASUALTIES ENCINO;1
Callao;331;FORWARD TEMPLE;1
Tokat;395;HANDICAP BOONDOCK;1
Bandar Seri Begawan;85;BONNIE HOLOCAUST;1
Balikesir;266;DYNAMITE TARZAN;1
Dongying;772;SEA VIRGIN;1
Jamalpur;691;POSEIDON FOREVER;1
Skikda;240;DOLLS RAGE;1
Mit Ghamr;347;GAMES BOWFINGER;1
Omiya;890;TIGHTS DAWN;1
Kragujevac;330;FORRESTER COMANCHEROS;1
Owo;152;CIRCUS YOUTH;1
Xiangfan;465;INTERVIEW LIAISONS;1
Monywa;528;LOLITA WORLD;1
Chapra;350;GARDEN ISLAND;1
Merlo;576;MIGHTY LUCK;1
Lapu-Lapu;105;BULL SHAWSHANK;1
Daxian;295;EXPENDABLE STALLION;1
Tangail;620;NEMO CAMPUS;1
Urawa;694;PREJUDICE OLEANDER;1
Syrakusa;991;WORST BANGER;1
Valle de Santiago;951;VOYAGE LEGALLY;1
Tangail;787;SHINING ROSES;1
Benin City;486;JET NEIGHBORS;1
Simferopol;430;HOOK CHARIOTS;1
Tieli;138;CHARIOTS CONSPIRACY;1
Cam Ranh;471;ISLAND EXORCIST;1
Bydgoszcz;794;SIDE ARK;1
Tafuna;127;CAT CONEHEADS;1
Tel Aviv-Jaffa;735;ROBBERS JOON;1
Graz;651;PACKER MADIGAN;1
Sharja;501;KISSING DOLLS;1
Atinsk;521;LIES TREATMENT;1
Celaya;344;FURY MURDER;1
Mahajanga;117;CANDLES GRAPES;1
San Felipe de Puerto Plata;708;QUILLS BULL;1
Inegl;114;CAMELOT VACATION;1
Bhavnagar;284;ENEMY ODDS;1
Yaound;770;SCISSORHANDS SLUMS;1
Kanchrapara;342;FUGITIVE MAGUIRE;1
Jinzhou;716;REAP UNFAITHFUL;1
Alessandria;324;FLINTSTONES HAPPINESS;1
Kimberley;532;LOSER HUSTLER;1
Brest;244;DORADO NOTTING;1
Santiago de Compostela;324;FLINTSTONES HAPPINESS;1
NDjamna;236;DIVINE RESURRECTION;1
Tandil;118;CANYON STOCK;1
Johannesburg;244;DORADO NOTTING;1
Springs;896;TOOTSIE PILOT;1
Salamanca;191;CROOKED FROGMEN;1
Caracas;787;SHINING ROSES;1
Pyongyang;244;DORADO NOTTING;1
Smolensk;394;HAMLET WISDOM;1
Moscow;471;ISLAND EXORCIST;1
Jalib al-Shuyukh;131;CENTER DINOSAUR;1
San Lorenzo;374;GRAFFITI LOVE;1
Arak;86;BOOGIE AMELIE;1
Varanasi (Benares);759;SALUTE APOLLO;1
Malm;624;NIGHTMARE CHILL;1
Emmen;265;DYING MAKER;1
Deba Habe;521;LIES TREATMENT;1
Braslia;469;IRON MOON;1
Johannesburg;266;DYNAMITE TARZAN;1
Newcastle;736;ROBBERY BRIGHT;1
Araatuba;19;AMADEUS HOLY;1
Matsue;664;PATRIOT ROMAN;1
Portoviejo;767;SCALAWAG DUCK;1
Cheju;502;KNOCK WARLOCK;1
Citrus Heights;719;RECORDS ZORRO;1
Ciparay;610;MUSIC BOONDOCK;1
Vinh;673;PERSONAL LADYBUGS;1
Sincelejo;45;ATTRACTION NEWTON;1
Kakamigahara;496;KICK SAVANNAH;1
Skikda;789;SHOCK CABIN;1
Haining;446;HYSTERICAL GRAIL;1
La Paz;829;SPINAL ROCKY;1
Nador;863;SUN CONFESSIONS;1
Sumqayit;905;TRAINSPOTTING STRANGERS;1
Angra dos Reis;84;BOILED DARES;1
Basel;454;IMPACT ALADDIN;1
Isesaki;304;FARGO GANDHI;1
Fuyu;112;CALENDAR GUNFIGHT;1
Brescia;841;STAR OPERATION;1
Aparecida de Goinia;339;FROGMEN BREAKING;1
Najafabad;188;CRAZY HOME;1
Xintai;889;TIES HUNGER;1
Hidalgo;338;FRISCO FORREST;1
Kolpino;646;OUTBREAK DIVINE;1
Jakarta;730;RIDGEMONT SUBMARINE;1
Etawah;670;PELICAN COMFORTS;1
Duisburg;227;DETAILS PACKER;1
Etawah;233;DISCIPLE MOTHER;1
Qalyub;34;ARABIA DOGMA;1
Santiago de Compostela;89;BORROWERS BEDAZZLED;1
Ozamis;49;BADMAN DAWN;1
Jaipur;723;REIGN GENTLEMEN;1
San Bernardino;27;ANONYMOUS HUMAN;1
Hami;349;GANGS PRIDE;1
Dos Quebradas;698;PRINCESS GIANT;1
Mannheim;391;HALF OUTFIELD;1
Konotop;999;ZOOLANDER FICTION;1
Santiago de Compostela;895;TOMORROW HUSTLER;1
Po;664;PATRIOT ROMAN;1
s-Hertogenbosch;366;GOLDFINGER SENSIBILITY;1
Sagamihara;143;CHILL LUCK;1
Zaria;26;ANNIE IDENTITY;1
Kaliningrad;285;ENGLISH BULWORTH;1
Syrakusa;847;STOCK GLASS;1
Lilongwe;914;TROUBLE DATE;1
Santa Rosa;331;FORWARD TEMPLE;1
Konotop;720;REDEMPTION COMFORTS;1
Loja;693;POTTER CONNECTICUT;1
Skikda;768;SCARFACE BANG;1
Kingstown;200;CURTAIN VIDEOTAPE;1
Toulouse;686;PLUTO OLEANDER;1
Boksburg;838;STAGECOACH ARMAGEDDON;1
Ciomas;160;CLUB GRAFFITI;1
Palghat (Palakkad);929;USUAL UNTOUCHABLES;1
Goinia;127;CAT CONEHEADS;1
Udine;391;HALF OUTFIELD;1
Yangor;184;CORE SUIT;1
Botosani;197;CRUSADE HONEY;1
San Felipe del Progreso;424;HOLOCAUST HIGHBALL;1
Huejutla de Reyes;212;DARN FORRESTER;1
Kamarhati;650;PACIFIC AMISTAD;1
Hsichuh;838;STAGECOACH ARMAGEDDON;1
Bradford;914;TROUBLE DATE;1
Fuyu;35;ARACHNOPHOBIA ROLLERCOASTER;1
Taguig;850;STORY SIDE;1
Matsue;241;DONNIE ALLEY;1
Izumisano;670;PELICAN COMFORTS;1
Hidalgo;901;TRACY CIDER;1
Peoria;270;EARTH VISION;1
Acua;856;STREETCAR INTENTIONS;1
Brockton;397;HANKY OCTOBER;1
Chungho;521;LIES TREATMENT;1
Nabereznyje Telny;174;CONFIDENTIAL INTERVIEW;1
Lipetsk;968;WEREWOLF LOLA;1
Shenzhen;816;SNOWMAN ROLLERCOASTER;1
Surakarta;39;ARMAGEDDON LOST;1
Santa F;577;MILE MULAN;1
Callao;810;SLUMS DUCK;1
Duisburg;190;CREEPERS KANE;1
al-Hawiya;208;DARES PLUTO;1
Kimchon;269;EARRING INSTINCT;1
Kurgan;164;COAST RAINBOW;1
Osmaniye;37;ARIZONA BANG;1
Tieli;1000;ZORRO ARK;1
Urawa;120;CARIBBEAN LIBERTY;1
Abha;816;SNOWMAN ROLLERCOASTER;1
Madiun;226;DESTINY SATURDAY;1
Shubra al-Khayma;241;DONNIE ALLEY;1
Shimonoseki;549;MAGNOLIA FORRESTER;1
Greensboro;176;CONGENIALITY QUEST;1
Jamalpur;624;NIGHTMARE CHILL;1
Probolinggo;201;CYCLONE FAMILY;1
A Corua (La Corua);204;DALMATIONS SWEDEN;1
Parbhani;330;FORRESTER COMANCHEROS;1
Rajkot;1;ACADEMY DINOSAUR;1
Yuzhou;815;SNATCHERS MONTEZUMA;1
Aparecida de Goinia;811;SMILE EARRING;1
Mwanza;342;FUGITIVE MAGUIRE;1
Tartu;816;SNOWMAN ROLLERCOASTER;1
Ozamis;775;SEATTLE EXPECATIONS;1
Plock;548;MAGNIFICENT CHITTY;1
Ranchi;169;COMFORTS RUSH;1
Coquimbo;555;MALLRATS UNITED;1
Tiefa;743;ROOM ROMAN;1
Alvorada;746;ROUGE SQUAD;1
Shaoguan;988;WORKER TARZAN;1
Tanza;215;DAWN POND;1
Kuwana;56;BAREFOOT MANCHURIAN;1
Czestochowa;59;BEAR GRACELAND;1
Syrakusa;202;DADDY PITTSBURGH;1
Cam Ranh;571;METAL ARMAGEDDON;1
Bhopal;973;WIFE TURN;1
Apeldoorn;181;CONTACT ANONYMOUS;1
Teboksary;103;BUCKET BROTHERHOOD;1
Santa Brbara dOeste;827;SPICE SORORITY;1
Elista;271;EASY GLADIATOR;1
Daugavpils;61;BEAUTY GREASE;1
Beni-Mellal;382;GRIT CLOCKWORK;1
Benin City;387;GUN BONNIE;1
Basel;723;REIGN GENTLEMEN;1
Citrus Heights;970;WESTWARD SEABISCUIT;1
Cam Ranh;559;MARRIED GO;1
Halifax;304;FARGO GANDHI;1
Hamilton;415;HIGH ENCINO;1
Vicente Lpez;368;GONE TROUBLE;1
ostka;795;SIEGE MADRE;1
Fuyu;770;SCISSORHANDS SLUMS;1
Huaian;613;MYSTIC TRUMAN;1
Tabriz;393;HALLOWEEN NUTS;1
Parbhani;417;HILLS NEIGHBORS;1
Aurora;768;SCARFACE BANG;1
Sumqayit;337;FRIDA SLIPPER;1
Shanwei;758;SAINTS BRIDE;1
Pyongyang;953;WAIT CIDER;1
Usolje-Sibirskoje;761;SANTA PARIS;1
Balaiha;823;SOUTH WAIT;1
Kanazawa;9;ALABAMA DEVIL;1
La Plata;400;HARDLY ROBBERS;1
Junan;86;BOOGIE AMELIE;1
Balurghat;457;INDEPENDENCE HOTEL;1
Dos Quebradas;329;FORREST SONS;1
Arlington;9;ALABAMA DEVIL;1
Nagaon;335;FREEDOM CLEOPATRA;1
Tabriz;559;MARRIED GO;1
Warren;705;PURPLE MOVIE;1
Zalantun;158;CLONES PINOCCHIO;1
Tanshui;823;SOUTH WAIT;1
Omiya;105;BULL SHAWSHANK;1
Garden Grove;306;FEATHERS METAL;1
Sumy;444;HUSTLER PARTY;1
Pontianak;982;WOMEN DORADO;1
Kuwana;809;SLIPPER FIDELITY;1
Brindisi;127;CAT CONEHEADS;1
Xiangtan;200;CURTAIN VIDEOTAPE;1
Mukateve;566;MAUDE MOD;1
Bandar Seri Begawan;631;NOVOCAINE FLIGHT;1
Southport;730;RIDGEMONT SUBMARINE;1
Ahmadnagar;646;OUTBREAK DIVINE;1
Baha Blanca;239;DOGMA FAMILY;1
Salamanca;638;OPERATION OPERATION;1
Allende;989;WORKING MICROCOSMOS;1
Baybay;852;STRANGELOVE DESIRE;1
Gingoog;285;ENGLISH BULWORTH;1
El Fuerte;794;SIDE ARK;1
Tafuna;914;TROUBLE DATE;1
Hubli-Dharwad;823;SOUTH WAIT;1
Laredo;849;STORM HAPPINESS;1
Chatsworth;828;SPIKING ELEMENT;1
Valle de Santiago;592;MONSTER SPARTACUS;1
Banjul;872;SWEET BROTHERHOOD;1
San Felipe del Progreso;621;NETWORK PEAK;1
Jurez;442;HUNTING MUSKETEERS;1
Mardan;928;UPTOWN YOUNG;1
Angra dos Reis;724;REMEMBER DIARY;1
Najafabad;389;GUNFIGHTER MUSSOLINI;1
Chandrapur;301;FAMILY SWEET;1
Ilorin;308;FERRIS MOTHER;1
Trshavn;693;POTTER CONNECTICUT;1
Vijayawada;755;SABRINA MIDNIGHT;1
Zanzibar;580;MINE TITANS;1
Omdurman;439;HUNCHBACK IMPOSSIBLE;1
Escobar;727;RESURRECTION SILVERADO;1
Saarbrcken;308;FERRIS MOTHER;1
Taizz;270;EARTH VISION;1
Mannheim;450;IDOLS SNATCHERS;1
Molodetno;842;STATE WASTELAND;1
Uluberia;740;ROLLERCOASTER BRINGING;1
Jinzhou;485;JERSEY SASSY;1
Zhoushan;69;BEVERLY OUTLAW;1
Ranchi;700;PRIX UNDEFEATED;1
Songkhla;618;NECKLACE OUTBREAK;1
Lhokseumawe;618;NECKLACE OUTBREAK;1
Konotop;57;BASIC EASY;1
Mukateve;968;WEREWOLF LOLA;1
Jalib al-Shuyukh;260;DUDE BLINDNESS;1
Santa Brbara dOeste;3;ADAPTATION HOLES;1
Kragujevac;305;FATAL HAUNTED;1
Cuauhtmoc;578;MILLION ACE;1
Talavera;334;FREDDY STORM;1
Tongliao;430;HOOK CHARIOTS;1
Shubra al-Khayma;121;CAROL TEXAS;1
Southend-on-Sea;865;SUNRISE LEAGUE;1
Ahmadnagar;490;JUMANJI BLADE;1
Zapopan;738;ROCKETEER MOTHER;1
Sivas;411;HEAVENLY GUN;1
Akron;938;VELVET TERMINATOR;1
Santiago de los Caballeros;920;UNBREAKABLE KARATE;1
Alessandria;882;TENENBAUMS COMMAND;1
Kabul;484;JERK PAYCHECK;1
Citt del Vaticano;628;NORTHWEST POLISH;1
Davao;984;WONDERFUL DROP;1
Mwanza;856;STREETCAR INTENTIONS;1
Caracas;489;JUGGLER HARDLY;1
Yingkou;234;DISTURBING SCARFACE;1
Omdurman;61;BEAUTY GREASE;1
Shenzhen;980;WIZARD COLDBLOODED;1
Bamenda;612;MUSSOLINI SPOILERS;1
Matamoros;729;RIDER CADDYSHACK;1
Sucre;113;CALIFORNIA BIRDS;1
Coquimbo;746;ROUGE SQUAD;1
Clarksville;592;MONSTER SPARTACUS;1
Celaya;882;TENENBAUMS COMMAND;1
Dundee;750;RUN PACIFIC;1
Tete;670;PELICAN COMFORTS;1
Botshabelo;353;GENTLEMEN STAGE;1
Kragujevac;516;LEGEND JEDI;1
Warren;19;AMADEUS HOLY;1
Ahmadnagar;697;PRIMARY GLASS;1
Sawhaj;85;BONNIE HOLOCAUST;1
Garden Grove;252;DREAM PICKUP;1
Juazeiro do Norte;365;GOLD RIVER;1
Tuguegarao;637;OPEN AFRICAN;1
Bellevue;201;CYCLONE FAMILY;1
Sanya;158;CLONES PINOCCHIO;1
Valle de la Pascua;317;FIREBALL PHILADELPHIA;1
Araatuba;309;FEUD FROGMEN;1
Ourense (Orense);189;CREATURES SHAKESPEARE;1
Esfahan;383;GROOVE FICTION;1
Tallahassee;369;GOODFELLAS SALUTE;1
Nakhon Sawan;133;CHAMBER ITALIAN;1
Dundee;280;EMPIRE MALKOVICH;1
Pemalang;405;HAUNTED ANTITRUST;1
Mysore;167;COMA HEAD;1
Balikesir;658;PARIS WEEKEND;1
Denizli;706;QUEEN LUKE;1
Le Mans;545;MADNESS ATTACKS;1
Yerevan;453;IMAGE PRINCESS;1
Wroclaw;568;MEMENTO ZOOLANDER;1
Zapopan;710;RAGE GAMES;1
Lima;716;REAP UNFAITHFUL;1
Sincelejo;210;DARKO DORADO;1
Zanzibar;22;AMISTAD MIDSUMMER;1
Ocumare del Tuy;493;KANE EXORCIST;1
Pune;228;DETECTIVE VISION;1
Tarlac;555;MALLRATS UNITED;1
Otsu;216;DAY UNFAITHFUL;1
Kalisz;559;MARRIED GO;1
guas Lindas de Gois;697;PRIMARY GLASS;1
Czestochowa;853;STRANGER STRANGERS;1
Hsichuh;978;WISDOM WORKER;1
Nanyang;23;ANACONDA CONFESSIONS;1
Hunuco;256;DROP WATERFRONT;1
Maring;587;MOD SECRETARY;1
Ciomas;916;TURN STAR;1
Isesaki;664;PATRIOT ROMAN;1
Pyongyang;884;TERMINATOR CLUB;1
Tete;270;EARTH VISION;1
Bradford;174;CONFIDENTIAL INTERVIEW;1
Lancaster;225;DESTINATION JERK;1
al-Ayn;91;BOUND CHEAPER;1
Santa F;271;EASY GLADIATOR;1
Sokoto;879;TELEGRAPH VOYAGE;1
Tandil;511;LAWRENCE LOVE;1
Ibirit;174;CONFIDENTIAL INTERVIEW;1
Hiroshima;50;BAKED CLEOPATRA;1
Southend-on-Sea;816;SNOWMAN ROLLERCOASTER;1
Korla;810;SLUMS DUCK;1
Aurora;672;PERFECT GROOVE;1
Liaocheng;159;CLOSER BANG;1
Battambang;521;LIES TREATMENT;1
Huejutla de Reyes;798;SILVERADO GOLDFINGER;1
Weifang;825;SPEAKEASY DATE;1
Erlangen;29;ANTITRUST TOMATOES;1
Cape Coral;832;SPLASH GUMP;1
San Juan Bautista Tuxtepec;234;DISTURBING SCARFACE;1
Rockford;932;VALLEY PACKER;1
Salamanca;598;MOSQUITO ARMAGEDDON;1
Tarlac;951;VOYAGE LEGALLY;1
Lapu-Lapu;785;SHAWSHANK BUBBLE;1
Tongliao;672;PERFECT GROOVE;1
Escobar;319;FISH OPUS;1
Liaocheng;717;REAR TRADING;1
Baha Blanca;579;MINDS TRUMAN;1
Zhoushan;738;ROCKETEER MOTHER;1
Purnea (Purnia);856;STREETCAR INTENTIONS;1
Ogbomosho;786;SHEPHERD MIDSUMMER;1
Tuguegarao;34;ARABIA DOGMA;1
Ourense (Orense);415;HIGH ENCINO;1
Idfu;818;SOMETHING DUCK;1
Bijapur;391;HALF OUTFIELD;1
Portoviejo;205;DANCES NONE;1
Apeldoorn;220;DEER VIRGINIAN;1
Sungai Petani;158;CLONES PINOCCHIO;1
Batman;360;GLASS DYING;1
Miyakonojo;775;SEATTLE EXPECATIONS;1
Patiala;429;HONEY TIES;1
Sagamihara;139;CHASING FIGHT;1
Kamyin;804;SLEEPING SUSPECTS;1
Garland;688;POLISH BROOKLYN;1
Florencia;380;GREEK EVERYONE;1
Sivas;263;DURHAM PANKY;1
Aden;551;MAIDEN HOME;1
Ozamis;471;ISLAND EXORCIST;1
Hsichuh;15;ALIEN CENTER;1
Springs;734;ROAD ROXANNE;1
Dallas;979;WITCHES PANIC;1
Citrus Heights;329;FORREST SONS;1
A Corua (La Corua);149;CHRISTMAS MOONSHINE;1
Santa F;782;SHAKESPEARE SADDLE;1
Kolpino;303;FANTASY TROOPERS;1
Bamenda;837;STAGE WORLD;1
Omiya;908;TRAP GUYS;1
Haiphong;152;CIRCUS YOUTH;1
Lhokseumawe;434;HORROR REIGN;1
Kamyin;762;SASSY PACKER;1
Bhilwara;823;SOUTH WAIT;1
Usak;553;MAKER GABLES;1
Allende;381;GRINCH MASSAGE;1
Avellaneda;867;SUPER WYOMING;1
Ueda;573;MICROCOSMOS PARADISE;1
Pavlodar;282;ENCOUNTERS CURTAIN;1
Kisumu;988;WORKER TARZAN;1
Ipoh;890;TIGHTS DAWN;1
Phnom Penh;898;TOURIST PELICAN;1
Balurghat;200;CURTAIN VIDEOTAPE;1
Sokoto;149;CHRISTMAS MOONSHINE;1
Varanasi (Benares);27;ANONYMOUS HUMAN;1
Sorocaba;907;TRANSLATION SUMMER;1
Shimonoseki;731;RIGHT CRANES;1
Nam Dinh;657;PARADISE SABRINA;1
Ondo;670;PELICAN COMFORTS;1
Pathankot;933;VAMPIRE WHALE;1
Hamilton;421;HOLIDAY GAMES;1
San Juan Bautista Tuxtepec;471;ISLAND EXORCIST;1
South Hill;604;MULAN MOON;1
Erlangen;444;HUSTLER PARTY;1
Ashgabat;941;VIDEOTAPE ARSENIC;1
Lungtan;473;JACKET FRISCO;1
Molodetno;8;AIRPORT POLLOCK;1
Coacalco de Berriozbal;827;SPICE SORORITY;1
Lhokseumawe;564;MASSAGE IMAGE;1
Tokat;686;PLUTO OLEANDER;1
Katihar;235;DIVIDE MONSTER;1
Plock;869;SUSPECTS QUILLS;1
Masqat;928;UPTOWN YOUNG;1
Kursk;900;TOWN ARK;1
Acua;85;BONNIE HOLOCAUST;1
Szkesfehrvr;496;KICK SAVANNAH;1
Tanshui;599;MOTHER OLEANDER;1
Kamarhati;147;CHOCOLAT HARRY;1
Callao;962;WASTELAND DIVINE;1
Kermanshah;864;SUNDANCE INVASION;1
guas Lindas de Gois;285;ENGLISH BULWORTH;1
Tegal;792;SHREK LICENSE;1
Nuuk;451;IGBY MAKER;1
Wroclaw;320;FLAMINGOS CONNECTICUT;1
Ikerre;743;ROOM ROMAN;1
Ashgabat;382;GRIT CLOCKWORK;1
Qinhuangdao;418;HOBBIT ALIEN;1
Lima;807;SLEUTH ORIENT;1
Shenzhen;905;TRAINSPOTTING STRANGERS;1
Arak;835;SPY MILE;1
Eskisehir;222;DESERT POSEIDON;1
Ogbomosho;608;MURDER ANTITRUST;1
Halifax;855;STREAK RIDGEMONT;1
Ahmadnagar;129;CAUSE DATE;1
Jamalpur;220;DEER VIRGINIAN;1
Greensboro;409;HEARTBREAKERS BRIGHT;1
Blumenau;516;LEGEND JEDI;1
Ikerre;840;STAMPEDE DISTURBING;1
Anpolis;601;MOULIN WAKE;1
Chandrapur;380;GREEK EVERYONE;1
Bhimavaram;673;PERSONAL LADYBUGS;1
Araatuba;796;SIERRA DIVIDE;1
Trshavn;498;KILLER INNOCENT;1
Liaocheng;693;POTTER CONNECTICUT;1
Gingoog;865;SUNRISE LEAGUE;1
al-Hawiya;277;ELEPHANT TROJAN;1
Jinchang;155;CLEOPATRA DEVIL;1
Dongying;719;RECORDS ZORRO;1
Sumy;295;EXPENDABLE STALLION;1
Oshawa;892;TITANIC BOONDOCK;1
Tel Aviv-Jaffa;487;JINGLE SAGEBRUSH;1
Sirjan;646;OUTBREAK DIVINE;1
Ashqelon;228;DETECTIVE VISION;1
Joliet;958;WARDROBE PHANTOM;1
Newcastle;930;VACATION BOONDOCK;1
Karnal;445;HYDE DOCTOR;1
Tsuyama;374;GRAFFITI LOVE;1
Cavite;579;MINDS TRUMAN;1
Cheju;895;TOMORROW HUSTLER;1
Batna;875;TALENTED HOMICIDE;1
Ambattur;920;UNBREAKABLE KARATE;1
Emmen;139;CHASING FIGHT;1
Tambaram;670;PELICAN COMFORTS;1
Wroclaw;922;UNDEFEATED DALMATIONS;1
Izumisano;95;BREAKFAST GOLDFINGER;1
Najafabad;858;SUBMARINE BED;1
Kamarhati;114;CAMELOT VACATION;1
Belm;563;MASSACRE USUAL;1
Changzhou;4;AFFAIR PREJUDICE;1
Kurashiki;174;CONFIDENTIAL INTERVIEW;1
Purwakarta;130;CELEBRITY HORN;1
Southport;971;WHALE BIKINI;1
Fontana;778;SECRETS PARADISE;1
Yuncheng;298;EYES DRIVING;1
Hsichuh;944;VIRGIN DAISY;1
Nantou;951;VOYAGE LEGALLY;1
Vijayawada;561;MASK PEACH;1
Sterling Heights;251;DRAGONFLY STRANGERS;1
Gatineau;547;MAGIC MALLRATS;1
Mexicali;330;FORRESTER COMANCHEROS;1
Bratislava;783;SHANE DARKNESS;1
Uttarpara-Kotrung;247;DOWNHILL ENOUGH;1
Torren;584;MIXED DOORS;1
Dongying;535;LOVE SUICIDES;1
Hodeida;919;TYCOON GATHERING;1
Etawah;850;STORY SIDE;1
Addis Abeba;357;GILBERT PELICAN;1
Shaoguan;468;INVASION CYCLONE;1
Kamyin;83;BLUES INSTINCT;1
Ueda;730;RIDGEMONT SUBMARINE;1
Inegl;440;HUNGER ROOF;1
Compton;310;FEVER EMPIRE;1
Lungtan;149;CHRISTMAS MOONSHINE;1
Shikarpur;328;FOREVER CANDIDATE;1
Halle/Saale;902;TRADING PINOCCHIO;1
Santa Rosa;328;FOREVER CANDIDATE;1
Lhokseumawe;982;WOMEN DORADO;1
Augusta-Richmond County;803;SLACKER LIAISONS;1
Shenzhen;800;SINNERS ATLANTIS;1
Sambhal;615;NASH CHOCOLAT;1
Zanzibar;179;CONQUERER NUTS;1
Guadalajara;377;GREASE YOUTH;1
Coatzacoalcos;958;WARDROBE PHANTOM;1
Yamuna Nagar;725;REQUIEM TYCOON;1
Hanoi;385;GROUNDHOG UNCUT;1
Tarlac;486;JET NEIGHBORS;1
Patiala;79;BLADE POLISH;1
Acua;991;WORST BANGER;1
Charlotte Amalie;970;WESTWARD SEABISCUIT;1
Madiun;777;SECRETARY ROUGE;1
Onomichi;414;HELLFIGHTERS SIERRA;1
Pak Kret;252;DREAM PICKUP;1
Cape Coral;571;METAL ARMAGEDDON;1
Munger (Monghyr);869;SUSPECTS QUILLS;1
Poos de Caldas;114;CAMELOT VACATION;1
Tabuk;983;WON DARES;1
Tarlac;48;BACKLASH UNDEFEATED;1
Aparecida de Goinia;222;DESERT POSEIDON;1
Tabuk;251;DRAGONFLY STRANGERS;1
Niznekamsk;988;WORKER TARZAN;1
Kowloon and New Kowloon;501;KISSING DOLLS;1
Tonghae;341;FROST HEAD;1
Boksburg;945;VIRGINIAN PLUTO;1
Sincelejo;880;TELEMARK HEARTBREAKERS;1
Adoni;290;EVERYONE CRAFT;1
Botosani;655;PANTHER REDS;1
Sungai Petani;555;MALLRATS UNITED;1
Almirante Brown;54;BANGER PINOCCHIO;1
Battambang;635;OKLAHOMA JUMANJI;1
Ilorin;336;FRENCH HOLIDAY;1
Tokat;993;WRONG BEHAVIOR;1
Mexicali;682;PITTSBURGH HUNCHBACK;1
Kowloon and New Kowloon;516;LEGEND JEDI;1
Roanoke;81;BLINDNESS GUN;1
Akron;22;AMISTAD MIDSUMMER;1
Chandrapur;122;CARRIE BUNCH;1
Ede;89;BORROWERS BEDAZZLED;1
Gandhinagar;111;CADDYSHACK JEDI;1
Charlotte Amalie;666;PAYCHECK WAIT;1
Haining;941;VIDEOTAPE ARSENIC;1
Klerksdorp;410;HEAVEN FREEDOM;1
Changzhou;369;GOODFELLAS SALUTE;1
Zaria;766;SAVANNAH TOWN;1
Callao;578;MILLION ACE;1
Usolje-Sibirskoje;837;STAGE WORLD;1
Bellevue;116;CANDIDATE PERDITION;1
Ciudad del Este;313;FIDELITY DEVIL;1
Kolpino;324;FLINTSTONES HAPPINESS;1
Sokoto;533;LOST BIRD;1
Songkhla;165;COLDBLOODED DARLING;1
Surakarta;560;MARS ROMAN;1
Kabul;452;ILLUSION AMELIE;1
Mit Ghamr;684;PIZZA JUMANJI;1
Halisahar;90;BOULEVARD MOB;1
Songkhla;356;GIANT TROOPERS;1
Qalyub;995;YENTL IDAHO;1
Gatineau;887;THIEF PELICAN;1
Chungho;117;CANDLES GRAPES;1
Gingoog;628;NORTHWEST POLISH;1
Kaliningrad;271;EASY GLADIATOR;1
Portoviejo;285;ENGLISH BULWORTH;1
Tartu;841;STAR OPERATION;1
Tanza;17;ALONE TRIP;1
Coquimbo;633;OCTOBER SUBMARINE;1
Rancagua;585;MOB DUFFEL;1
Bergamo;200;CURTAIN VIDEOTAPE;1
Ashdod;205;DANCES NONE;1
Lancaster;37;ARIZONA BANG;1
Dallas;431;HOOSIERS BIRDCAGE;1
Meixian;556;MALTESE HOPE;1
Nabereznyje Telny;759;SALUTE APOLLO;1
Hsichuh;314;FIGHT JAWBREAKER;1
Rockford;877;TAXI KICK;1
Dallas;543;MADIGAN DORADO;1
Iwakuni;228;DETECTIVE VISION;1
Syrakusa;475;JAPANESE RUN;1
Weifang;96;BREAKING HOME;1
Qalyub;127;CAT CONEHEADS;1
Chandrapur;60;BEAST HUNCHBACK;1
Addis Abeba;398;HANOVER GALAXY;1
Mandi Bahauddin;521;LIES TREATMENT;1
Tiefa;413;HEDWIG ALTER;1
Bijapur;743;ROOM ROMAN;1
Le Mans;309;FEUD FROGMEN;1
Cuman;275;EGYPT TENENBAUMS;1
Jinzhou;72;BILL OTHERS;1
Moscow;418;HOBBIT ALIEN;1
Gulbarga;363;GO PURPLE;1
Nukualofa;1;ACADEMY DINOSAUR;1
Benin City;337;FRIDA SLIPPER;1
Arecibo;959;WARLOCK WEREWOLF;1
Iligan;299;FACTORY DRAGON;1
Uruapan;764;SATURDAY LAMBS;1
Tafuna;347;GAMES BOWFINGER;1
Sivas;739;ROCKY WAR;1
Hanoi;567;MEET CHOCOLATE;1
Zalantun;816;SNOWMAN ROLLERCOASTER;1
Saint-Denis;648;OUTLAW HANKY;1
Santa Brbara dOeste;531;LOSE INCH;1
Bhimavaram;117;CANDLES GRAPES;1
San Miguel de Tucumn;446;HYSTERICAL GRAIL;1
Uruapan;391;HALF OUTFIELD;1
Dhaka;546;MADRE GABLES;1
Bandar Seri Begawan;818;SOMETHING DUCK;1
Bchar;384;GROSSE WONDERFUL;1
Garland;638;OPERATION OPERATION;1
Gaziantep;35;ARACHNOPHOBIA ROLLERCOASTER;1
Sasebo;70;BIKINI BORROWERS;1
Taguig;865;SUNRISE LEAGUE;1
Ashqelon;471;ISLAND EXORCIST;1
Cuernavaca;647;OUTFIELD MASSACRE;1
Cabuyao;279;ELIZABETH SHANE;1
Batman;741;ROMAN PUNK;1
ostka;964;WATERFRONT DELIVERANCE;1
Funafuti;637;OPEN AFRICAN;1
Kragujevac;545;MADNESS ATTACKS;1
Witten;621;NETWORK PEAK;1
Katihar;828;SPIKING ELEMENT;1
al-Qatif;952;WAGON JAWS;1
Citt del Vaticano;744;ROOTS REMEMBER;1
Cuauhtmoc;879;TELEGRAPH VOYAGE;1
Kilis;514;LEBOWSKI SOLDIERS;1
Omiya;616;NATIONAL STORY;1
Hanoi;962;WASTELAND DIVINE;1
Mukateve;707;QUEST MUSSOLINI;1
Uluberia;864;SUNDANCE INVASION;1
Lausanne;500;KISS GLORY;1
Effon-Alaiye;814;SNATCH SLIPPER;1
Oyo;915;TRUMAN CRAZY;1
Ambattur;245;DOUBLE WRATH;1
Maikop;31;APACHE DIVINE;1
Cape Coral;631;NOVOCAINE FLIGHT;1
Rancagua;623;NEWTON LABYRINTH;1
Linz;814;SNATCH SLIPPER;1
Nabereznyje Telny;382;GRIT CLOCKWORK;1
Rizhao;859;SUGAR WONKA;1
Jaipur;483;JERICHO MULAN;1
Rustenburg;341;FROST HEAD;1
London;505;LABYRINTH LEAGUE;1
Bergamo;912;TROJAN TOMORROW;1
Lipetsk;921;UNCUT SUICIDES;1
Otsu;143;CHILL LUCK;1
Kamarhati;433;HORN WORKING;1
Loja;48;BACKLASH UNDEFEATED;1
Lancaster;815;SNATCHERS MONTEZUMA;1
Batman;749;RULES HUMAN;1
Lublin;759;SALUTE APOLLO;1
Lublin;235;DIVIDE MONSTER;1
Tartu;34;ARABIA DOGMA;1
Kalisz;682;PITTSBURGH HUNCHBACK;1
Tianjin;835;SPY MILE;1
Kalisz;562;MASKED BUBBLE;1
Tabuk;441;HUNTER ALTER;1
Robamba;708;QUILLS BULL;1
Dzerzinsk;307;FELLOWSHIP AUTUMN;1
Davao;867;SUPER WYOMING;1
Lhokseumawe;71;BILKO ANONYMOUS;1
Arecibo;451;IGBY MAKER;1
Johannesburg;694;PREJUDICE OLEANDER;1
Leshan;654;PANKY SUBMARINE;1
Maikop;45;ATTRACTION NEWTON;1
Yuzhou;378;GREATEST NORTH;1
Bradford;290;EVERYONE CRAFT;1
Mwanza;133;CHAMBER ITALIAN;1
Beira;616;NATIONAL STORY;1
Shivapuri;617;NATURAL STOCK;1
Halisahar;476;JASON TRAP;1
Hohhot;436;HOURS RAGE;1
Bijapur;228;DETECTIVE VISION;1
al-Qadarif;374;GRAFFITI LOVE;1
Omdurman;12;ALASKA PHANTOM;1
Matamoros;958;WARDROBE PHANTOM;1
Higashiosaka;448;IDAHO LOVE;1
Toulouse;312;FIDDLER LOST;1
Zalantun;35;ARACHNOPHOBIA ROLLERCOASTER;1
Apeldoorn;444;HUSTLER PARTY;1
Boa Vista;500;KISS GLORY;1
Ife;314;FIGHT JAWBREAKER;1
Compton;234;DISTURBING SCARFACE;1
Iwakuni;916;TURN STAR;1
Simferopol;672;PERFECT GROOVE;1
Miraj;621;NETWORK PEAK;1
Higashiosaka;771;SCORPION APOLLO;1
San Bernardino;303;FANTASY TROOPERS;1
Birgunj;856;STREETCAR INTENTIONS;1
Oulu;931;VALENTINE VANISHING;1
Ivanovo;748;RUGRATS SHAKESPEARE;1
Manchester;252;DREAM PICKUP;1
Lipetsk;334;FREDDY STORM;1
Gorontalo;468;INVASION CYCLONE;1
Apeldoorn;455;IMPOSSIBLE PREJUDICE;1
Papeete;350;GARDEN ISLAND;1
London;938;VELVET TERMINATOR;1
Jelets;525;LOATHING LEGALLY;1
Mukateve;103;BUCKET BROTHERHOOD;1
Hagonoy;420;HOLES BRANNIGAN;1
Bhopal;61;BEAUTY GREASE;1
Nukualofa;994;WYOMING STORM;1
Vinh;738;ROCKETEER MOTHER;1
Vijayawada;37;ARIZONA BANG;1
Xinxiang;505;LABYRINTH LEAGUE;1
Hagonoy;258;DRUMS DYNAMITE;1
Palghat (Palakkad);993;WRONG BEHAVIOR;1
Syrakusa;619;NEIGHBORS CHARADE;1
Hubli-Dharwad;614;NAME DETECTIVE;1
El Fuerte;440;HUNGER ROOF;1
Laiwu;483;JERICHO MULAN;1
San Bernardino;175;CONFUSED CANDLES;1
Papeete;70;BIKINI BORROWERS;1
Kuwana;483;JERICHO MULAN;1
Juiz de Fora;638;OPERATION OPERATION;1
al-Manama;103;BUCKET BROTHERHOOD;1
Imus;598;MOSQUITO ARMAGEDDON;1
Iwakuni;430;HOOK CHARIOTS;1
Onomichi;107;BUNCH MINDS;1
Beira;409;HEARTBREAKERS BRIGHT;1
Karnal;519;LIBERTY MAGNIFICENT;1
Sanaa;8;AIRPORT POLLOCK;1
Dos Quebradas;878;TEEN APOLLO;1
Addis Abeba;388;GUNFIGHT MOON;1
Bhilwara;875;TALENTED HOMICIDE;1
Pudukkottai;743;ROOM ROMAN;1
Ranchi;337;FRIDA SLIPPER;1
Daugavpils;667;PEACH INNOCENT;1
Ranchi;978;WISDOM WORKER;1
Cuauhtmoc;270;EARTH VISION;1
Pavlodar;242;DOOM DANCING;1
Inegl;439;HUNCHBACK IMPOSSIBLE;1
Tartu;521;LIES TREATMENT;1
Isesaki;748;RUGRATS SHAKESPEARE;1
Sousse;737;ROCK INSTINCT;1
San Felipe del Progreso;743;ROOM ROMAN;1
Yangor;833;SPLENDOR PATTON;1
Junan;587;MOD SECRETARY;1
Duisburg;719;RECORDS ZORRO;1
Springs;476;JASON TRAP;1
Rustenburg;141;CHICAGO NORTH;1
Bergamo;768;SCARFACE BANG;1
Lancaster;228;DETECTIVE VISION;1
Hohhot;534;LOUISIANA HARRY;1
Chapra;180;CONSPIRACY SPIRIT;1
Merlo;765;SATURN NAME;1
Guaruj;266;DYNAMITE TARZAN;1
Nam Dinh;938;VELVET TERMINATOR;1
Kurgan;753;RUSH GOODFELLAS;1
Chungho;906;TRAMP OTHERS;1
Taguig;929;USUAL UNTOUCHABLES;1
Sogamoso;775;SEATTLE EXPECATIONS;1
Abu Dhabi;965;WATERSHIP FRONTIER;1
Kanazawa;439;HUNCHBACK IMPOSSIBLE;1
Yamuna Nagar;949;VOLCANO TEXAS;1
Kuching;147;CHOCOLAT HARRY;1
Shivapuri;348;GANDHI KWAI;1
Poos de Caldas;172;CONEHEADS SMOOCHY;1
Pjatigorsk;847;STOCK GLASS;1
Sharja;13;ALI FOREVER;1
Cianjur;18;ALTER VICTORY;1
Santa Brbara dOeste;619;NEIGHBORS CHARADE;1
Sogamoso;661;PAST SUICIDES;1
Brockton;143;CHILL LUCK;1
Lengshuijiang;957;WAR NOTTING;1
Graz;194;CROW GREASE;1
Tallahassee;885;TEXAS WATCH;1
Naju;666;PAYCHECK WAIT;1
Syrakusa;412;HEAVYWEIGHTS BEAST;1
Nantou;470;ISHTAR ROCKETEER;1
Zeleznogorsk;389;GUNFIGHTER MUSSOLINI;1
Zaria;153;CITIZEN SHREK;1
Jastrzebie-Zdrj;333;FREAKY POCUS;1
Sterling Heights;468;INVASION CYCLONE;1
Koriyama;301;FAMILY SWEET;1
Touliu;678;PICKUP DRIVING;1
Citt del Vaticano;778;SECRETS PARADISE;1
Uttarpara-Kotrung;631;NOVOCAINE FLIGHT;1
Arecibo;405;HAUNTED ANTITRUST;1
Daxian;388;GUNFIGHT MOON;1
Chungho;973;WIFE TURN;1
Aden;406;HAUNTING PIANIST;1
Uijongbu;176;CONGENIALITY QUEST;1
London;1;ACADEMY DINOSAUR;1
Kurgan;972;WHISPERER GIANT;1
Tokat;636;OLEANDER CLUE;1
Kamarhati;551;MAIDEN HOME;1
Nakhon Sawan;84;BOILED DARES;1
Surakarta;877;TAXI KICK;1
Greensboro;184;CORE SUIT;1
Cavite;180;CONSPIRACY SPIRIT;1
Ondo;657;PARADISE SABRINA;1
Lublin;427;HOMEWARD CIDER;1
Daxian;155;CLEOPATRA DEVIL;1
Kingstown;527;LOLA AGENT;1
Tabuk;581;MINORITY KISS;1
Jamalpur;154;CLASH FREDDY;1
Cavite;314;FIGHT JAWBREAKER;1
Shanwei;381;GRINCH MASSAGE;1
Dallas;412;HEAVYWEIGHTS BEAST;1
Okara;792;SHREK LICENSE;1
Sanaa;210;DARKO DORADO;1
Pachuca de Soto;160;CLUB GRAFFITI;1
Buenaventura;309;FEUD FROGMEN;1
Pudukkottai;631;NOVOCAINE FLIGHT;1
Moscow;6;AGENT TRUMAN;1
Nam Dinh;215;DAWN POND;1
Valle de la Pascua;767;SCALAWAG DUCK;1
Jedda;580;MINE TITANS;1
Jos Azueta;285;ENGLISH BULWORTH;1
Hanoi;258;DRUMS DYNAMITE;1
Dhaka;440;HUNGER ROOF;1
Mannheim;489;JUGGLER HARDLY;1
San Lorenzo;159;CLOSER BANG;1
Siliguri (Shiliguri);142;CHICKEN HELLFIGHTERS;1
Kermanshah;514;LEBOWSKI SOLDIERS;1
Ikerre;487;JINGLE SAGEBRUSH;1
Lilongwe;391;HALF OUTFIELD;1
Poos de Caldas;186;CRAFT OUTFIELD;1
Miyakonojo;199;CUPBOARD SINNERS;1
Balurghat;464;INTENTIONS EMPIRE;1
Hodeida;347;GAMES BOWFINGER;1
Antofagasta;115;CAMPUS REMEMBER;1
Osmaniye;583;MISSION ZOOLANDER;1
Klerksdorp;471;ISLAND EXORCIST;1
Shanwei;706;QUEEN LUKE;1
Jaroslavl;515;LEGALLY SECRETARY;1
Mogiljov;949;VOLCANO TEXAS;1
Sogamoso;10;ALADDIN CALENDAR;1
Fukuyama;92;BOWFINGER GABLES;1
Nha Trang;492;JUNGLE CLOSER;1
Xiangfan;753;RUSH GOODFELLAS;1
Sal;644;OSCAR GOLD;1
Usak;524;LION UNCUT;1
Southport;966;WEDDING APOLLO;1
Chatsworth;733;RIVER OUTLAW;1
Koriyama;401;HAROLD FRENCH;1
Ogbomosho;962;WASTELAND DIVINE;1
Monclova;881;TEMPLE ATTRACTION;1
Arecibo;236;DIVINE RESURRECTION;1
Pune;391;HALF OUTFIELD;1
Tanauan;130;CELEBRITY HORN;1
al-Hawiya;89;BORROWERS BEDAZZLED;1
Lublin;4;AFFAIR PREJUDICE;1
Rizhao;689;POLLOCK DELIVERANCE;1
Vicente Lpez;228;DETECTIVE VISION;1
Junan;564;MASSAGE IMAGE;1
Malm;571;METAL ARMAGEDDON;1
Imus;835;SPY MILE;1
Baku;382;GRIT CLOCKWORK;1
Cape Coral;605;MULHOLLAND BEAST;1
Emeishan;266;DYNAMITE TARZAN;1
Jakarta;13;ALI FOREVER;1
Tanza;984;WONDERFUL DROP;1
Dhaka;8;AIRPORT POLLOCK;1
Sasebo;764;SATURDAY LAMBS;1
Valencia;232;DIRTY ACE;1
Pachuca de Soto;774;SEARCHERS WAIT;1
Bucuresti;51;BALLOON HOMEWARD;1
Maring;559;MARRIED GO;1
Kingstown;313;FIDELITY DEVIL;1
Rae Bareli;434;HORROR REIGN;1
Nuuk;835;SPY MILE;1
Bilbays;375;GRAIL FRANKENSTEIN;1
Roanoke;480;JEEPERS WEDDING;1
Lausanne;280;EMPIRE MALKOVICH;1
Kowloon and New Kowloon;614;NAME DETECTIVE;1
Jurez;603;MOVIE SHAKESPEARE;1
Pemalang;598;MOSQUITO ARMAGEDDON;1
Otsu;369;GOODFELLAS SALUTE;1
Myingyan;543;MADIGAN DORADO;1
Plock;628;NORTHWEST POLISH;1
Ljubertsy;152;CIRCUS YOUTH;1
Nezahualcyotl;820;SONS INTERVIEW;1
Atinsk;69;BEVERLY OUTLAW;1
Paarl;282;ENCOUNTERS CURTAIN;1
Czestochowa;727;RESURRECTION SILVERADO;1
Oyo;506;LADY STAGE;1
Monclova;632;NUTS TIES;1
Shivapuri;71;BILKO ANONYMOUS;1
Sambhal;43;ATLANTIS CAUSE;1
Kirovo-Tepetsk;469;IRON MOON;1
Teboksary;721;REDS POCUS;1
Tuguegarao;324;FLINTSTONES HAPPINESS;1
Yuncheng;90;BOULEVARD MOB;1
Sungai Petani;152;CIRCUS YOUTH;1
Pontianak;834;SPOILERS HELLFIGHTERS;1
Halifax;986;WONKA SEA;1
Soshanguve;805;SLEEPLESS MONSOON;1
Trshavn;774;SEARCHERS WAIT;1
Iwaki;129;CAUSE DATE;1
Uluberia;28;ANTHEM LUKE;1
Toulouse;595;MOON BUNCH;1
Cabuyao;26;ANNIE IDENTITY;1
Mannheim;218;DECEIVER BETRAYED;1
Mwene-Ditu;184;CORE SUIT;1
Ambattur;663;PATIENT SISTER;1
Bijapur;898;TOURIST PELICAN;1
Tel Aviv-Jaffa;1;ACADEMY DINOSAUR;1
Molodetno;406;HAUNTING PIANIST;1
Soshanguve;456;INCH JET;1
Arlington;35;ARACHNOPHOBIA ROLLERCOASTER;1
Pangkal Pinang;64;BEETHOVEN EXORCIST;1
Juiz de Fora;100;BROOKLYN DESERT;1
Ivanovo;745;ROSES TREASURE;1
Southampton;810;SLUMS DUCK;1
Jurez;414;HELLFIGHTERS SIERRA;1
Lima;471;ISLAND EXORCIST;1
Bhusawal;109;BUTTERFLY CHOCOLAT;1
Sunnyvale;287;ENTRAPMENT SATISFACTION;1
Eskisehir;81;BLINDNESS GUN;1
Athenai;312;FIDDLER LOST;1
Tiefa;733;RIVER OUTLAW;1
Jedda;193;CROSSROADS CASUALTIES;1
Birgunj;923;UNFAITHFUL KILL;1
Qinhuangdao;346;GALAXY SWEETHEARTS;1
Plock;163;CLYDE THEORY;1
Kingstown;640;OPUS ICE;1
Ivanovo;345;GABLES METROPOLIS;1
Lhokseumawe;639;OPPOSITE NECKLACE;1
Zhezqazghan;351;GASLIGHT CRUSADE;1
Changzhou;716;REAP UNFAITHFUL;1
Rockford;449;IDENTITY LOVER;1
Torren;206;DANCING FEVER;1
Antofagasta;44;ATTACKS HATE;1
Jamalpur;951;VOYAGE LEGALLY;1
Merlo;759;SALUTE APOLLO;1
Tandil;698;PRINCESS GIANT;1
Datong;412;HEAVYWEIGHTS BEAST;1
Pontianak;150;CIDER DESIRE;1
Nador;547;MAGIC MALLRATS;1
Tallahassee;280;EMPIRE MALKOVICH;1
Rajkot;239;DOGMA FAMILY;1
Moscow;139;CHASING FIGHT;1
Udaipur;240;DOLLS RAGE;1
Lilongwe;537;LOVER TRUMAN;1
Faaa;888;THIN SAGEBRUSH;1
Najafabad;260;DUDE BLINDNESS;1
Sharja;230;DIARY PANIC;1
Valparai;369;GOODFELLAS SALUTE;1
Karnal;380;GREEK EVERYONE;1
Xiangtan;560;MARS ROMAN;1
Balurghat;387;GUN BONNIE;1
Pavlodar;68;BETRAYED REAR;1
Cape Coral;678;PICKUP DRIVING;1
Effon-Alaiye;544;MADISON TRAP;1
Deba Habe;993;WRONG BEHAVIOR;1
Sharja;557;MANCHURIAN CURTAIN;1
Tabuk;187;CRANES RESERVOIR;1
Novi Sad;563;MASSACRE USUAL;1
Mosul;855;STREAK RIDGEMONT;1
Jinzhou;113;CALIFORNIA BIRDS;1
Etawah;444;HUSTLER PARTY;1
Onomichi;338;FRISCO FORREST;1
Kolpino;879;TELEGRAPH VOYAGE;1
San Felipe del Progreso;976;WIND PHANTOM;1
Rio Claro;519;LIBERTY MAGNIFICENT;1
Brindisi;882;TENENBAUMS COMMAND;1
Brockton;488;JOON NORTHWEST;1
Liepaja;835;SPY MILE;1
Kamakura;846;STING PERSONAL;1
Allappuzha (Alleppey);736;ROBBERY BRIGHT;1
Tianjin;467;INTRIGUE WORST;1
Huaian;735;ROBBERS JOON;1
al-Ayn;321;FLASH WARS;1
Molodetno;714;RANDOM GO;1
Baiyin;935;VANISHED GARDEN;1
Ourense (Orense);846;STING PERSONAL;1
Songkhla;156;CLERKS ANGELS;1
Chapra;454;IMPACT ALADDIN;1
Bydgoszcz;21;AMERICAN CIRCUS;1
Dayton;651;PACKER MADIGAN;1
Aparecida de Goinia;871;SWEDEN SHINING;1
Hoshiarpur;123;CASABLANCA SUPER;1
Hidalgo;418;HOBBIT ALIEN;1
Hiroshima;184;CORE SUIT;1
Yaound;716;REAP UNFAITHFUL;1
Tuguegarao;746;ROUGE SQUAD;1
Chungho;790;SHOOTIST SUPERFLY;1
Valle de la Pascua;788;SHIP WONDERLAND;1
Ife;44;ATTACKS HATE;1
Suihua;767;SCALAWAG DUCK;1
Okayama;922;UNDEFEATED DALMATIONS;1
Kitwe;193;CROSSROADS CASUALTIES;1
Cabuyao;247;DOWNHILL ENOUGH;1
Vitria de Santo Anto;571;METAL ARMAGEDDON;1
Xintai;65;BEHAVIOR RUNAWAY;1
La Romana;624;NIGHTMARE CHILL;1
Kuching;438;HUMAN GRAFFITI;1
Le Mans;184;CORE SUIT;1
Cuauhtmoc;273;EFFECT GLADIATOR;1
San Felipe de Puerto Plata;374;GRAFFITI LOVE;1
Brescia;385;GROUNDHOG UNCUT;1
Toulon;501;KISSING DOLLS;1
Santo Andr;186;CRAFT OUTFIELD;1
Sungai Petani;367;GOLDMINE TYCOON;1
Korla;259;DUCK RACER;1
Shahr-e Kord;406;HAUNTING PIANIST;1
Bandar Seri Begawan;306;FEATHERS METAL;1
Yingkou;830;SPIRIT FLINTSTONES;1
Madiun;877;TAXI KICK;1
London;142;CHICKEN HELLFIGHTERS;1
Torren;204;DALMATIONS SWEDEN;1
Enshi;416;HIGHBALL POTTER;1
Kurashiki;24;ANALYZE HOOSIERS;1
Gatineau;848;STONE FIRE;1
Urawa;18;ALTER VICTORY;1
Imus;925;UNITED PILOT;1
Tokat;97;BRIDE INTRIGUE;1
El Alto;907;TRANSLATION SUMMER;1
Ondo;244;DORADO NOTTING;1
Jalib al-Shuyukh;306;FEATHERS METAL;1
Addis Abeba;442;HUNTING MUSKETEERS;1
Tanauan;582;MIRACLE VIRTUAL;1
Parbhani;376;GRAPES FURY;1
al-Manama;417;HILLS NEIGHBORS;1
Sorocaba;31;APACHE DIVINE;1
Qinhuangdao;223;DESIRE ALIEN;1
s-Hertogenbosch;979;WITCHES PANIC;1
Halisahar;161;CLUE GRAIL;1
Oulu;264;DWARFS ALTER;1
Tanza;744;ROOTS REMEMBER;1
Bellevue;176;CONGENIALITY QUEST;1
Laredo;790;SHOOTIST SUPERFLY;1
Jaipur;911;TRIP NEWTON;1
Shanwei;616;NATIONAL STORY;1
Kanazawa;249;DRACULA CRYSTAL;1
Omiya;52;BALLROOM MOCKINGBIRD;1
Hidalgo;511;LAWRENCE LOVE;1
El Fuerte;720;REDEMPTION COMFORTS;1
Sungai Petani;845;STEPMOM DREAM;1
Benin City;251;DRAGONFLY STRANGERS;1
Vitria de Santo Anto;237;DIVORCE SHINING;1
Taizz;420;HOLES BRANNIGAN;1
Xintai;342;FUGITIVE MAGUIRE;1
Celaya;316;FIRE WOLVES;1
Sullana;322;FLATLINERS KILLER;1
Huixquilucan;697;PRIMARY GLASS;1
Nanyang;923;UNFAITHFUL KILL;1
San Lorenzo;650;PACIFIC AMISTAD;1
Sincelejo;608;MURDER ANTITRUST;1
Mannheim;667;PEACH INNOCENT;1
Springs;508;LAMBS CINCINATTI;1
Udine;550;MAGUIRE APACHE;1
Urawa;569;MENAGERIE RUSHMORE;1
Elista;22;AMISTAD MIDSUMMER;1
London;234;DISTURBING SCARFACE;1
Jodhpur;40;ARMY FLINTSTONES;1
Botshabelo;348;GANDHI KWAI;1
Vijayawada;254;DRIVER ANNIE;1
Callao;723;REIGN GENTLEMEN;1
Mit Ghamr;625;NONE SPIKING;1
Higashiosaka;535;LOVE SUICIDES;1
Ozamis;910;TREATMENT JEKYLL;1
Luzinia;6;AGENT TRUMAN;1
Cabuyao;202;DADDY PITTSBURGH;1
Batman;304;FARGO GANDHI;1
Salala;981;WOLVES DESIRE;1
Yaound;267;EAGLES PANKY;1
Najafabad;84;BOILED DARES;1
Jedda;730;RIDGEMONT SUBMARINE;1
Ivanovo;593;MONTEREY LABYRINTH;1
Charlotte Amalie;633;OCTOBER SUBMARINE;1
Hidalgo;733;RIVER OUTLAW;1
Baybay;162;CLUELESS BUCKET;1
Emmen;410;HEAVEN FREEDOM;1
Tel Aviv-Jaffa;461;INSECTS STONE;1
Abha;591;MONSOON CAUSE;1
Naala-Porto;320;FLAMINGOS CONNECTICUT;1
Valparai;938;VELVET TERMINATOR;1
Valle de la Pascua;791;SHOW LORD;1
Qalyub;282;ENCOUNTERS CURTAIN;1
Botshabelo;893;TITANS JERK;1
Grand Prairie;489;JUGGLER HARDLY;1
Nagareyama;667;PEACH INNOCENT;1
Gorontalo;523;LIGHTS DEER;1
Crdoba;58;BEACH HEARTBREAKERS;1
San Lorenzo;112;CALENDAR GUNFIGHT;1
Ciparay;277;ELEPHANT TROJAN;1
A Corua (La Corua);317;FIREBALL PHILADELPHIA;1
Ipoh;455;IMPOSSIBLE PREJUDICE;1
Chandrapur;413;HEDWIG ALTER;1
Hsichuh;616;NATIONAL STORY;1
El Monte;851;STRAIGHT HOURS;1
Garden Grove;433;HORN WORKING;1
Ahmadnagar;165;COLDBLOODED DARLING;1
So Bernardo do Campo;729;RIDER CADDYSHACK;1
Ivanovo;451;IGBY MAKER;1
Usak;748;RUGRATS SHAKESPEARE;1
Shimonoseki;944;VIRGIN DAISY;1
Ahmadnagar;59;BEAR GRACELAND;1
Alvorada;103;BUCKET BROTHERHOOD;1
Torren;733;RIVER OUTLAW;1
Zhezqazghan;371;GOSFORD DONNIE;1
Sumy;346;GALAXY SWEETHEARTS;1
Haldia;554;MALKOVICH PET;1
Vijayawada;209;DARKNESS WAR;1
Changzhou;45;ATTRACTION NEWTON;1
So Bernardo do Campo;885;TEXAS WATCH;1
Saint-Denis;331;FORWARD TEMPLE;1
Kermanshah;913;TROOPERS METAL;1
Pachuca de Soto;101;BROTHERHOOD BLANKET;1
Mogiljov;67;BERETS AGENT;1
Hunuco;134;CHAMPION FLATLINERS;1
Korla;791;SHOW LORD;1
Leshan;293;EXORCIST STING;1
Yaound;545;MADNESS ATTACKS;1
Cheju;965;WATERSHIP FRONTIER;1
Kabul;849;STORM HAPPINESS;1
Memphis;763;SATISFACTION CONFIDENTIAL;1
Poos de Caldas;893;TITANS JERK;1
Xiangtan;150;CIDER DESIRE;1
Kamyin;906;TRAMP OTHERS;1
Ocumare del Tuy;989;WORKING MICROCOSMOS;1
Salinas;896;TOOTSIE PILOT;1
Ezeiza;79;BLADE POLISH;1
Zhoushan;547;MAGIC MALLRATS;1
Usak;544;MADISON TRAP;1
Leshan;582;MIRACLE VIRTUAL;1
Clarksville;488;JOON NORTHWEST;1
Masqat;609;MUSCLE BRIGHT;1
Angra dos Reis;748;RUGRATS SHAKESPEARE;1
Tabriz;88;BORN SPINAL;1
NDjamna;258;DRUMS DYNAMITE;1
Brindisi;877;TAXI KICK;1
Osmaniye;112;CALENDAR GUNFIGHT;1
Boksburg;100;BROOKLYN DESERT;1
Arak;413;HEDWIG ALTER;1
Basel;469;IRON MOON;1
Barcelona;255;DRIVING POLISH;1
Linz;140;CHEAPER CLYDE;1
Berhampore (Baharampur);335;FREEDOM CLEOPATRA;1
Rajkot;975;WILLOW TRACY;1
Tabuk;699;PRIVATE DROP;1
Mahajanga;986;WONKA SEA;1
Mexicali;753;RUSH GOODFELLAS;1
Allappuzha (Alleppey);313;FIDELITY DEVIL;1
Tonghae;35;ARACHNOPHOBIA ROLLERCOASTER;1
Palghat (Palakkad);387;GUN BONNIE;1
Dundee;773;SEABISCUIT PUNK;1
Abha;187;CRANES RESERVOIR;1
Kuwana;260;DUDE BLINDNESS;1
Daugavpils;767;SCALAWAG DUCK;1
Sultanbeyli;124;CASPER DRAGONFLY;1
Garden Grove;181;CONTACT ANONYMOUS;1
Huejutla de Reyes;987;WORDS HUNTER;1
Urawa;838;STAGECOACH ARMAGEDDON;1
Cavite;436;HOURS RAGE;1
Dhule (Dhulia);356;GIANT TROOPERS;1
Araatuba;672;PERFECT GROOVE;1
Battambang;856;STREETCAR INTENTIONS;1
Lausanne;162;CLUELESS BUCKET;1
Cianjur;698;PRINCESS GIANT;1
Birgunj;861;SUIT WALLS;1
Pune;687;POCUS PULP;1
Kilis;269;EARRING INSTINCT;1
Ziguinchor;411;HEAVENLY GUN;1
Valencia;521;LIES TREATMENT;1
London;299;FACTORY DRAGON;1
Isesaki;374;GRAFFITI LOVE;1
Bhopal;812;SMOKING BARBARELLA;1
Berhampore (Baharampur);579;MINDS TRUMAN;1
Mandaluyong;270;EARTH VISION;1
Mannheim;633;OCTOBER SUBMARINE;1
Kamarhati;338;FRISCO FORREST;1
Ciomas;650;PACIFIC AMISTAD;1
Jedda;392;HALL CASSIDY;1
Mandaluyong;284;ENEMY ODDS;1
Ogbomosho;756;SADDLE ANTITRUST;1
Xintai;306;FEATHERS METAL;1
Tabriz;43;ATLANTIS CAUSE;1
Banjul;871;SWEDEN SHINING;1
Bayugan;967;WEEKEND PERSONAL;1
Citt del Vaticano;483;JERICHO MULAN;1
Rampur;849;STORM HAPPINESS;1
Maikop;223;DESIRE ALIEN;1
Donostia-San Sebastin;134;CHAMPION FLATLINERS;1
Huixquilucan;760;SAMURAI LION;1
Zaria;234;DISTURBING SCARFACE;1
Pachuca de Soto;861;SUIT WALLS;1
Salala;654;PANKY SUBMARINE;1
Bijapur;24;ANALYZE HOOSIERS;1
Mexicali;873;SWEETHEARTS SUSPECTS;1
Mogiljov;732;RINGS HEARTBREAKERS;1
Tiefa;160;CLUB GRAFFITI;1
Lausanne;908;TRAP GUYS;1
Ogbomosho;3;ADAPTATION HOLES;1
Arecibo;226;DESTINY SATURDAY;1
Antofagasta;723;REIGN GENTLEMEN;1
Atinsk;977;WINDOW SIDE;1
Qinhuangdao;574;MIDNIGHT WESTWARD;1
Tandil;835;SPY MILE;1
Kansas City;575;MIDSUMMER GROUNDHOG;1
Parbhani;776;SECRET GROUNDHOG;1
Hohhot;964;WATERFRONT DELIVERANCE;1
Tama;394;HAMLET WISDOM;1
Kamjanets-Podilskyi;411;HEAVENLY GUN;1
Kamarhati;40;ARMY FLINTSTONES;1
Shanwei;436;HOURS RAGE;1
Cuauhtmoc;434;HORROR REIGN;1
El Monte;892;TITANIC BOONDOCK;1
Lhokseumawe;931;VALENTINE VANISHING;1
Vinh;705;PURPLE MOVIE;1
Citrus Heights;674;PET HAUNTING;1
Fukuyama;621;NETWORK PEAK;1
Vicente Lpez;35;ARACHNOPHOBIA ROLLERCOASTER;1
Ife;563;MASSACRE USUAL;1
Kansas City;284;ENEMY ODDS;1
Goinia;95;BREAKFAST GOLDFINGER;1
Nezahualcyotl;406;HAUNTING PIANIST;1
Citt del Vaticano;143;CHILL LUCK;1
Stara Zagora;323;FLIGHT LIES;1
Coquimbo;956;WANDA CHAMBER;1
Satna;175;CONFUSED CANDLES;1
Botosani;69;BEVERLY OUTLAW;1
Mannheim;93;BRANNIGAN SUNRISE;1
Nuuk;489;JUGGLER HARDLY;1
Greensboro;397;HANKY OCTOBER;1
Imus;680;PINOCCHIO SIMON;1
Cuauhtmoc;748;RUGRATS SHAKESPEARE;1
Coquimbo;330;FORRESTER COMANCHEROS;1
Shimoga;71;BILKO ANONYMOUS;1
Garden Grove;995;YENTL IDAHO;1
Guaruj;494;KARATE MOON;1
Bislig;164;COAST RAINBOW;1
Lilongwe;895;TOMORROW HUSTLER;1
Huaian;658;PARIS WEEKEND;1
Jurez;873;SWEETHEARTS SUSPECTS;1
Akishima;951;VOYAGE LEGALLY;1
Santo Andr;409;HEARTBREAKERS BRIGHT;1
Lapu-Lapu;317;FIREBALL PHILADELPHIA;1
Beira;175;CONFUSED CANDLES;1
Hiroshima;472;ITALIAN AFRICAN;1
Novi Sad;409;HEARTBREAKERS BRIGHT;1
Lubumbashi;731;RIGHT CRANES;1
Cuman;810;SLUMS DUCK;1
Lipetsk;502;KNOCK WARLOCK;1
Yangor;990;WORLD LEATHERNECKS;1
Ipoh;206;DANCING FEVER;1
Tsuyama;482;JEOPARDY ENCINO;1
Nha Trang;426;HOME PITY;1
Tychy;791;SHOW LORD;1
Sokoto;471;ISLAND EXORCIST;1
Yangor;585;MOB DUFFEL;1
Kursk;48;BACKLASH UNDEFEATED;1
Clarksville;864;SUNDANCE INVASION;1
Cavite;852;STRANGELOVE DESIRE;1
Sagamihara;880;TELEMARK HEARTBREAKERS;1
York;229;DEVIL DESIRE;1
Vicente Lpez;563;MASSACRE USUAL;1
Miraj;187;CRANES RESERVOIR;1
Lengshuijiang;715;RANGE MOONWALKER;1
Birgunj;263;DURHAM PANKY;1
Chisinau;735;ROBBERS JOON;1
Abu Dhabi;560;MARS ROMAN;1
Tanza;628;NORTHWEST POLISH;1
Probolinggo;977;WINDOW SIDE;1
Chungho;499;KING EVOLUTION;1
Tsaotun;800;SINNERS ATLANTIS;1
Hiroshima;999;ZOOLANDER FICTION;1
Citt del Vaticano;412;HEAVYWEIGHTS BEAST;1
Palghat (Palakkad);395;HANDICAP BOONDOCK;1
Vancouver;295;EXPENDABLE STALLION;1
Patiala;272;EDGE KISSING;1
Sokoto;460;INNOCENT USUAL;1
Ziguinchor;61;BEAUTY GREASE;1
Qinhuangdao;439;HUNCHBACK IMPOSSIBLE;1
Erlangen;398;HANOVER GALAXY;1
Bandar Seri Begawan;367;GOLDMINE TYCOON;1
Nuuk;358;GILMORE BOILED;1
Vijayawada;885;TEXAS WATCH;1
Aden;850;STORY SIDE;1
Yerevan;969;WEST LION;1
Koriyama;966;WEDDING APOLLO;1
Santa F;622;NEWSIES STORY;1
Loja;939;VERTIGO NORTHWEST;1
Zanzibar;980;WIZARD COLDBLOODED;1
Springs;602;MOURNING PURPLE;1
Lublin;267;EAGLES PANKY;1
Duisburg;42;ARTIST COLDBLOODED;1
Tarsus;17;ALONE TRIP;1
Mexicali;855;STREAK RIDGEMONT;1
Sogamoso;506;LADY STAGE;1
Palghat (Palakkad);586;MOCKINGBIRD HOLLYWOOD;1
Jodhpur;825;SPEAKEASY DATE;1
Akron;672;PERFECT GROOVE;1
Ezhou;660;PARTY KNOCK;1
Southend-on-Sea;683;PITY BOUND;1
Datong;697;PRIMARY GLASS;1
Xiangfan;357;GILBERT PELICAN;1
